{
	"start":	{
		"connected":	[{
				"socket":	7,
				"local_host":	"10.145.64.217",
				"local_port":	55948,
				"remote_host":	"89.84.1.222",
				"remote_port":	5202
			}],
		"version":	"iperf 3.7",
		"system_info":	"Darwin SAMAC135.local 18.0.0 Darwin Kernel Version 18.0.0: Wed Aug 22 20:13:40 PDT 2018; root:xnu-4903.201.2~1/RELEASE_X86_64 x86_64",
		"timestamp":	{
			"time":	"Wed, 11 Mar 2020 13:43:44 UTC",
			"timesecs":	1583934224
		},
		"connecting_to":	{
			"host":	"bouygues.iperf.fr",
			"port":	5202
		},
		"cookie":	"ljj7yckl2bkckpeuxpb3ztqc7jmk4ifwmoup",
		"tcp_mss_default":	1367,
		"sock_bufsize":	0,
		"sndbuf_actual":	131072,
		"rcvbuf_actual":	131072,
		"test_start":	{
			"protocol":	"TCP",
			"num_streams":	1,
			"blksize":	131072,
			"omit":	0,
			"duration":	10,
			"bytes":	0,
			"blocks":	0,
			"reverse":	0,
			"tos":	0
		}
	},
	"intervals":	[{
			"streams":	[{
					"socket":	7,
					"start":	0,
					"end":	1.000325,
					"seconds":	1.0003249645233154,
					"bytes":	190013,
					"bits_per_second":	1519610.1806020355,
					"omitted":	false,
					"sender":	true
				}],
			"sum":	{
				"start":	0,
				"end":	1.000325,
				"seconds":	1.0003249645233154,
				"bytes":	190013,
				"bits_per_second":	1519610.1806020355,
				"omitted":	false,
				"sender":	true
			}
		}, {
			"streams":	[{
					"socket":	7,
					"start":	1.000325,
					"end":	2.002842,
					"seconds":	1.0025169849395752,
					"bytes":	2095718,
					"bits_per_second":	16723650.822744438,
					"omitted":	false,
					"sender":	true
				}],
			"sum":	{
				"start":	1.000325,
				"end":	2.002842,
				"seconds":	1.0025169849395752,
				"bytes":	2095718,
				"bits_per_second":	16723650.822744438,
				"omitted":	false,
				"sender":	true
			}
		}, {
			"streams":	[{
					"socket":	7,
					"start":	2.002842,
					"end":	3.002833,
					"seconds":	0.99999099969863892,
					"bytes":	4632830,
					"bits_per_second":	37062973.577931538,
					"omitted":	false,
					"sender":	true
				}],
			"sum":	{
				"start":	2.002842,
				"end":	3.002833,
				"seconds":	0.99999099969863892,
				"bytes":	4632830,
				"bits_per_second":	37062973.577931538,
				"omitted":	false,
				"sender":	true
			}
		}, {
			"streams":	[{
					"socket":	7,
					"start":	3.002833,
					"end":	4.000699,
					"seconds":	0.99786597490310669,
					"bytes":	2069464,
					"bits_per_second":	16591117.861902816,
					"omitted":	false,
					"sender":	true
				}],
			"sum":	{
				"start":	3.002833,
				"end":	4.000699,
				"seconds":	0.99786597490310669,
				"bytes":	2069464,
				"bits_per_second":	16591117.861902816,
				"omitted":	false,
				"sender":	true
			}
		}, {
			"streams":	[{
					"socket":	7,
					"start":	4.000699,
					"end":	5.000724,
					"seconds":	1.0000250339508057,
					"bytes":	5946624,
					"bits_per_second":	47571801.089871779,
					"omitted":	false,
					"sender":	true
				}],
			"sum":	{
				"start":	4.000699,
				"end":	5.000724,
				"seconds":	1.0000250339508057,
				"bytes":	5946624,
				"bits_per_second":	47571801.089871779,
				"omitted":	false,
				"sender":	true
			}
		}, {
			"streams":	[{
					"socket":	7,
					"start":	5.000724,
					"end":	6.001693,
					"seconds":	1.0009690523147583,
					"bytes":	7775496,
					"bits_per_second":	62143747.457678385,
					"omitted":	false,
					"sender":	true
				}],
			"sum":	{
				"start":	5.000724,
				"end":	6.001693,
				"seconds":	1.0009690523147583,
				"bytes":	7775496,
				"bits_per_second":	62143747.457678385,
				"omitted":	false,
				"sender":	true
			}
		}, {
			"streams":	[{
					"socket":	7,
					"start":	6.001693,
					"end":	7.00096,
					"seconds":	0.99926698207855225,
					"bytes":	1217823,
					"bits_per_second":	9749730.7273524385,
					"omitted":	false,
					"sender":	true
				}],
			"sum":	{
				"start":	6.001693,
				"end":	7.00096,
				"seconds":	0.99926698207855225,
				"bytes":	1217823,
				"bits_per_second":	9749730.7273524385,
				"omitted":	false,
				"sender":	true
			}
		}, {
			"streams":	[{
					"socket":	7,
					"start":	7.00096,
					"end":	8.000696,
					"seconds":	0.99973601102828979,
					"bytes":	5230316,
					"bits_per_second":	41853576.882723667,
					"omitted":	false,
					"sender":	true
				}],
			"sum":	{
				"start":	7.00096,
				"end":	8.000696,
				"seconds":	0.99973601102828979,
				"bytes":	5230316,
				"bits_per_second":	41853576.882723667,
				"omitted":	false,
				"sender":	true
			}
		}, {
			"streams":	[{
					"socket":	7,
					"start":	8.000696,
					"end":	9.000064,
					"seconds":	0.99936801195144653,
					"bytes":	8288121,
					"bits_per_second":	66346898.446877018,
					"omitted":	false,
					"sender":	true
				}],
			"sum":	{
				"start":	8.000696,
				"end":	9.000064,
				"seconds":	0.99936801195144653,
				"bytes":	8288121,
				"bits_per_second":	66346898.446877018,
				"omitted":	false,
				"sender":	true
			}
		}, {
			"streams":	[{
					"socket":	7,
					"start":	9.000064,
					"end":	10.001612,
					"seconds":	1.0015480518341064,
					"bytes":	7465187,
					"bits_per_second":	59629186.927810125,
					"omitted":	false,
					"sender":	true
				}],
			"sum":	{
				"start":	9.000064,
				"end":	10.001612,
				"seconds":	1.0015480518341064,
				"bytes":	7465187,
				"bits_per_second":	59629186.927810125,
				"omitted":	false,
				"sender":	true
			}
		}],
	"end":	{
		"streams":	[{
				"sender":	{
					"socket":	7,
					"start":	0,
					"end":	10.001612,
					"seconds":	10.001612,
					"bytes":	44911592,
					"bits_per_second":	35923482.734583184,
					"sender":	true
				},
				"receiver":	{
					"socket":	7,
					"start":	0,
					"end":	10.172777,
					"seconds":	10.001612,
					"bytes":	44330443,
					"bits_per_second":	34862018.896118537,
					"sender":	true
				}
			}],
		"sum_sent":	{
			"start":	0,
			"end":	10.001612,
			"seconds":	10.001612,
			"bytes":	44911592,
			"bits_per_second":	35923482.734583184,
			"sender":	true
		},
		"sum_received":	{
			"start":	0,
			"end":	10.172777,
			"seconds":	10.172777,
			"bytes":	44330443,
			"bits_per_second":	34862018.896118537,
			"sender":	true
		},
		"cpu_utilization_percent":	{
			"host_total":	4.6124372436080625,
			"host_user":	1.0458555249086958,
			"host_system":	3.5665081122579196,
			"remote_total":	0.10962193107944215,
			"remote_user":	0.012593893132014955,
			"remote_system":	0.0970483889732263
		},
		"receiver_tcp_congestion":	"cubic"
	}
}
