{
	"start":	{
		"connected":	[{
				"socket":	7,
				"local_host":	"10.145.64.217",
				"local_port":	56026,
				"remote_host":	"89.84.1.222",
				"remote_port":	5202
			}],
		"version":	"iperf 3.7",
		"system_info":	"Darwin SAMAC135.local 18.0.0 Darwin Kernel Version 18.0.0: Wed Aug 22 20:13:40 PDT 2018; root:xnu-4903.201.2~1/RELEASE_X86_64 x86_64",
		"timestamp":	{
			"time":	"Wed, 11 Mar 2020 13:48:12 UTC",
			"timesecs":	1583934492
		},
		"connecting_to":	{
			"host":	"bouygues.iperf.fr",
			"port":	5202
		},
		"cookie":	"enpm236ba34a7gfg4w76xv4r3kpnuwxovyrs",
		"tcp_mss_default":	1367,
		"sock_bufsize":	0,
		"sndbuf_actual":	131072,
		"rcvbuf_actual":	131072,
		"test_start":	{
			"protocol":	"TCP",
			"num_streams":	1,
			"blksize":	131072,
			"omit":	0,
			"duration":	10,
			"bytes":	0,
			"blocks":	0,
			"reverse":	0,
			"tos":	0
		}
	},
	"intervals":	[{
			"streams":	[{
					"socket":	7,
					"start":	0,
					"end":	1.003456,
					"seconds":	1.0034559965133667,
					"bytes":	180444,
					"bits_per_second":	1438580.2715971621,
					"omitted":	false,
					"sender":	true
				}],
			"sum":	{
				"start":	0,
				"end":	1.003456,
				"seconds":	1.0034559965133667,
				"bytes":	180444,
				"bits_per_second":	1438580.2715971621,
				"omitted":	false,
				"sender":	true
			}
		}, {
			"streams":	[{
					"socket":	7,
					"start":	1.003456,
					"end":	2.004298,
					"seconds":	1.0008419752120972,
					"bytes":	2363400,
					"bits_per_second":	18891293.998728629,
					"omitted":	false,
					"sender":	true
				}],
			"sum":	{
				"start":	1.003456,
				"end":	2.004298,
				"seconds":	1.0008419752120972,
				"bytes":	2363400,
				"bits_per_second":	18891293.998728629,
				"omitted":	false,
				"sender":	true
			}
		}, {
			"streams":	[{
					"socket":	7,
					"start":	2.004298,
					"end":	3.00459,
					"seconds":	1.0002919435501099,
					"bytes":	4214604,
					"bits_per_second":	33706991.461249277,
					"omitted":	false,
					"sender":	true
				}],
			"sum":	{
				"start":	2.004298,
				"end":	3.00459,
				"seconds":	1.0002919435501099,
				"bytes":	4214604,
				"bits_per_second":	33706991.461249277,
				"omitted":	false,
				"sender":	true
			}
		}, {
			"streams":	[{
					"socket":	7,
					"start":	3.00459,
					"end":	4.00015,
					"seconds":	0.99555999040603638,
					"bytes":	555002,
					"bits_per_second":	4459817.6330781952,
					"omitted":	false,
					"sender":	true
				}],
			"sum":	{
				"start":	3.00459,
				"end":	4.00015,
				"seconds":	0.99555999040603638,
				"bytes":	555002,
				"bits_per_second":	4459817.6330781952,
				"omitted":	false,
				"sender":	true
			}
		}, {
			"streams":	[{
					"socket":	7,
					"start":	4.00015,
					"end":	5.000064,
					"seconds":	0.99991399049758911,
					"bytes":	5516019,
					"bits_per_second":	44131947.766867854,
					"omitted":	false,
					"sender":	true
				}],
			"sum":	{
				"start":	4.00015,
				"end":	5.000064,
				"seconds":	0.99991399049758911,
				"bytes":	5516019,
				"bits_per_second":	44131947.766867854,
				"omitted":	false,
				"sender":	true
			}
		}, {
			"streams":	[{
					"socket":	7,
					"start":	5.000064,
					"end":	6.003362,
					"seconds":	1.0032980442047119,
					"bytes":	4458980,
					"bits_per_second":	35554579.425375171,
					"omitted":	false,
					"sender":	true
				}],
			"sum":	{
				"start":	5.000064,
				"end":	6.003362,
				"seconds":	1.0032980442047119,
				"bytes":	4458980,
				"bits_per_second":	35554579.425375171,
				"omitted":	false,
				"sender":	true
			}
		}, {
			"streams":	[{
					"socket":	7,
					"start":	6.003362,
					"end":	7.004062,
					"seconds":	1.0006999969482422,
					"bytes":	3807269,
					"bits_per_second":	30436846.300475549,
					"omitted":	false,
					"sender":	true
				}],
			"sum":	{
				"start":	6.003362,
				"end":	7.004062,
				"seconds":	1.0006999969482422,
				"bytes":	3807269,
				"bits_per_second":	30436846.300475549,
				"omitted":	false,
				"sender":	true
			}
		}, {
			"streams":	[{
					"socket":	7,
					"start":	7.004062,
					"end":	8.000095,
					"seconds":	0.99603301286697388,
					"bytes":	7142575,
					"bits_per_second":	57368178.827252857,
					"omitted":	false,
					"sender":	true
				}],
			"sum":	{
				"start":	7.004062,
				"end":	8.000095,
				"seconds":	0.99603301286697388,
				"bytes":	7142575,
				"bits_per_second":	57368178.827252857,
				"omitted":	false,
				"sender":	true
			}
		}, {
			"streams":	[{
					"socket":	7,
					"start":	8.000095,
					"end":	9.000033,
					"seconds":	0.99993801116943359,
					"bytes":	7953206,
					"bits_per_second":	63629592.324017584,
					"omitted":	false,
					"sender":	true
				}],
			"sum":	{
				"start":	8.000095,
				"end":	9.000033,
				"seconds":	0.99993801116943359,
				"bytes":	7953206,
				"bits_per_second":	63629592.324017584,
				"omitted":	false,
				"sender":	true
			}
		}, {
			"streams":	[{
					"socket":	7,
					"start":	9.000033,
					"end":	10.000091,
					"seconds":	1.0000580549240112,
					"bytes":	7484325,
					"bits_per_second":	59871124.186434887,
					"omitted":	false,
					"sender":	true
				}],
			"sum":	{
				"start":	9.000033,
				"end":	10.000091,
				"seconds":	1.0000580549240112,
				"bytes":	7484325,
				"bits_per_second":	59871124.186434887,
				"omitted":	false,
				"sender":	true
			}
		}],
	"end":	{
		"streams":	[{
				"sender":	{
					"socket":	7,
					"start":	0,
					"end":	10.000091,
					"seconds":	10.000091,
					"bytes":	43675824,
					"bits_per_second":	34940341.242894694,
					"sender":	true
				},
				"receiver":	{
					"socket":	7,
					"start":	0,
					"end":	10.172332,
					"seconds":	10.000091,
					"bytes":	42986682,
					"bits_per_second":	33806747.164760254,
					"sender":	true
				}
			}],
		"sum_sent":	{
			"start":	0,
			"end":	10.000091,
			"seconds":	10.000091,
			"bytes":	43675824,
			"bits_per_second":	34940341.242894694,
			"sender":	true
		},
		"sum_received":	{
			"start":	0,
			"end":	10.172332,
			"seconds":	10.172332,
			"bytes":	42986682,
			"bits_per_second":	33806747.164760254,
			"sender":	true
		},
		"cpu_utilization_percent":	{
			"host_total":	4.9428131879058386,
			"host_user":	1.0939377283812859,
			"host_system":	3.8488202199089097,
			"remote_total":	0.11595990353376331,
			"remote_user":	0.027599492134992253,
			"remote_system":	0.0883615414140075
		},
		"receiver_tcp_congestion":	"cubic"
	}
}
