{
	"start":	{
		"connected":	[{
				"socket":	7,
				"local_host":	"10.145.64.217",
				"local_port":	56048,
				"remote_host":	"89.84.1.222",
				"remote_port":	5202
			}],
		"version":	"iperf 3.7",
		"system_info":	"Darwin SAMAC135.local 18.0.0 Darwin Kernel Version 18.0.0: Wed Aug 22 20:13:40 PDT 2018; root:xnu-4903.201.2~1/RELEASE_X86_64 x86_64",
		"timestamp":	{
			"time":	"Wed, 11 Mar 2020 13:49:41 UTC",
			"timesecs":	1583934581
		},
		"connecting_to":	{
			"host":	"bouygues.iperf.fr",
			"port":	5202
		},
		"cookie":	"rhvz2y7bx3zb4andkaygw5kfpiw7nk3ayboo",
		"tcp_mss_default":	1367,
		"sock_bufsize":	0,
		"sndbuf_actual":	131072,
		"rcvbuf_actual":	131072,
		"test_start":	{
			"protocol":	"TCP",
			"num_streams":	1,
			"blksize":	131072,
			"omit":	0,
			"duration":	10,
			"bytes":	0,
			"blocks":	0,
			"reverse":	0,
			"tos":	0
		}
	},
	"intervals":	[{
			"streams":	[{
					"socket":	7,
					"start":	0,
					"end":	1.003922,
					"seconds":	1.0039219856262207,
					"bytes":	188646,
					"bits_per_second":	1503272.1880860291,
					"omitted":	false,
					"sender":	true
				}],
			"sum":	{
				"start":	0,
				"end":	1.003922,
				"seconds":	1.0039219856262207,
				"bytes":	188646,
				"bits_per_second":	1503272.1880860291,
				"omitted":	false,
				"sender":	true
			}
		}, {
			"streams":	[{
					"socket":	7,
					"start":	1.003922,
					"end":	2.001965,
					"seconds":	0.9980430006980896,
					"bytes":	2330692,
					"bits_per_second":	18682096.850494642,
					"omitted":	false,
					"sender":	true
				}],
			"sum":	{
				"start":	1.003922,
				"end":	2.001965,
				"seconds":	0.9980430006980896,
				"bytes":	2330692,
				"bits_per_second":	18682096.850494642,
				"omitted":	false,
				"sender":	true
			}
		}, {
			"streams":	[{
					"socket":	7,
					"start":	2.001965,
					"end":	3.00152,
					"seconds":	0.99955499172210693,
					"bytes":	4533189,
					"bits_per_second":	36281657.637984589,
					"omitted":	false,
					"sender":	true
				}],
			"sum":	{
				"start":	2.001965,
				"end":	3.00152,
				"seconds":	0.99955499172210693,
				"bytes":	4533189,
				"bits_per_second":	36281657.637984589,
				"omitted":	false,
				"sender":	true
			}
		}, {
			"streams":	[{
					"socket":	7,
					"start":	3.00152,
					"end":	4.000351,
					"seconds":	0.99883097410202026,
					"bytes":	2506904,
					"bits_per_second":	20078704.525588296,
					"omitted":	false,
					"sender":	true
				}],
			"sum":	{
				"start":	3.00152,
				"end":	4.000351,
				"seconds":	0.99883097410202026,
				"bytes":	2506904,
				"bits_per_second":	20078704.525588296,
				"omitted":	false,
				"sender":	true
			}
		}, {
			"streams":	[{
					"socket":	7,
					"start":	4.000351,
					"end":	5.002454,
					"seconds":	1.0021029710769653,
					"bytes":	7383341,
					"bits_per_second":	58942773.053073257,
					"omitted":	false,
					"sender":	true
				}],
			"sum":	{
				"start":	4.000351,
				"end":	5.002454,
				"seconds":	1.0021029710769653,
				"bytes":	7383341,
				"bits_per_second":	58942773.053073257,
				"omitted":	false,
				"sender":	true
			}
		}, {
			"streams":	[{
					"socket":	7,
					"start":	5.002454,
					"end":	6.001972,
					"seconds":	0.99951797723770142,
					"bytes":	10385099,
					"bits_per_second":	83120858.145647988,
					"omitted":	false,
					"sender":	true
				}],
			"sum":	{
				"start":	5.002454,
				"end":	6.001972,
				"seconds":	0.99951797723770142,
				"bytes":	10385099,
				"bits_per_second":	83120858.145647988,
				"omitted":	false,
				"sender":	true
			}
		}, {
			"streams":	[{
					"socket":	7,
					"start":	6.001972,
					"end":	7.001262,
					"seconds":	0.99928998947143555,
					"bytes":	10951037,
					"bits_per_second":	87670543.008581057,
					"omitted":	false,
					"sender":	true
				}],
			"sum":	{
				"start":	6.001972,
				"end":	7.001262,
				"seconds":	0.99928998947143555,
				"bytes":	10951037,
				"bits_per_second":	87670543.008581057,
				"omitted":	false,
				"sender":	true
			}
		}, {
			"streams":	[{
					"socket":	7,
					"start":	7.001262,
					"end":	8.000287,
					"seconds":	0.99902498722076416,
					"bytes":	11367972,
					"bits_per_second":	91032533.883862987,
					"omitted":	false,
					"sender":	true
				}],
			"sum":	{
				"start":	7.001262,
				"end":	8.000287,
				"seconds":	0.99902498722076416,
				"bytes":	11367972,
				"bits_per_second":	91032533.883862987,
				"omitted":	false,
				"sender":	true
			}
		}, {
			"streams":	[{
					"socket":	7,
					"start":	8.000287,
					"end":	9.000047,
					"seconds":	0.9997599720954895,
					"bytes":	10236096,
					"bits_per_second":	81908428.308408618,
					"omitted":	false,
					"sender":	true
				}],
			"sum":	{
				"start":	8.000287,
				"end":	9.000047,
				"seconds":	0.9997599720954895,
				"bytes":	10236096,
				"bits_per_second":	81908428.308408618,
				"omitted":	false,
				"sender":	true
			}
		}, {
			"streams":	[{
					"socket":	7,
					"start":	9.000047,
					"end":	10.004497,
					"seconds":	1.0044499635696411,
					"bytes":	11341999,
					"bits_per_second":	90334008.951068118,
					"omitted":	false,
					"sender":	true
				}],
			"sum":	{
				"start":	9.000047,
				"end":	10.004497,
				"seconds":	1.0044499635696411,
				"bytes":	11341999,
				"bits_per_second":	90334008.951068118,
				"omitted":	false,
				"sender":	true
			}
		}],
	"end":	{
		"streams":	[{
				"sender":	{
					"socket":	7,
					"start":	0,
					"end":	10.004497,
					"seconds":	10.004497,
					"bytes":	71224975,
					"bits_per_second":	56954367.620880887,
					"sender":	true
				},
				"receiver":	{
					"socket":	7,
					"start":	0,
					"end":	10.1845,
					"seconds":	10.004497,
					"bytes":	71118175,
					"bits_per_second":	55863851.931857236,
					"sender":	true
				}
			}],
		"sum_sent":	{
			"start":	0,
			"end":	10.004497,
			"seconds":	10.004497,
			"bytes":	71224975,
			"bits_per_second":	56954367.620880887,
			"sender":	true
		},
		"sum_received":	{
			"start":	0,
			"end":	10.1845,
			"seconds":	10.1845,
			"bytes":	71118175,
			"bits_per_second":	55863851.931857236,
			"sender":	true
		},
		"cpu_utilization_percent":	{
			"host_total":	6.01463248404099,
			"host_user":	1.2279182534466908,
			"host_system":	4.7865670687710189,
			"remote_total":	0.64495865569856681,
			"remote_user":	0.0852129409472141,
			"remote_system":	0.55974571475135271
		},
		"receiver_tcp_congestion":	"cubic"
	}
}
