{
	"start":	{
		"connected":	[{
				"socket":	7,
				"local_host":	"10.145.64.217",
				"local_port":	56096,
				"remote_host":	"89.84.1.222",
				"remote_port":	5202
			}],
		"version":	"iperf 3.7",
		"system_info":	"Darwin SAMAC135.local 18.0.0 Darwin Kernel Version 18.0.0: Wed Aug 22 20:13:40 PDT 2018; root:xnu-4903.201.2~1/RELEASE_X86_64 x86_64",
		"timestamp":	{
			"time":	"Wed, 11 Mar 2020 13:52:39 UTC",
			"timesecs":	1583934759
		},
		"connecting_to":	{
			"host":	"bouygues.iperf.fr",
			"port":	5202
		},
		"cookie":	"4icxh3s4r2upuezbw3ev4uvbm7wldoog3r5l",
		"tcp_mss_default":	1367,
		"sock_bufsize":	0,
		"sndbuf_actual":	131072,
		"rcvbuf_actual":	131072,
		"test_start":	{
			"protocol":	"TCP",
			"num_streams":	1,
			"blksize":	131072,
			"omit":	0,
			"duration":	10,
			"bytes":	0,
			"blocks":	0,
			"reverse":	0,
			"tos":	0
		}
	},
	"intervals":	[{
			"streams":	[{
					"socket":	7,
					"start":	0,
					"end":	1.003024,
					"seconds":	1.0030239820480347,
					"bytes":	185912,
					"bits_per_second":	1482812.0031219488,
					"omitted":	false,
					"sender":	true
				}],
			"sum":	{
				"start":	0,
				"end":	1.003024,
				"seconds":	1.0030239820480347,
				"bytes":	185912,
				"bits_per_second":	1482812.0031219488,
				"omitted":	false,
				"sender":	true
			}
		}, {
			"streams":	[{
					"socket":	7,
					"start":	1.003024,
					"end":	2.002502,
					"seconds":	0.99947798252105713,
					"bytes":	1218654,
					"bits_per_second":	9754323.92758547,
					"omitted":	false,
					"sender":	true
				}],
			"sum":	{
				"start":	1.003024,
				"end":	2.002502,
				"seconds":	0.99947798252105713,
				"bytes":	1218654,
				"bits_per_second":	9754323.92758547,
				"omitted":	false,
				"sender":	true
			}
		}, {
			"streams":	[{
					"socket":	7,
					"start":	2.002502,
					"end":	3.000089,
					"seconds":	0.99758702516555786,
					"bytes":	3769703,
					"bits_per_second":	30230569.603684541,
					"omitted":	false,
					"sender":	true
				}],
			"sum":	{
				"start":	2.002502,
				"end":	3.000089,
				"seconds":	0.99758702516555786,
				"bytes":	3769703,
				"bits_per_second":	30230569.603684541,
				"omitted":	false,
				"sender":	true
			}
		}, {
			"streams":	[{
					"socket":	7,
					"start":	3.000089,
					"end":	4.000032,
					"seconds":	0.99994301795959473,
					"bytes":	0,
					"bits_per_second":	0,
					"omitted":	false,
					"sender":	true
				}],
			"sum":	{
				"start":	3.000089,
				"end":	4.000032,
				"seconds":	0.99994301795959473,
				"bytes":	0,
				"bits_per_second":	0,
				"omitted":	false,
				"sender":	true
			}
		}, {
			"streams":	[{
					"socket":	7,
					"start":	4.000032,
					"end":	5.002157,
					"seconds":	1.0021250247955322,
					"bytes":	0,
					"bits_per_second":	0,
					"omitted":	false,
					"sender":	true
				}],
			"sum":	{
				"start":	4.000032,
				"end":	5.002157,
				"seconds":	1.0021250247955322,
				"bytes":	0,
				"bits_per_second":	0,
				"omitted":	false,
				"sender":	true
			}
		}, {
			"streams":	[{
					"socket":	7,
					"start":	5.002157,
					"end":	6.003368,
					"seconds":	1.0012110471725464,
					"bytes":	0,
					"bits_per_second":	0,
					"omitted":	false,
					"sender":	true
				}],
			"sum":	{
				"start":	5.002157,
				"end":	6.003368,
				"seconds":	1.0012110471725464,
				"bytes":	0,
				"bits_per_second":	0,
				"omitted":	false,
				"sender":	true
			}
		}, {
			"streams":	[{
					"socket":	7,
					"start":	6.003368,
					"end":	7.001795,
					"seconds":	0.99842697381973267,
					"bytes":	0,
					"bits_per_second":	0,
					"omitted":	false,
					"sender":	true
				}],
			"sum":	{
				"start":	6.003368,
				"end":	7.001795,
				"seconds":	0.99842697381973267,
				"bytes":	0,
				"bits_per_second":	0,
				"omitted":	false,
				"sender":	true
			}
		}, {
			"streams":	[{
					"socket":	7,
					"start":	7.001795,
					"end":	8.003737,
					"seconds":	1.0019420385360718,
					"bytes":	93969,
					"bits_per_second":	750294.898393901,
					"omitted":	false,
					"sender":	true
				}],
			"sum":	{
				"start":	7.001795,
				"end":	8.003737,
				"seconds":	1.0019420385360718,
				"bytes":	93969,
				"bits_per_second":	750294.898393901,
				"omitted":	false,
				"sender":	true
			}
		}, {
			"streams":	[{
					"socket":	7,
					"start":	8.003737,
					"end":	9.002427,
					"seconds":	0.99869000911712646,
					"bytes":	485195,
					"bits_per_second":	3886651.4780010884,
					"omitted":	false,
					"sender":	true
				}],
			"sum":	{
				"start":	8.003737,
				"end":	9.002427,
				"seconds":	0.99869000911712646,
				"bytes":	485195,
				"bits_per_second":	3886651.4780010884,
				"omitted":	false,
				"sender":	true
			}
		}, {
			"streams":	[{
					"socket":	7,
					"start":	9.002427,
					"end":	10.000194,
					"seconds":	0.99776697158813477,
					"bytes":	930747,
					"bits_per_second":	7462640.2877901653,
					"omitted":	false,
					"sender":	true
				}],
			"sum":	{
				"start":	9.002427,
				"end":	10.000194,
				"seconds":	0.99776697158813477,
				"bytes":	930747,
				"bits_per_second":	7462640.2877901653,
				"omitted":	false,
				"sender":	true
			}
		}],
	"end":	{
		"streams":	[{
				"sender":	{
					"socket":	7,
					"start":	0,
					"end":	10.000194,
					"seconds":	10.000194,
					"bytes":	6684180,
					"bits_per_second":	5347240.2635388868,
					"sender":	true
				},
				"receiver":	{
					"socket":	7,
					"start":	0,
					"end":	10.175718,
					"seconds":	10.000194,
					"bytes":	6487782,
					"bits_per_second":	5100598.8963137539,
					"sender":	true
				}
			}],
		"sum_sent":	{
			"start":	0,
			"end":	10.000194,
			"seconds":	10.000194,
			"bytes":	6684180,
			"bits_per_second":	5347240.2635388868,
			"sender":	true
		},
		"sum_received":	{
			"start":	0,
			"end":	10.175718,
			"seconds":	10.175718,
			"bytes":	6487782,
			"bits_per_second":	5100598.8963137539,
			"sender":	true
		},
		"cpu_utilization_percent":	{
			"host_total":	3.4688523456303222,
			"host_user":	0.85307186810874291,
			"host_system":	2.6156976996583663,
			"remote_total":	0.015594147773039224,
			"remote_user":	0.0010686344920610635,
			"remote_system":	0.01451081248902388
		},
		"receiver_tcp_congestion":	"cubic"
	}
}
