{
	"start":	{
		"connected":	[{
				"socket":	7,
				"local_host":	"10.145.64.217",
				"local_port":	56196,
				"remote_host":	"89.84.1.222",
				"remote_port":	5202
			}],
		"version":	"iperf 3.7",
		"system_info":	"Darwin SAMAC135.local 18.0.0 Darwin Kernel Version 18.0.0: Wed Aug 22 20:13:40 PDT 2018; root:xnu-4903.201.2~1/RELEASE_X86_64 x86_64",
		"timestamp":	{
			"time":	"Wed, 11 Mar 2020 13:58:36 UTC",
			"timesecs":	1583935116
		},
		"connecting_to":	{
			"host":	"bouygues.iperf.fr",
			"port":	5202
		},
		"cookie":	"2qo2fjzcatuze4qe3bceher3ltbclsjvifd5",
		"tcp_mss_default":	1367,
		"sock_bufsize":	0,
		"sndbuf_actual":	131072,
		"rcvbuf_actual":	131072,
		"test_start":	{
			"protocol":	"TCP",
			"num_streams":	1,
			"blksize":	131072,
			"omit":	0,
			"duration":	10,
			"bytes":	0,
			"blocks":	0,
			"reverse":	0,
			"tos":	0
		}
	},
	"intervals":	[{
			"streams":	[{
					"socket":	7,
					"start":	0,
					"end":	1.007708,
					"seconds":	1.007707953453064,
					"bytes":	181811,
					"bits_per_second":	1443362.6280471208,
					"omitted":	false,
					"sender":	true
				}],
			"sum":	{
				"start":	0,
				"end":	1.007708,
				"seconds":	1.007707953453064,
				"bytes":	181811,
				"bits_per_second":	1443362.6280471208,
				"omitted":	false,
				"sender":	true
			}
		}, {
			"streams":	[{
					"socket":	7,
					"start":	1.007708,
					"end":	2.009304,
					"seconds":	1.0015959739685059,
					"bytes":	1879832,
					"bits_per_second":	15014692.940921182,
					"omitted":	false,
					"sender":	true
				}],
			"sum":	{
				"start":	1.007708,
				"end":	2.009304,
				"seconds":	1.0015959739685059,
				"bytes":	1879832,
				"bits_per_second":	15014692.940921182,
				"omitted":	false,
				"sender":	true
			}
		}, {
			"streams":	[{
					"socket":	7,
					"start":	2.009304,
					"end":	3.000116,
					"seconds":	0.99081200361251831,
					"bytes":	4337428,
					"bits_per_second":	35021198.6466507,
					"omitted":	false,
					"sender":	true
				}],
			"sum":	{
				"start":	2.009304,
				"end":	3.000116,
				"seconds":	0.99081200361251831,
				"bytes":	4337428,
				"bits_per_second":	35021198.6466507,
				"omitted":	false,
				"sender":	true
			}
		}, {
			"streams":	[{
					"socket":	7,
					"start":	3.000116,
					"end":	4.003152,
					"seconds":	1.0030360221862793,
					"bytes":	1662098,
					"bits_per_second":	13256536.859979872,
					"omitted":	false,
					"sender":	true
				}],
			"sum":	{
				"start":	3.000116,
				"end":	4.003152,
				"seconds":	1.0030360221862793,
				"bytes":	1662098,
				"bits_per_second":	13256536.859979872,
				"omitted":	false,
				"sender":	true
			}
		}, {
			"streams":	[{
					"socket":	7,
					"start":	4.003152,
					"end":	5.000305,
					"seconds":	0.99715298414230347,
					"bytes":	5055340,
					"bits_per_second":	40558189.809547246,
					"omitted":	false,
					"sender":	true
				}],
			"sum":	{
				"start":	4.003152,
				"end":	5.000305,
				"seconds":	0.99715298414230347,
				"bytes":	5055340,
				"bits_per_second":	40558189.809547246,
				"omitted":	false,
				"sender":	true
			}
		}, {
			"streams":	[{
					"socket":	7,
					"start":	5.000305,
					"end":	6.000958,
					"seconds":	1.0006530284881592,
					"bytes":	9440502,
					"bits_per_second":	75474728.8519236,
					"omitted":	false,
					"sender":	true
				}],
			"sum":	{
				"start":	5.000305,
				"end":	6.000958,
				"seconds":	1.0006530284881592,
				"bytes":	9440502,
				"bits_per_second":	75474728.8519236,
				"omitted":	false,
				"sender":	true
			}
		}, {
			"streams":	[{
					"socket":	7,
					"start":	6.000958,
					"end":	7.00049,
					"seconds":	0.99953198432922363,
					"bytes":	10238830,
					"bits_per_second":	81948993.413121685,
					"omitted":	false,
					"sender":	true
				}],
			"sum":	{
				"start":	6.000958,
				"end":	7.00049,
				"seconds":	0.99953198432922363,
				"bytes":	10238830,
				"bits_per_second":	81948993.413121685,
				"omitted":	false,
				"sender":	true
			}
		}, {
			"streams":	[{
					"socket":	7,
					"start":	7.00049,
					"end":	8.002656,
					"seconds":	1.0021660327911377,
					"bytes":	10622957,
					"bits_per_second":	84799976.470277667,
					"omitted":	false,
					"sender":	true
				}],
			"sum":	{
				"start":	7.00049,
				"end":	8.002656,
				"seconds":	1.0021660327911377,
				"bytes":	10622957,
				"bits_per_second":	84799976.470277667,
				"omitted":	false,
				"sender":	true
			}
		}, {
			"streams":	[{
					"socket":	7,
					"start":	8.002656,
					"end":	9.005841,
					"seconds":	1.0031850337982178,
					"bytes":	10863549,
					"bits_per_second":	86632464.671996787,
					"omitted":	false,
					"sender":	true
				}],
			"sum":	{
				"start":	8.002656,
				"end":	9.005841,
				"seconds":	1.0031850337982178,
				"bytes":	10863549,
				"bits_per_second":	86632464.671996787,
				"omitted":	false,
				"sender":	true
			}
		}, {
			"streams":	[{
					"socket":	7,
					"start":	9.005841,
					"end":	10.004527,
					"seconds":	0.99868601560592651,
					"bytes":	9611377,
					"bits_per_second":	76992182.526305228,
					"omitted":	false,
					"sender":	true
				}],
			"sum":	{
				"start":	9.005841,
				"end":	10.004527,
				"seconds":	0.99868601560592651,
				"bytes":	9611377,
				"bits_per_second":	76992182.526305228,
				"omitted":	false,
				"sender":	true
			}
		}],
	"end":	{
		"streams":	[{
				"sender":	{
					"socket":	7,
					"start":	0,
					"end":	10.004527,
					"seconds":	10.004527,
					"bytes":	63893724,
					"bits_per_second":	51091849.919541426,
					"sender":	true
				},
				"receiver":	{
					"socket":	7,
					"start":	0,
					"end":	10.176118,
					"seconds":	10.004527,
					"bytes":	63684399,
					"bits_per_second":	50065770.856823787,
					"sender":	true
				}
			}],
		"sum_sent":	{
			"start":	0,
			"end":	10.004527,
			"seconds":	10.004527,
			"bytes":	63893724,
			"bits_per_second":	51091849.919541426,
			"sender":	true
		},
		"sum_received":	{
			"start":	0,
			"end":	10.176118,
			"seconds":	10.176118,
			"bytes":	63684399,
			"bits_per_second":	50065770.856823787,
			"sender":	true
		},
		"cpu_utilization_percent":	{
			"host_total":	5.6125513573873036,
			"host_user":	1.1823618959685374,
			"host_system":	4.4299787033559195,
			"remote_total":	0.153623985684163,
			"remote_user":	0.037719135275397511,
			"remote_system":	0.11590371977313479
		},
		"receiver_tcp_congestion":	"cubic"
	}
}
