{
	"start":	{
		"connected":	[{
				"socket":	7,
				"local_host":	"10.145.64.217",
				"local_port":	55897,
				"remote_host":	"89.84.1.222",
				"remote_port":	5202
			}],
		"version":	"iperf 3.7",
		"system_info":	"Darwin SAMAC135.local 18.0.0 Darwin Kernel Version 18.0.0: Wed Aug 22 20:13:40 PDT 2018; root:xnu-4903.201.2~1/RELEASE_X86_64 x86_64",
		"timestamp":	{
			"time":	"Wed, 11 Mar 2020 13:40:46 UTC",
			"timesecs":	1583934046
		},
		"connecting_to":	{
			"host":	"bouygues.iperf.fr",
			"port":	5202
		},
		"cookie":	"ggoin5v5c3f2tdganp5ixmnqeync44onju4o",
		"tcp_mss_default":	1367,
		"sock_bufsize":	0,
		"sndbuf_actual":	131072,
		"rcvbuf_actual":	131072,
		"test_start":	{
			"protocol":	"TCP",
			"num_streams":	1,
			"blksize":	131072,
			"omit":	0,
			"duration":	10,
			"bytes":	0,
			"blocks":	0,
			"reverse":	0,
			"tos":	0
		}
	},
	"intervals":	[{
			"streams":	[{
					"socket":	7,
					"start":	0,
					"end":	1.002155,
					"seconds":	1.0021549463272095,
					"bytes":	184545,
					"bits_per_second":	1473185.3646092366,
					"omitted":	false,
					"sender":	true
				}],
			"sum":	{
				"start":	0,
				"end":	1.002155,
				"seconds":	1.0021549463272095,
				"bytes":	184545,
				"bits_per_second":	1473185.3646092366,
				"omitted":	false,
				"sender":	true
			}
		}, {
			"streams":	[{
					"socket":	7,
					"start":	1.002155,
					"end":	2.0022,
					"seconds":	1.0000449419021606,
					"bytes":	1088809,
					"bits_per_second":	8710080.5524120014,
					"omitted":	false,
					"sender":	true
				}],
			"sum":	{
				"start":	1.002155,
				"end":	2.0022,
				"seconds":	1.0000449419021606,
				"bytes":	1088809,
				"bits_per_second":	8710080.5524120014,
				"omitted":	false,
				"sender":	true
			}
		}, {
			"streams":	[{
					"socket":	7,
					"start":	2.0022,
					"end":	3.000874,
					"seconds":	0.99867397546768188,
					"bytes":	112784,
					"bits_per_second":	903470.02341526269,
					"omitted":	false,
					"sender":	true
				}],
			"sum":	{
				"start":	2.0022,
				"end":	3.000874,
				"seconds":	0.99867397546768188,
				"bytes":	112784,
				"bits_per_second":	903470.02341526269,
				"omitted":	false,
				"sender":	true
			}
		}, {
			"streams":	[{
					"socket":	7,
					"start":	3.000874,
					"end":	4.002986,
					"seconds":	1.0021120309829712,
					"bytes":	1806744,
					"bits_per_second":	14423489.144045228,
					"omitted":	false,
					"sender":	true
				}],
			"sum":	{
				"start":	3.000874,
				"end":	4.002986,
				"seconds":	1.0021120309829712,
				"bytes":	1806744,
				"bits_per_second":	14423489.144045228,
				"omitted":	false,
				"sender":	true
			}
		}, {
			"streams":	[{
					"socket":	7,
					"start":	4.002986,
					"end":	5.00361,
					"seconds":	1.0006239414215088,
					"bytes":	1916484,
					"bits_per_second":	15322311.775010299,
					"omitted":	false,
					"sender":	true
				}],
			"sum":	{
				"start":	4.002986,
				"end":	5.00361,
				"seconds":	1.0006239414215088,
				"bytes":	1916484,
				"bits_per_second":	15322311.775010299,
				"omitted":	false,
				"sender":	true
			}
		}, {
			"streams":	[{
					"socket":	7,
					"start":	5.00361,
					"end":	6.000053,
					"seconds":	0.996442973613739,
					"bytes":	2032629,
					"bits_per_second":	16319079.3960111,
					"omitted":	false,
					"sender":	true
				}],
			"sum":	{
				"start":	5.00361,
				"end":	6.000053,
				"seconds":	0.996442973613739,
				"bytes":	2032629,
				"bits_per_second":	16319079.3960111,
				"omitted":	false,
				"sender":	true
			}
		}, {
			"streams":	[{
					"socket":	7,
					"start":	6.000053,
					"end":	7.004527,
					"seconds":	1.0044740438461304,
					"bytes":	1756595,
					"bits_per_second":	13990167.3777373,
					"omitted":	false,
					"sender":	true
				}],
			"sum":	{
				"start":	6.000053,
				"end":	7.004527,
				"seconds":	1.0044740438461304,
				"bytes":	1756595,
				"bits_per_second":	13990167.3777373,
				"omitted":	false,
				"sender":	true
			}
		}, {
			"streams":	[{
					"socket":	7,
					"start":	7.004527,
					"end":	8.001701,
					"seconds":	0.99717402458190918,
					"bytes":	2064170,
					"bits_per_second":	16560158.601126468,
					"omitted":	false,
					"sender":	true
				}],
			"sum":	{
				"start":	7.004527,
				"end":	8.001701,
				"seconds":	0.99717402458190918,
				"bytes":	2064170,
				"bits_per_second":	16560158.601126468,
				"omitted":	false,
				"sender":	true
			}
		}, {
			"streams":	[{
					"socket":	7,
					"start":	8.001701,
					"end":	9.000684,
					"seconds":	0.99898302555084229,
					"bytes":	2072372,
					"bits_per_second":	16595853.559031498,
					"omitted":	false,
					"sender":	true
				}],
			"sum":	{
				"start":	8.001701,
				"end":	9.000684,
				"seconds":	0.99898302555084229,
				"bytes":	2072372,
				"bits_per_second":	16595853.559031498,
				"omitted":	false,
				"sender":	true
			}
		}, {
			"streams":	[{
					"socket":	7,
					"start":	9.000684,
					"end":	10.000548,
					"seconds":	0.99986398220062256,
					"bytes":	2060069,
					"bits_per_second":	16482793.953361128,
					"omitted":	false,
					"sender":	true
				}],
			"sum":	{
				"start":	9.000684,
				"end":	10.000548,
				"seconds":	0.99986398220062256,
				"bytes":	2060069,
				"bits_per_second":	16482793.953361128,
				"omitted":	false,
				"sender":	true
			}
		}],
	"end":	{
		"streams":	[{
				"sender":	{
					"socket":	7,
					"start":	0,
					"end":	10.000548,
					"seconds":	10.000548,
					"bytes":	15095201,
					"bits_per_second":	12075499.062651366,
					"sender":	true
				},
				"receiver":	{
					"socket":	7,
					"start":	0,
					"end":	10.173735,
					"seconds":	10.000548,
					"bytes":	14693883,
					"bits_per_second":	11554366.611672115,
					"sender":	true
				}
			}],
		"sum_sent":	{
			"start":	0,
			"end":	10.000548,
			"seconds":	10.000548,
			"bytes":	15095201,
			"bits_per_second":	12075499.062651366,
			"sender":	true
		},
		"sum_received":	{
			"start":	0,
			"end":	10.173735,
			"seconds":	10.173735,
			"bytes":	14693883,
			"bits_per_second":	11554366.611672115,
			"sender":	true
		},
		"cpu_utilization_percent":	{
			"host_total":	3.8343905931709195,
			"host_user":	0.95168116006608894,
			"host_system":	2.8826449866255142,
			"remote_total":	0.020766644045444111,
			"remote_user":	0.0003471755938282327,
			"remote_system":	0.020419938242676541
		},
		"receiver_tcp_congestion":	"cubic"
	}
}
