{
	"start":	{
		"connected":	[{
				"socket":	7,
				"local_host":	"10.145.69.251",
				"local_port":	63469,
				"remote_host":	"89.84.1.222",
				"remote_port":	5202
			}],
		"version":	"iperf 3.7",
		"system_info":	"Darwin SAMAC135.local 18.0.0 Darwin Kernel Version 18.0.0: Wed Aug 22 20:13:40 PDT 2018; root:xnu-4903.201.2~1/RELEASE_X86_64 x86_64",
		"timestamp":	{
			"time":	"Tue, 10 Mar 2020 14:03:13 UTC",
			"timesecs":	1583848993
		},
		"connecting_to":	{
			"host":	"bouygues.iperf.fr",
			"port":	5202
		},
		"cookie":	"6gwdtbxd7x46wuxdxtzq4qwiurss6pkdode4",
		"tcp_mss_default":	1367,
		"sock_bufsize":	0,
		"sndbuf_actual":	131072,
		"rcvbuf_actual":	131072,
		"test_start":	{
			"protocol":	"TCP",
			"num_streams":	1,
			"blksize":	131072,
			"omit":	0,
			"duration":	10,
			"bytes":	0,
			"blocks":	0,
			"reverse":	0,
			"tos":	0
		}
	},
	"intervals":	[{
			"streams":	[{
					"socket":	7,
					"start":	0,
					"end":	1.001885,
					"seconds":	1.0018850564956665,
					"bytes":	188646,
					"bits_per_second":	1506328.4857034173,
					"omitted":	false,
					"sender":	true
				}],
			"sum":	{
				"start":	0,
				"end":	1.001885,
				"seconds":	1.0018850564956665,
				"bytes":	188646,
				"bits_per_second":	1506328.4857034173,
				"omitted":	false,
				"sender":	true
			}
		}, {
			"streams":	[{
					"socket":	7,
					"start":	1.001885,
					"end":	2.002617,
					"seconds":	1.0007319450378418,
					"bytes":	3621357,
					"bits_per_second":	28949666.435305502,
					"omitted":	false,
					"sender":	true
				}],
			"sum":	{
				"start":	1.001885,
				"end":	2.002617,
				"seconds":	1.0007319450378418,
				"bytes":	3621357,
				"bits_per_second":	28949666.435305502,
				"omitted":	false,
				"sender":	true
			}
		}, {
			"streams":	[{
					"socket":	7,
					"start":	2.002617,
					"end":	3.004376,
					"seconds":	1.0017590522766113,
					"bytes":	3571971,
					"bits_per_second":	28525589.995975897,
					"omitted":	false,
					"sender":	true
				}],
			"sum":	{
				"start":	2.002617,
				"end":	3.004376,
				"seconds":	1.0017590522766113,
				"bytes":	3571971,
				"bits_per_second":	28525589.995975897,
				"omitted":	false,
				"sender":	true
			}
		}, {
			"streams":	[{
					"socket":	7,
					"start":	3.004376,
					"end":	4.001146,
					"seconds":	0.99677002429962158,
					"bytes":	181811,
					"bits_per_second":	1459201.1843674704,
					"omitted":	false,
					"sender":	true
				}],
			"sum":	{
				"start":	3.004376,
				"end":	4.001146,
				"seconds":	0.99677002429962158,
				"bytes":	181811,
				"bits_per_second":	1459201.1843674704,
				"omitted":	false,
				"sender":	true
			}
		}, {
			"streams":	[{
					"socket":	7,
					"start":	4.001146,
					"end":	5.001423,
					"seconds":	1.000277042388916,
					"bytes":	3354915,
					"bits_per_second":	26831886.430084284,
					"omitted":	false,
					"sender":	true
				}],
			"sum":	{
				"start":	4.001146,
				"end":	5.001423,
				"seconds":	1.000277042388916,
				"bytes":	3354915,
				"bits_per_second":	26831886.430084284,
				"omitted":	false,
				"sender":	true
			}
		}, {
			"streams":	[{
					"socket":	7,
					"start":	5.001423,
					"end":	6.000208,
					"seconds":	0.99878501892089844,
					"bytes":	5155964,
					"bits_per_second":	41297888.1527124,
					"omitted":	false,
					"sender":	true
				}],
			"sum":	{
				"start":	5.001423,
				"end":	6.000208,
				"seconds":	0.99878501892089844,
				"bytes":	5155964,
				"bits_per_second":	41297888.1527124,
				"omitted":	false,
				"sender":	true
			}
		}, {
			"streams":	[{
					"socket":	7,
					"start":	6.000208,
					"end":	7.003969,
					"seconds":	1.0037610530853271,
					"bytes":	5521313,
					"bits_per_second":	44004998.863255538,
					"omitted":	false,
					"sender":	true
				}],
			"sum":	{
				"start":	6.000208,
				"end":	7.003969,
				"seconds":	1.0037610530853271,
				"bytes":	5521313,
				"bits_per_second":	44004998.863255538,
				"omitted":	false,
				"sender":	true
			}
		}, {
			"streams":	[{
					"socket":	7,
					"start":	7.003969,
					"end":	8.000101,
					"seconds":	0.9961320161819458,
					"bytes":	5634774,
					"bits_per_second":	45253230.764311031,
					"omitted":	false,
					"sender":	true
				}],
			"sum":	{
				"start":	7.003969,
				"end":	8.000101,
				"seconds":	0.9961320161819458,
				"bytes":	5634774,
				"bits_per_second":	45253230.764311031,
				"omitted":	false,
				"sender":	true
			}
		}, {
			"streams":	[{
					"socket":	7,
					"start":	8.000101,
					"end":	9.004487,
					"seconds":	1.0043859481811523,
					"bytes":	1887797,
					"bits_per_second":	15036427.01030313,
					"omitted":	false,
					"sender":	true
				}],
			"sum":	{
				"start":	8.000101,
				"end":	9.004487,
				"seconds":	1.0043859481811523,
				"bytes":	1887797,
				"bits_per_second":	15036427.01030313,
				"omitted":	false,
				"sender":	true
			}
		}, {
			"streams":	[{
					"socket":	7,
					"start":	9.004487,
					"end":	10.001384,
					"seconds":	0.99689698219299316,
					"bytes":	0,
					"bits_per_second":	0,
					"omitted":	false,
					"sender":	true
				}],
			"sum":	{
				"start":	9.004487,
				"end":	10.001384,
				"seconds":	0.99689698219299316,
				"bytes":	0,
				"bits_per_second":	0,
				"omitted":	false,
				"sender":	true
			}
		}],
	"end":	{
		"streams":	[{
				"sender":	{
					"socket":	7,
					"start":	0,
					"end":	10.001384,
					"seconds":	10.001384,
					"bytes":	29118548,
					"bits_per_second":	23291614.840506073,
					"sender":	true
				},
				"receiver":	{
					"socket":	7,
					"start":	0,
					"end":	10.17933,
					"seconds":	10.001384,
					"bytes":	27359312,
					"bits_per_second":	21501856.801970266,
					"sender":	true
				}
			}],
		"sum_sent":	{
			"start":	0,
			"end":	10.001384,
			"seconds":	10.001384,
			"bytes":	29118548,
			"bits_per_second":	23291614.840506073,
			"sender":	true
		},
		"sum_received":	{
			"start":	0,
			"end":	10.17933,
			"seconds":	10.17933,
			"bytes":	27359312,
			"bits_per_second":	21501856.801970266,
			"sender":	true
		},
		"cpu_utilization_percent":	{
			"host_total":	5.206769761745571,
			"host_user":	1.1223490470162771,
			"host_system":	4.0843839630925363,
			"remote_total":	1.0186643835051044,
			"remote_user":	0.31449053655727544,
			"remote_system":	0.70417384694782881
		},
		"receiver_tcp_congestion":	"cubic"
	}
}
