{
	"start":	{
		"connected":	[{
				"socket":	7,
				"local_host":	"10.145.69.251",
				"local_port":	63780,
				"remote_host":	"89.84.1.222",
				"remote_port":	5202
			}],
		"version":	"iperf 3.7",
		"system_info":	"Darwin SAMAC135.local 18.0.0 Darwin Kernel Version 18.0.0: Wed Aug 22 20:13:40 PDT 2018; root:xnu-4903.201.2~1/RELEASE_X86_64 x86_64",
		"timestamp":	{
			"time":	"Tue, 10 Mar 2020 14:13:56 UTC",
			"timesecs":	1583849636
		},
		"connecting_to":	{
			"host":	"bouygues.iperf.fr",
			"port":	5202
		},
		"cookie":	"z7nwkn2qzlvzemt35tk4z7coe7q5nt23xwsm",
		"tcp_mss_default":	1367,
		"sock_bufsize":	0,
		"sndbuf_actual":	131072,
		"rcvbuf_actual":	131072,
		"test_start":	{
			"protocol":	"TCP",
			"num_streams":	1,
			"blksize":	131072,
			"omit":	0,
			"duration":	10,
			"bytes":	0,
			"blocks":	0,
			"reverse":	0,
			"tos":	0
		}
	},
	"intervals":	[{
			"streams":	[{
					"socket":	7,
					"start":	0,
					"end":	1.000095,
					"seconds":	1.000095009803772,
					"bytes":	187279,
					"bits_per_second":	1498089.666794725,
					"omitted":	false,
					"sender":	true
				}],
			"sum":	{
				"start":	0,
				"end":	1.000095,
				"seconds":	1.000095009803772,
				"bytes":	187279,
				"bits_per_second":	1498089.666794725,
				"omitted":	false,
				"sender":	true
			}
		}, {
			"streams":	[{
					"socket":	7,
					"start":	1.000095,
					"end":	2.000527,
					"seconds":	1.000432014465332,
					"bytes":	3167953,
					"bits_per_second":	25332679.915830735,
					"omitted":	false,
					"sender":	true
				}],
			"sum":	{
				"start":	1.000095,
				"end":	2.000527,
				"seconds":	1.000432014465332,
				"bytes":	3167953,
				"bits_per_second":	25332679.915830735,
				"omitted":	false,
				"sender":	true
			}
		}, {
			"streams":	[{
					"socket":	7,
					"start":	2.000527,
					"end":	3.000133,
					"seconds":	0.99960601329803467,
					"bytes":	9184955,
					"bits_per_second":	73508601.41143617,
					"omitted":	false,
					"sender":	true
				}],
			"sum":	{
				"start":	2.000527,
				"end":	3.000133,
				"seconds":	0.99960601329803467,
				"bytes":	9184955,
				"bits_per_second":	73508601.41143617,
				"omitted":	false,
				"sender":	true
			}
		}, {
			"streams":	[{
					"socket":	7,
					"start":	3.000133,
					"end":	4.000071,
					"seconds":	0.99993801116943359,
					"bytes":	11193866,
					"bits_per_second":	89556479.501433939,
					"omitted":	false,
					"sender":	true
				}],
			"sum":	{
				"start":	3.000133,
				"end":	4.000071,
				"seconds":	0.99993801116943359,
				"bytes":	11193866,
				"bits_per_second":	89556479.501433939,
				"omitted":	false,
				"sender":	true
			}
		}, {
			"streams":	[{
					"socket":	7,
					"start":	4.000071,
					"end":	5.003725,
					"seconds":	1.0036540031433105,
					"bytes":	11877540,
					"bits_per_second":	94674379.519644246,
					"omitted":	false,
					"sender":	true
				}],
			"sum":	{
				"start":	4.000071,
				"end":	5.003725,
				"seconds":	1.0036540031433105,
				"bytes":	11877540,
				"bits_per_second":	94674379.519644246,
				"omitted":	false,
				"sender":	true
			}
		}, {
			"streams":	[{
					"socket":	7,
					"start":	5.003725,
					"end":	6.000032,
					"seconds":	0.99630701541900635,
					"bytes":	11434458,
					"bits_per_second":	91814734.398441479,
					"omitted":	false,
					"sender":	true
				}],
			"sum":	{
				"start":	5.003725,
				"end":	6.000032,
				"seconds":	0.99630701541900635,
				"bytes":	11434458,
				"bits_per_second":	91814734.398441479,
				"omitted":	false,
				"sender":	true
			}
		}, {
			"streams":	[{
					"socket":	7,
					"start":	6.000032,
					"end":	7.00044,
					"seconds":	1.0004080533981323,
					"bytes":	11758611,
					"bits_per_second":	94030518.527386755,
					"omitted":	false,
					"sender":	true
				}],
			"sum":	{
				"start":	6.000032,
				"end":	7.00044,
				"seconds":	1.0004080533981323,
				"bytes":	11758611,
				"bits_per_second":	94030518.527386755,
				"omitted":	false,
				"sender":	true
			}
		}, {
			"streams":	[{
					"socket":	7,
					"start":	7.00044,
					"end":	8.000229,
					"seconds":	0.99978899955749512,
					"bytes":	10809739,
					"bits_per_second":	86496162.728610709,
					"omitted":	false,
					"sender":	true
				}],
			"sum":	{
				"start":	7.00044,
				"end":	8.000229,
				"seconds":	0.99978899955749512,
				"bytes":	10809739,
				"bits_per_second":	86496162.728610709,
				"omitted":	false,
				"sender":	true
			}
		}, {
			"streams":	[{
					"socket":	7,
					"start":	8.000229,
					"end":	9.000533,
					"seconds":	1.0003039836883545,
					"bytes":	12065852,
					"bits_per_second":	96497482.339401543,
					"omitted":	false,
					"sender":	true
				}],
			"sum":	{
				"start":	8.000229,
				"end":	9.000533,
				"seconds":	1.0003039836883545,
				"bytes":	12065852,
				"bits_per_second":	96497482.339401543,
				"omitted":	false,
				"sender":	true
			}
		}, {
			"streams":	[{
					"socket":	7,
					"start":	9.000533,
					"end":	10.00042,
					"seconds":	0.99988698959350586,
					"bytes":	11246146,
					"bits_per_second":	89979336.6014054,
					"omitted":	false,
					"sender":	true
				}],
			"sum":	{
				"start":	9.000533,
				"end":	10.00042,
				"seconds":	0.99988698959350586,
				"bytes":	11246146,
				"bits_per_second":	89979336.6014054,
				"omitted":	false,
				"sender":	true
			}
		}],
	"end":	{
		"streams":	[{
				"sender":	{
					"socket":	7,
					"start":	0,
					"end":	10.00042,
					"seconds":	10.00042,
					"bytes":	92926399,
					"bits_per_second":	74337997.004125834,
					"sender":	true
				},
				"receiver":	{
					"socket":	7,
					"start":	0,
					"end":	10.171942,
					"seconds":	10.00042,
					"bytes":	92878554,
					"bits_per_second":	73046860.864916459,
					"sender":	true
				}
			}],
		"sum_sent":	{
			"start":	0,
			"end":	10.00042,
			"seconds":	10.00042,
			"bytes":	92926399,
			"bits_per_second":	74337997.004125834,
			"sender":	true
		},
		"sum_received":	{
			"start":	0,
			"end":	10.171942,
			"seconds":	10.171942,
			"bytes":	92878554,
			"bits_per_second":	73046860.864916459,
			"sender":	true
		},
		"cpu_utilization_percent":	{
			"host_total":	6.3185508799558088,
			"host_user":	1.1037466298058483,
			"host_system":	5.2147398896014314,
			"remote_total":	3.3002927879774879,
			"remote_user":	0.54842973080272717,
			"remote_system":	2.7518630571747607
		},
		"receiver_tcp_congestion":	"cubic"
	}
}
