{
	"start":	{
		"connected":	[{
				"socket":	7,
				"local_host":	"10.145.69.251",
				"local_port":	63418,
				"remote_host":	"89.84.1.222",
				"remote_port":	5202
			}],
		"version":	"iperf 3.7",
		"system_info":	"Darwin SAMAC135.local 18.0.0 Darwin Kernel Version 18.0.0: Wed Aug 22 20:13:40 PDT 2018; root:xnu-4903.201.2~1/RELEASE_X86_64 x86_64",
		"timestamp":	{
			"time":	"Tue, 10 Mar 2020 14:00:34 UTC",
			"timesecs":	1583848834
		},
		"connecting_to":	{
			"host":	"bouygues.iperf.fr",
			"port":	5202
		},
		"cookie":	"pzvyya4xmzettambaaznjyti6uf5ycqh2cpo",
		"tcp_mss_default":	1367,
		"sock_bufsize":	0,
		"sndbuf_actual":	131072,
		"rcvbuf_actual":	131072,
		"test_start":	{
			"protocol":	"TCP",
			"num_streams":	1,
			"blksize":	131072,
			"omit":	0,
			"duration":	10,
			"bytes":	0,
			"blocks":	0,
			"reverse":	0,
			"tos":	0
		}
	},
	"intervals":	[{
			"streams":	[{
					"socket":	7,
					"start":	0,
					"end":	1.00284,
					"seconds":	1.0028400421142578,
					"bytes":	188646,
					"bits_per_second":	1504894.0375558459,
					"omitted":	false,
					"sender":	true
				}],
			"sum":	{
				"start":	0,
				"end":	1.00284,
				"seconds":	1.0028400421142578,
				"bytes":	188646,
				"bits_per_second":	1504894.0375558459,
				"omitted":	false,
				"sender":	true
			}
		}, {
			"streams":	[{
					"socket":	7,
					"start":	1.00284,
					"end":	2.001224,
					"seconds":	0.99838399887084961,
					"bytes":	2110685,
					"bits_per_second":	16912811.121870048,
					"omitted":	false,
					"sender":	true
				}],
			"sum":	{
				"start":	1.00284,
				"end":	2.001224,
				"seconds":	0.99838399887084961,
				"bytes":	2110685,
				"bits_per_second":	16912811.121870048,
				"omitted":	false,
				"sender":	true
			}
		}, {
			"streams":	[{
					"socket":	7,
					"start":	2.001224,
					"end":	3.000147,
					"seconds":	0.99892300367355347,
					"bytes":	7354771,
					"bits_per_second":	58901604.812004335,
					"omitted":	false,
					"sender":	true
				}],
			"sum":	{
				"start":	2.001224,
				"end":	3.000147,
				"seconds":	0.99892300367355347,
				"bytes":	7354771,
				"bits_per_second":	58901604.812004335,
				"omitted":	false,
				"sender":	true
			}
		}, {
			"streams":	[{
					"socket":	7,
					"start":	3.000147,
					"end":	4.004597,
					"seconds":	1.0044499635696411,
					"bytes":	12211088,
					"bits_per_second":	97255918.704831526,
					"omitted":	false,
					"sender":	true
				}],
			"sum":	{
				"start":	3.000147,
				"end":	4.004597,
				"seconds":	1.0044499635696411,
				"bytes":	12211088,
				"bits_per_second":	97255918.704831526,
				"omitted":	false,
				"sender":	true
			}
		}, {
			"streams":	[{
					"socket":	7,
					"start":	4.004597,
					"end":	5.000386,
					"seconds":	0.99578899145126343,
					"bytes":	11672156,
					"bits_per_second":	93772123.212480932,
					"omitted":	false,
					"sender":	true
				}],
			"sum":	{
				"start":	4.004597,
				"end":	5.000386,
				"seconds":	0.99578899145126343,
				"bytes":	11672156,
				"bits_per_second":	93772123.212480932,
				"omitted":	false,
				"sender":	true
			}
		}, {
			"streams":	[{
					"socket":	7,
					"start":	5.000386,
					"end":	6.000733,
					"seconds":	1.0003470182418823,
					"bytes":	11746468,
					"bits_per_second":	93939145.402918354,
					"omitted":	false,
					"sender":	true
				}],
			"sum":	{
				"start":	5.000386,
				"end":	6.000733,
				"seconds":	1.0003470182418823,
				"bytes":	11746468,
				"bits_per_second":	93939145.402918354,
				"omitted":	false,
				"sender":	true
			}
		}, {
			"streams":	[{
					"socket":	7,
					"start":	6.000733,
					"end":	7.001485,
					"seconds":	1.0007519721984863,
					"bytes":	11520579,
					"bits_per_second":	92095378.835506633,
					"omitted":	false,
					"sender":	true
				}],
			"sum":	{
				"start":	6.000733,
				"end":	7.001485,
				"seconds":	1.0007519721984863,
				"bytes":	11520579,
				"bits_per_second":	92095378.835506633,
				"omitted":	false,
				"sender":	true
			}
		}, {
			"streams":	[{
					"socket":	7,
					"start":	7.001485,
					"end":	8.000562,
					"seconds":	0.99907702207565308,
					"bytes":	12444845,
					"bits_per_second":	99650735.428945854,
					"omitted":	false,
					"sender":	true
				}],
			"sum":	{
				"start":	7.001485,
				"end":	8.000562,
				"seconds":	0.99907702207565308,
				"bytes":	12444845,
				"bits_per_second":	99650735.428945854,
				"omitted":	false,
				"sender":	true
			}
		}, {
			"streams":	[{
					"socket":	7,
					"start":	8.000562,
					"end":	9.000109,
					"seconds":	0.999547004699707,
					"bytes":	11427543,
					"bits_per_second":	91461775.754573271,
					"omitted":	false,
					"sender":	true
				}],
			"sum":	{
				"start":	8.000562,
				"end":	9.000109,
				"seconds":	0.999547004699707,
				"bytes":	11427543,
				"bits_per_second":	91461775.754573271,
				"omitted":	false,
				"sender":	true
			}
		}, {
			"streams":	[{
					"socket":	7,
					"start":	9.000109,
					"end":	10.000669,
					"seconds":	1.0005600452423096,
					"bytes":	11945970,
					"bits_per_second":	95514267.6888082,
					"omitted":	false,
					"sender":	true
				}],
			"sum":	{
				"start":	9.000109,
				"end":	10.000669,
				"seconds":	1.0005600452423096,
				"bytes":	11945970,
				"bits_per_second":	95514267.6888082,
				"omitted":	false,
				"sender":	true
			}
		}],
	"end":	{
		"streams":	[{
				"sender":	{
					"socket":	7,
					"start":	0,
					"end":	10.000669,
					"seconds":	10.000669,
					"bytes":	92622751,
					"bits_per_second":	74093243.961978942,
					"sender":	true
				},
				"receiver":	{
					"socket":	7,
					"start":	0,
					"end":	10.176794,
					"seconds":	10.000669,
					"bytes":	92622751,
					"bits_per_second":	72810946.944587857,
					"sender":	true
				}
			}],
		"sum_sent":	{
			"start":	0,
			"end":	10.000669,
			"seconds":	10.000669,
			"bytes":	92622751,
			"bits_per_second":	74093243.961978942,
			"sender":	true
		},
		"sum_received":	{
			"start":	0,
			"end":	10.176794,
			"seconds":	10.176794,
			"bytes":	92622751,
			"bits_per_second":	72810946.944587857,
			"sender":	true
		},
		"cpu_utilization_percent":	{
			"host_total":	7.9816867819598976,
			"host_user":	1.2830394195243504,
			"host_system":	6.6985374127595128,
			"remote_total":	2.546720445098769,
			"remote_user":	0.74230602647906951,
			"remote_system":	1.8044226511884496
		},
		"receiver_tcp_congestion":	"cubic"
	}
}
