{
	"start":	{
		"connected":	[{
				"socket":	7,
				"local_host":	"10.145.69.251",
				"local_port":	63543,
				"remote_host":	"89.84.1.222",
				"remote_port":	5202
			}],
		"version":	"iperf 3.7",
		"system_info":	"Darwin SAMAC135.local 18.0.0 Darwin Kernel Version 18.0.0: Wed Aug 22 20:13:40 PDT 2018; root:xnu-4903.201.2~1/RELEASE_X86_64 x86_64",
		"timestamp":	{
			"time":	"Tue, 10 Mar 2020 14:05:48 UTC",
			"timesecs":	1583849148
		},
		"connecting_to":	{
			"host":	"bouygues.iperf.fr",
			"port":	5202
		},
		"cookie":	"ntgqa2cpi3sirr2no3345kqjpwxcjkgmstvc",
		"tcp_mss_default":	1367,
		"sock_bufsize":	0,
		"sndbuf_actual":	131072,
		"rcvbuf_actual":	131072,
		"test_start":	{
			"protocol":	"TCP",
			"num_streams":	1,
			"blksize":	131072,
			"omit":	0,
			"duration":	10,
			"bytes":	0,
			"blocks":	0,
			"reverse":	0,
			"tos":	0
		}
	},
	"intervals":	[{
			"streams":	[{
					"socket":	7,
					"start":	0,
					"end":	1.004901,
					"seconds":	1.0049010515213013,
					"bytes":	191380,
					"bits_per_second":	1523572.8907658984,
					"omitted":	false,
					"sender":	true
				}],
			"sum":	{
				"start":	0,
				"end":	1.004901,
				"seconds":	1.0049010515213013,
				"bytes":	191380,
				"bits_per_second":	1523572.8907658984,
				"omitted":	false,
				"sender":	true
			}
		}, {
			"streams":	[{
					"socket":	7,
					"start":	1.004901,
					"end":	2.000812,
					"seconds":	0.99591100215911865,
					"bytes":	3794966,
					"bits_per_second":	30484378.5581047,
					"omitted":	false,
					"sender":	true
				}],
			"sum":	{
				"start":	1.004901,
				"end":	2.000812,
				"seconds":	0.99591100215911865,
				"bytes":	3794966,
				"bits_per_second":	30484378.5581047,
				"omitted":	false,
				"sender":	true
			}
		}, {
			"streams":	[{
					"socket":	7,
					"start":	2.000812,
					"end":	3.003987,
					"seconds":	1.0031750202178955,
					"bytes":	9374041,
					"bits_per_second":	74754979.4289248,
					"omitted":	false,
					"sender":	true
				}],
			"sum":	{
				"start":	2.000812,
				"end":	3.003987,
				"seconds":	1.0031750202178955,
				"bytes":	9374041,
				"bits_per_second":	74754979.4289248,
				"omitted":	false,
				"sender":	true
			}
		}, {
			"streams":	[{
					"socket":	7,
					"start":	3.003987,
					"end":	4.00019,
					"seconds":	0.99620300531387329,
					"bytes":	12141371,
					"bits_per_second":	97501179.460301846,
					"omitted":	false,
					"sender":	true
				}],
			"sum":	{
				"start":	3.003987,
				"end":	4.00019,
				"seconds":	0.99620300531387329,
				"bytes":	12141371,
				"bits_per_second":	97501179.460301846,
				"omitted":	false,
				"sender":	true
			}
		}, {
			"streams":	[{
					"socket":	7,
					"start":	4.00019,
					"end":	5.000214,
					"seconds":	1.0000239610671997,
					"bytes":	11058533,
					"bits_per_second":	88466144.256772563,
					"omitted":	false,
					"sender":	true
				}],
			"sum":	{
				"start":	4.00019,
				"end":	5.000214,
				"seconds":	1.0000239610671997,
				"bytes":	11058533,
				"bits_per_second":	88466144.256772563,
				"omitted":	false,
				"sender":	true
			}
		}, {
			"streams":	[{
					"socket":	7,
					"start":	5.000214,
					"end":	6.000528,
					"seconds":	1.0003139972686768,
					"bytes":	12014240,
					"bits_per_second":	96083749.964946792,
					"omitted":	false,
					"sender":	true
				}],
			"sum":	{
				"start":	5.000214,
				"end":	6.000528,
				"seconds":	1.0003139972686768,
				"bytes":	12014240,
				"bits_per_second":	96083749.964946792,
				"omitted":	false,
				"sender":	true
			}
		}, {
			"streams":	[{
					"socket":	7,
					"start":	6.000528,
					"end":	7.000086,
					"seconds":	0.9995579719543457,
					"bytes":	11342869,
					"bits_per_second":	90783080.667726025,
					"omitted":	false,
					"sender":	true
				}],
			"sum":	{
				"start":	6.000528,
				"end":	7.000086,
				"seconds":	0.9995579719543457,
				"bytes":	11342869,
				"bits_per_second":	90783080.667726025,
				"omitted":	false,
				"sender":	true
			}
		}, {
			"streams":	[{
					"socket":	7,
					"start":	7.000086,
					"end":	8.000112,
					"seconds":	1.0000259876251221,
					"bytes":	12064819,
					"bits_per_second":	96516043.777236059,
					"omitted":	false,
					"sender":	true
				}],
			"sum":	{
				"start":	7.000086,
				"end":	8.000112,
				"seconds":	1.0000259876251221,
				"bytes":	12064819,
				"bits_per_second":	96516043.777236059,
				"omitted":	false,
				"sender":	true
			}
		}, {
			"streams":	[{
					"socket":	7,
					"start":	8.000112,
					"end":	9.000203,
					"seconds":	1.0000909566879272,
					"bytes":	11360640,
					"bits_per_second":	90876854.142337963,
					"omitted":	false,
					"sender":	true
				}],
			"sum":	{
				"start":	8.000112,
				"end":	9.000203,
				"seconds":	1.0000909566879272,
				"bytes":	11360640,
				"bits_per_second":	90876854.142337963,
				"omitted":	false,
				"sender":	true
			}
		}, {
			"streams":	[{
					"socket":	7,
					"start":	9.000203,
					"end":	10.000594,
					"seconds":	1.0003910064697266,
					"bytes":	11919917,
					"bits_per_second":	95322064.456089973,
					"omitted":	false,
					"sender":	true
				}],
			"sum":	{
				"start":	9.000203,
				"end":	10.000594,
				"seconds":	1.0003910064697266,
				"bytes":	11919917,
				"bits_per_second":	95322064.456089973,
				"omitted":	false,
				"sender":	true
			}
		}],
	"end":	{
		"streams":	[{
				"sender":	{
					"socket":	7,
					"start":	0,
					"end":	10.000594,
					"seconds":	10.000594,
					"bytes":	95262776,
					"bits_per_second":	76205694.1817656,
					"sender":	true
				},
				"receiver":	{
					"socket":	7,
					"start":	0,
					"end":	10.175101,
					"seconds":	10.000594,
					"bytes":	95261409,
					"bits_per_second":	74897661.654660732,
					"sender":	true
				}
			}],
		"sum_sent":	{
			"start":	0,
			"end":	10.000594,
			"seconds":	10.000594,
			"bytes":	95262776,
			"bits_per_second":	76205694.1817656,
			"sender":	true
		},
		"sum_received":	{
			"start":	0,
			"end":	10.175101,
			"seconds":	10.175101,
			"bytes":	95261409,
			"bits_per_second":	74897661.654660732,
			"sender":	true
		},
		"cpu_utilization_percent":	{
			"host_total":	8.2983516740241576,
			"host_user":	1.2948150006751062,
			"host_system":	7.0034354994001307,
			"remote_total":	2.1578080518770215,
			"remote_user":	0.46690643047187519,
			"remote_system":	1.6908933470301819
		},
		"receiver_tcp_congestion":	"cubic"
	}
}
