{
	"start":	{
		"connected":	[{
				"socket":	7,
				"local_host":	"10.145.69.251",
				"local_port":	63682,
				"remote_host":	"89.84.1.222",
				"remote_port":	5202
			}],
		"version":	"iperf 3.7",
		"system_info":	"Darwin SAMAC135.local 18.0.0 Darwin Kernel Version 18.0.0: Wed Aug 22 20:13:40 PDT 2018; root:xnu-4903.201.2~1/RELEASE_X86_64 x86_64",
		"timestamp":	{
			"time":	"Tue, 10 Mar 2020 14:09:39 UTC",
			"timesecs":	1583849379
		},
		"connecting_to":	{
			"host":	"bouygues.iperf.fr",
			"port":	5202
		},
		"cookie":	"4xsgw4jdmaizcv3nj2bkris5x7ivmgsv6ysc",
		"tcp_mss_default":	1367,
		"sock_bufsize":	0,
		"sndbuf_actual":	131072,
		"rcvbuf_actual":	131072,
		"test_start":	{
			"protocol":	"TCP",
			"num_streams":	1,
			"blksize":	131072,
			"omit":	0,
			"duration":	10,
			"bytes":	0,
			"blocks":	0,
			"reverse":	0,
			"tos":	0
		}
	},
	"intervals":	[{
			"streams":	[{
					"socket":	7,
					"start":	0,
					"end":	1.00128,
					"seconds":	1.0012799501419067,
					"bytes":	190013,
					"bits_per_second":	1518160.8298304214,
					"omitted":	false,
					"sender":	true
				}],
			"sum":	{
				"start":	0,
				"end":	1.00128,
				"seconds":	1.0012799501419067,
				"bytes":	190013,
				"bits_per_second":	1518160.8298304214,
				"omitted":	false,
				"sender":	true
			}
		}, {
			"streams":	[{
					"socket":	7,
					"start":	1.00128,
					"end":	2.000113,
					"seconds":	0.99883300065994263,
					"bytes":	2591399,
					"bits_per_second":	20755413.553920042,
					"omitted":	false,
					"sender":	true
				}],
			"sum":	{
				"start":	1.00128,
				"end":	2.000113,
				"seconds":	0.99883300065994263,
				"bytes":	2591399,
				"bits_per_second":	20755413.553920042,
				"omitted":	false,
				"sender":	true
			}
		}, {
			"streams":	[{
					"socket":	7,
					"start":	2.000113,
					"end":	3.000493,
					"seconds":	1.0003800392150879,
					"bytes":	10406733,
					"bits_per_second":	83222236.286643758,
					"omitted":	false,
					"sender":	true
				}],
			"sum":	{
				"start":	2.000113,
				"end":	3.000493,
				"seconds":	1.0003800392150879,
				"bytes":	10406733,
				"bits_per_second":	83222236.286643758,
				"omitted":	false,
				"sender":	true
			}
		}, {
			"streams":	[{
					"socket":	7,
					"start":	3.000493,
					"end":	4.004167,
					"seconds":	1.0036740303039551,
					"bytes":	11254188,
					"bits_per_second":	89703929.046300054,
					"omitted":	false,
					"sender":	true
				}],
			"sum":	{
				"start":	3.000493,
				"end":	4.004167,
				"seconds":	1.0036740303039551,
				"bytes":	11254188,
				"bits_per_second":	89703929.046300054,
				"omitted":	false,
				"sender":	true
			}
		}, {
			"streams":	[{
					"socket":	7,
					"start":	4.004167,
					"end":	5.000261,
					"seconds":	0.9960939884185791,
					"bytes":	12178106,
					"bits_per_second":	97806882.817025974,
					"omitted":	false,
					"sender":	true
				}],
			"sum":	{
				"start":	4.004167,
				"end":	5.000261,
				"seconds":	0.9960939884185791,
				"bytes":	12178106,
				"bits_per_second":	97806882.817025974,
				"omitted":	false,
				"sender":	true
			}
		}, {
			"streams":	[{
					"socket":	7,
					"start":	5.000261,
					"end":	6.000057,
					"seconds":	0.99979597330093384,
					"bytes":	11430531,
					"bits_per_second":	91462908.875384837,
					"omitted":	false,
					"sender":	true
				}],
			"sum":	{
				"start":	5.000261,
				"end":	6.000057,
				"seconds":	0.99979597330093384,
				"bytes":	11430531,
				"bits_per_second":	91462908.875384837,
				"omitted":	false,
				"sender":	true
			}
		}, {
			"streams":	[{
					"socket":	7,
					"start":	6.000057,
					"end":	7.000086,
					"seconds":	1.0000289678573608,
					"bytes":	12141371,
					"bits_per_second":	97128154.405477464,
					"omitted":	false,
					"sender":	true
				}],
			"sum":	{
				"start":	6.000057,
				"end":	7.000086,
				"seconds":	1.0000289678573608,
				"bytes":	12141371,
				"bits_per_second":	97128154.405477464,
				"omitted":	false,
				"sender":	true
			}
		}, {
			"streams":	[{
					"socket":	7,
					"start":	7.000086,
					"end":	8.000036,
					"seconds":	0.99994999170303345,
					"bytes":	11934460,
					"bits_per_second":	95480454.814938888,
					"omitted":	false,
					"sender":	true
				}],
			"sum":	{
				"start":	7.000086,
				"end":	8.000036,
				"seconds":	0.99994999170303345,
				"bytes":	11934460,
				"bits_per_second":	95480454.814938888,
				"omitted":	false,
				"sender":	true
			}
		}, {
			"streams":	[{
					"socket":	7,
					"start":	8.000036,
					"end":	9.000063,
					"seconds":	1.0000269412994385,
					"bytes":	11752096,
					"bits_per_second":	94014235.134339765,
					"omitted":	false,
					"sender":	true
				}],
			"sum":	{
				"start":	8.000036,
				"end":	9.000063,
				"seconds":	1.0000269412994385,
				"bytes":	11752096,
				"bits_per_second":	94014235.134339765,
				"omitted":	false,
				"sender":	true
			}
		}, {
			"streams":	[{
					"socket":	7,
					"start":	9.000063,
					"end":	10.000129,
					"seconds":	1.0000660419464111,
					"bytes":	12045681,
					"bits_per_second":	96359084.258521169,
					"omitted":	false,
					"sender":	true
				}],
			"sum":	{
				"start":	9.000063,
				"end":	10.000129,
				"seconds":	1.0000660419464111,
				"bytes":	12045681,
				"bits_per_second":	96359084.258521169,
				"omitted":	false,
				"sender":	true
			}
		}],
	"end":	{
		"streams":	[{
				"sender":	{
					"socket":	7,
					"start":	0,
					"end":	10.000129,
					"seconds":	10.000129,
					"bytes":	95924578,
					"bits_per_second":	76738672.471125126,
					"sender":	true
				},
				"receiver":	{
					"socket":	7,
					"start":	0,
					"end":	10.181686,
					"seconds":	10.000129,
					"bytes":	95924578,
					"bits_per_second":	75370289.753583059,
					"sender":	true
				}
			}],
		"sum_sent":	{
			"start":	0,
			"end":	10.000129,
			"seconds":	10.000129,
			"bytes":	95924578,
			"bits_per_second":	76738672.471125126,
			"sender":	true
		},
		"sum_received":	{
			"start":	0,
			"end":	10.181686,
			"seconds":	10.181686,
			"bytes":	95924578,
			"bits_per_second":	75370289.753583059,
			"sender":	true
		},
		"cpu_utilization_percent":	{
			"host_total":	8.17358785473898,
			"host_user":	1.3055917109015478,
			"host_system":	6.8678860725938193,
			"remote_total":	3.8901382671849083,
			"remote_user":	0.63177669005143788,
			"remote_system":	3.2583533421891921
		},
		"receiver_tcp_congestion":	"cubic"
	}
}
