{
	"start":	{
		"connected":	[{
				"socket":	7,
				"local_host":	"10.145.69.251",
				"local_port":	63347,
				"remote_host":	"89.84.1.222",
				"remote_port":	5202
			}],
		"version":	"iperf 3.7",
		"system_info":	"Darwin SAMAC135.local 18.0.0 Darwin Kernel Version 18.0.0: Wed Aug 22 20:13:40 PDT 2018; root:xnu-4903.201.2~1/RELEASE_X86_64 x86_64",
		"timestamp":	{
			"time":	"Tue, 10 Mar 2020 13:56:58 UTC",
			"timesecs":	1583848618
		},
		"connecting_to":	{
			"host":	"bouygues.iperf.fr",
			"port":	5202
		},
		"cookie":	"vxyv77qootqtkqlbzu55237yck7uso2rldw7",
		"tcp_mss_default":	1367,
		"sock_bufsize":	0,
		"sndbuf_actual":	131072,
		"rcvbuf_actual":	131072,
		"test_start":	{
			"protocol":	"TCP",
			"num_streams":	1,
			"blksize":	131072,
			"omit":	0,
			"duration":	10,
			"bytes":	0,
			"blocks":	0,
			"reverse":	0,
			"tos":	0
		}
	},
	"intervals":	[{
			"streams":	[{
					"socket":	7,
					"start":	0,
					"end":	1.004173,
					"seconds":	1.0041730403900146,
					"bytes":	191380,
					"bits_per_second":	1524677.4593802614,
					"omitted":	false,
					"sender":	true
				}],
			"sum":	{
				"start":	0,
				"end":	1.004173,
				"seconds":	1.0041730403900146,
				"bytes":	191380,
				"bits_per_second":	1524677.4593802614,
				"omitted":	false,
				"sender":	true
			}
		}, {
			"streams":	[{
					"socket":	7,
					"start":	1.004173,
					"end":	2.000376,
					"seconds":	0.99620300531387329,
					"bytes":	3956272,
					"bits_per_second":	31770809.595206942,
					"omitted":	false,
					"sender":	true
				}],
			"sum":	{
				"start":	1.004173,
				"end":	2.000376,
				"seconds":	0.99620300531387329,
				"bytes":	3956272,
				"bits_per_second":	31770809.595206942,
				"omitted":	false,
				"sender":	true
			}
		}, {
			"streams":	[{
					"socket":	7,
					"start":	2.000376,
					"end":	3.001129,
					"seconds":	1.0007530450820923,
					"bytes":	9815756,
					"bits_per_second":	78466958.8425369,
					"omitted":	false,
					"sender":	true
				}],
			"sum":	{
				"start":	2.000376,
				"end":	3.001129,
				"seconds":	1.0007530450820923,
				"bytes":	9815756,
				"bits_per_second":	78466958.8425369,
				"omitted":	false,
				"sender":	true
			}
		}, {
			"streams":	[{
					"socket":	7,
					"start":	3.001129,
					"end":	4.000496,
					"seconds":	0.99936699867248535,
					"bytes":	11545185,
					"bits_per_second":	92419981.9712767,
					"omitted":	false,
					"sender":	true
				}],
			"sum":	{
				"start":	3.001129,
				"end":	4.000496,
				"seconds":	0.99936699867248535,
				"bytes":	11545185,
				"bits_per_second":	92419981.9712767,
				"omitted":	false,
				"sender":	true
			}
		}, {
			"streams":	[{
					"socket":	7,
					"start":	4.000496,
					"end":	5.001231,
					"seconds":	1.0007350444793701,
					"bytes":	11526221,
					"bits_per_second":	92142039.502545744,
					"omitted":	false,
					"sender":	true
				}],
			"sum":	{
				"start":	4.000496,
				"end":	5.001231,
				"seconds":	1.0007350444793701,
				"bytes":	11526221,
				"bits_per_second":	92142039.502545744,
				"omitted":	false,
				"sender":	true
			}
		}, {
			"streams":	[{
					"socket":	7,
					"start":	5.001231,
					"end":	6.00009,
					"seconds":	0.9988589882850647,
					"bytes":	11646343,
					"bits_per_second":	93277174.34866789,
					"omitted":	false,
					"sender":	true
				}],
			"sum":	{
				"start":	5.001231,
				"end":	6.00009,
				"seconds":	0.9988589882850647,
				"bytes":	11646343,
				"bits_per_second":	93277174.34866789,
				"omitted":	false,
				"sender":	true
			}
		}, {
			"streams":	[{
					"socket":	7,
					"start":	6.00009,
					"end":	7.000136,
					"seconds":	1.0000460147857666,
					"bytes":	11576800,
					"bits_per_second":	92610138.564314142,
					"omitted":	false,
					"sender":	true
				}],
			"sum":	{
				"start":	6.00009,
				"end":	7.000136,
				"seconds":	1.0000460147857666,
				"bytes":	11576800,
				"bits_per_second":	92610138.564314142,
				"omitted":	false,
				"sender":	true
			}
		}, {
			"streams":	[{
					"socket":	7,
					"start":	7.000136,
					"end":	8.000064,
					"seconds":	0.99992799758911133,
					"bytes":	11721528,
					"bits_per_second":	93778976.312385157,
					"omitted":	false,
					"sender":	true
				}],
			"sum":	{
				"start":	7.000136,
				"end":	8.000064,
				"seconds":	0.99992799758911133,
				"bytes":	11721528,
				"bits_per_second":	93778976.312385157,
				"omitted":	false,
				"sender":	true
			}
		}, {
			"streams":	[{
					"socket":	7,
					"start":	8.000064,
					"end":	9.000181,
					"seconds":	1.0001169443130493,
					"bytes":	11515285,
					"bits_per_second":	92111508.0829633,
					"omitted":	false,
					"sender":	true
				}],
			"sum":	{
				"start":	8.000064,
				"end":	9.000181,
				"seconds":	1.0001169443130493,
				"bytes":	11515285,
				"bits_per_second":	92111508.0829633,
				"omitted":	false,
				"sender":	true
			}
		}, {
			"streams":	[{
					"socket":	7,
					"start":	9.000181,
					"end":	10.000353,
					"seconds":	1.0001720190048218,
					"bytes":	11788511,
					"bits_per_second":	94291868.0067027,
					"omitted":	false,
					"sender":	true
				}],
			"sum":	{
				"start":	9.000181,
				"end":	10.000353,
				"seconds":	1.0001720190048218,
				"bytes":	11788511,
				"bits_per_second":	94291868.0067027,
				"omitted":	false,
				"sender":	true
			}
		}],
	"end":	{
		"streams":	[{
				"sender":	{
					"socket":	7,
					"start":	0,
					"end":	10.000353,
					"seconds":	10.000353,
					"bytes":	95283281,
					"bits_per_second":	76223934.095126435,
					"sender":	true
				},
				"receiver":	{
					"socket":	7,
					"start":	0,
					"end":	10.180635,
					"seconds":	10.000353,
					"bytes":	95283281,
					"bits_per_second":	74874135.847125441,
					"sender":	true
				}
			}],
		"sum_sent":	{
			"start":	0,
			"end":	10.000353,
			"seconds":	10.000353,
			"bytes":	95283281,
			"bits_per_second":	76223934.095126435,
			"sender":	true
		},
		"sum_received":	{
			"start":	0,
			"end":	10.180635,
			"seconds":	10.180635,
			"bytes":	95283281,
			"bits_per_second":	74874135.847125441,
			"sender":	true
		},
		"cpu_utilization_percent":	{
			"host_total":	9.00118283299981,
			"host_user":	1.3981982226836922,
			"host_system":	7.6028744255932672,
			"remote_total":	2.958108210989927,
			"remote_user":	0.50544421938281825,
			"remote_system":	2.4526557432272762
		},
		"receiver_tcp_congestion":	"cubic"
	}
}
