{
	"start":	{
		"connected":	[{
				"socket":	7,
				"local_host":	"10.145.69.251",
				"local_port":	63705,
				"remote_host":	"89.84.1.222",
				"remote_port":	5202
			}],
		"version":	"iperf 3.7",
		"system_info":	"Darwin SAMAC135.local 18.0.0 Darwin Kernel Version 18.0.0: Wed Aug 22 20:13:40 PDT 2018; root:xnu-4903.201.2~1/RELEASE_X86_64 x86_64",
		"timestamp":	{
			"time":	"Tue, 10 Mar 2020 14:10:43 UTC",
			"timesecs":	1583849443
		},
		"connecting_to":	{
			"host":	"bouygues.iperf.fr",
			"port":	5202
		},
		"cookie":	"7wv5xk7wkh5x5bbjducyotr5pmhdyfsff6l4",
		"tcp_mss_default":	1367,
		"sock_bufsize":	0,
		"sndbuf_actual":	131072,
		"rcvbuf_actual":	131072,
		"test_start":	{
			"protocol":	"TCP",
			"num_streams":	1,
			"blksize":	131072,
			"omit":	0,
			"duration":	10,
			"bytes":	0,
			"blocks":	0,
			"reverse":	0,
			"tos":	0
		}
	},
	"intervals":	[{
			"streams":	[{
					"socket":	7,
					"start":	0,
					"end":	1.002817,
					"seconds":	1.0028170347213745,
					"bytes":	159939,
					"bits_per_second":	1275917.6955500194,
					"omitted":	false,
					"sender":	true
				}],
			"sum":	{
				"start":	0,
				"end":	1.002817,
				"seconds":	1.0028170347213745,
				"bytes":	159939,
				"bits_per_second":	1275917.6955500194,
				"omitted":	false,
				"sender":	true
			}
		}, {
			"streams":	[{
					"socket":	7,
					"start":	1.002817,
					"end":	2.000929,
					"seconds":	0.9981120228767395,
					"bytes":	1371578,
					"bits_per_second":	10993379.248528549,
					"omitted":	false,
					"sender":	true
				}],
			"sum":	{
				"start":	1.002817,
				"end":	2.000929,
				"seconds":	0.9981120228767395,
				"bytes":	1371578,
				"bits_per_second":	10993379.248528549,
				"omitted":	false,
				"sender":	true
			}
		}, {
			"streams":	[{
					"socket":	7,
					"start":	2.000929,
					"end":	3.000083,
					"seconds":	0.99915397167205811,
					"bytes":	7136978,
					"bits_per_second":	57144169.586246677,
					"omitted":	false,
					"sender":	true
				}],
			"sum":	{
				"start":	2.000929,
				"end":	3.000083,
				"seconds":	0.99915397167205811,
				"bytes":	7136978,
				"bits_per_second":	57144169.586246677,
				"omitted":	false,
				"sender":	true
			}
		}, {
			"streams":	[{
					"socket":	7,
					"start":	3.000083,
					"end":	4.001182,
					"seconds":	1.0010989904403687,
					"bytes":	7203245,
					"bits_per_second":	57562699.143919013,
					"omitted":	false,
					"sender":	true
				}],
			"sum":	{
				"start":	3.000083,
				"end":	4.001182,
				"seconds":	1.0010989904403687,
				"bytes":	7203245,
				"bits_per_second":	57562699.143919013,
				"omitted":	false,
				"sender":	true
			}
		}, {
			"streams":	[{
					"socket":	7,
					"start":	4.001182,
					"end":	5.001932,
					"seconds":	1.000749945640564,
					"bytes":	190013,
					"bits_per_second":	1518964.8589258788,
					"omitted":	false,
					"sender":	true
				}],
			"sum":	{
				"start":	4.001182,
				"end":	5.001932,
				"seconds":	1.000749945640564,
				"bytes":	190013,
				"bits_per_second":	1518964.8589258788,
				"omitted":	false,
				"sender":	true
			}
		}, {
			"streams":	[{
					"socket":	7,
					"start":	5.001932,
					"end":	6.000344,
					"seconds":	0.998412013053894,
					"bytes":	3270111,
					"bits_per_second":	26202497.223546371,
					"omitted":	false,
					"sender":	true
				}],
			"sum":	{
				"start":	5.001932,
				"end":	6.000344,
				"seconds":	0.998412013053894,
				"bytes":	3270111,
				"bits_per_second":	26202497.223546371,
				"omitted":	false,
				"sender":	true
			}
		}, {
			"streams":	[{
					"socket":	7,
					"start":	6.000344,
					"end":	7.001106,
					"seconds":	1.0007619857788086,
					"bytes":	5339372,
					"bits_per_second":	42682452.578130789,
					"omitted":	false,
					"sender":	true
				}],
			"sum":	{
				"start":	6.000344,
				"end":	7.001106,
				"seconds":	1.0007619857788086,
				"bytes":	5339372,
				"bits_per_second":	42682452.578130789,
				"omitted":	false,
				"sender":	true
			}
		}, {
			"streams":	[{
					"socket":	7,
					"start":	7.001106,
					"end":	8.000691,
					"seconds":	0.999584972858429,
					"bytes":	4885548,
					"bits_per_second":	39100611.81515532,
					"omitted":	false,
					"sender":	true
				}],
			"sum":	{
				"start":	7.001106,
				"end":	8.000691,
				"seconds":	0.999584972858429,
				"bytes":	4885548,
				"bits_per_second":	39100611.81515532,
				"omitted":	false,
				"sender":	true
			}
		}, {
			"streams":	[{
					"socket":	7,
					"start":	8.000691,
					"end":	9.000094,
					"seconds":	0.99940299987792969,
					"bytes":	5956186,
					"bits_per_second":	47677951.74301064,
					"omitted":	false,
					"sender":	true
				}],
			"sum":	{
				"start":	8.000691,
				"end":	9.000094,
				"seconds":	0.99940299987792969,
				"bytes":	5956186,
				"bits_per_second":	47677951.74301064,
				"omitted":	false,
				"sender":	true
			}
		}, {
			"streams":	[{
					"socket":	7,
					"start":	9.000094,
					"end":	10.000081,
					"seconds":	0.999987006187439,
					"bytes":	5150856,
					"bits_per_second":	41207383.441016562,
					"omitted":	false,
					"sender":	true
				}],
			"sum":	{
				"start":	9.000094,
				"end":	10.000081,
				"seconds":	0.999987006187439,
				"bytes":	5150856,
				"bits_per_second":	41207383.441016562,
				"omitted":	false,
				"sender":	true
			}
		}],
	"end":	{
		"streams":	[{
				"sender":	{
					"socket":	7,
					"start":	0,
					"end":	10.000081,
					"seconds":	10.000081,
					"bytes":	40663826,
					"bits_per_second":	32530797.300541867,
					"sender":	true
				},
				"receiver":	{
					"socket":	7,
					"start":	0,
					"end":	10.177853,
					"seconds":	10.000081,
					"bytes":	39575520,
					"bits_per_second":	31107165.725423623,
					"sender":	true
				}
			}],
		"sum_sent":	{
			"start":	0,
			"end":	10.000081,
			"seconds":	10.000081,
			"bytes":	40663826,
			"bits_per_second":	32530797.300541867,
			"sender":	true
		},
		"sum_received":	{
			"start":	0,
			"end":	10.177853,
			"seconds":	10.177853,
			"bytes":	39575520,
			"bits_per_second":	31107165.725423623,
			"sender":	true
		},
		"cpu_utilization_percent":	{
			"host_total":	6.0127665308983564,
			"host_user":	1.200171898873754,
			"host_system":	4.8124960044629868,
			"remote_total":	1.303752017438389,
			"remote_user":	0.18510802356337347,
			"remote_system":	1.1186439938750155
		},
		"receiver_tcp_congestion":	"cubic"
	}
}
