{
	"start":	{
		"connected":	[{
				"socket":	7,
				"local_host":	"10.145.69.251",
				"local_port":	63362,
				"remote_host":	"89.84.1.222",
				"remote_port":	5202
			}],
		"version":	"iperf 3.7",
		"system_info":	"Darwin SAMAC135.local 18.0.0 Darwin Kernel Version 18.0.0: Wed Aug 22 20:13:40 PDT 2018; root:xnu-4903.201.2~1/RELEASE_X86_64 x86_64",
		"timestamp":	{
			"time":	"Tue, 10 Mar 2020 13:57:49 UTC",
			"timesecs":	1583848669
		},
		"connecting_to":	{
			"host":	"bouygues.iperf.fr",
			"port":	5202
		},
		"cookie":	"czw774vglexilawrv5rcqmqhystj2p725ttn",
		"tcp_mss_default":	1367,
		"sock_bufsize":	0,
		"sndbuf_actual":	131072,
		"rcvbuf_actual":	131072,
		"test_start":	{
			"protocol":	"TCP",
			"num_streams":	1,
			"blksize":	131072,
			"omit":	0,
			"duration":	10,
			"bytes":	0,
			"blocks":	0,
			"reverse":	0,
			"tos":	0
		}
	},
	"intervals":	[{
			"streams":	[{
					"socket":	7,
					"start":	0,
					"end":	1.004073,
					"seconds":	1.0040730237960815,
					"bytes":	188646,
					"bits_per_second":	1503046.0576406233,
					"omitted":	false,
					"sender":	true
				}],
			"sum":	{
				"start":	0,
				"end":	1.004073,
				"seconds":	1.0040730237960815,
				"bytes":	188646,
				"bits_per_second":	1503046.0576406233,
				"omitted":	false,
				"sender":	true
			}
		}, {
			"streams":	[{
					"socket":	7,
					"start":	1.004073,
					"end":	2.000661,
					"seconds":	0.99658799171447754,
					"bytes":	3309951,
					"bits_per_second":	26570265.967630088,
					"omitted":	false,
					"sender":	true
				}],
			"sum":	{
				"start":	1.004073,
				"end":	2.000661,
				"seconds":	0.99658799171447754,
				"bytes":	3309951,
				"bits_per_second":	26570265.967630088,
				"omitted":	false,
				"sender":	true
			}
		}, {
			"streams":	[{
					"socket":	7,
					"start":	2.000661,
					"end":	3.001649,
					"seconds":	1.0009880065917969,
					"bytes":	9999217,
					"bits_per_second":	79914779.670903146,
					"omitted":	false,
					"sender":	true
				}],
			"sum":	{
				"start":	2.000661,
				"end":	3.001649,
				"seconds":	1.0009880065917969,
				"bytes":	9999217,
				"bits_per_second":	79914779.670903146,
				"omitted":	false,
				"sender":	true
			}
		}, {
			"streams":	[{
					"socket":	7,
					"start":	3.001649,
					"end":	4.001087,
					"seconds":	0.99943798780441284,
					"bytes":	11662194,
					"bits_per_second":	93350015.84736447,
					"omitted":	false,
					"sender":	true
				}],
			"sum":	{
				"start":	3.001649,
				"end":	4.001087,
				"seconds":	0.99943798780441284,
				"bytes":	11662194,
				"bits_per_second":	93350015.84736447,
				"omitted":	false,
				"sender":	true
			}
		}, {
			"streams":	[{
					"socket":	7,
					"start":	4.001087,
					"end":	5.000296,
					"seconds":	0.99920898675918579,
					"bytes":	11844558,
					"bits_per_second":	94831476.95391652,
					"omitted":	false,
					"sender":	true
				}],
			"sum":	{
				"start":	4.001087,
				"end":	5.000296,
				"seconds":	0.99920898675918579,
				"bytes":	11844558,
				"bits_per_second":	94831476.95391652,
				"omitted":	false,
				"sender":	true
			}
		}, {
			"streams":	[{
					"socket":	7,
					"start":	5.000296,
					"end":	6.000174,
					"seconds":	0.99987798929214478,
					"bytes":	12149573,
					"bits_per_second":	97208444.471119434,
					"omitted":	false,
					"sender":	true
				}],
			"sum":	{
				"start":	5.000296,
				"end":	6.000174,
				"seconds":	0.99987798929214478,
				"bytes":	12149573,
				"bits_per_second":	97208444.471119434,
				"omitted":	false,
				"sender":	true
			}
		}, {
			"streams":	[{
					"socket":	7,
					"start":	6.000174,
					"end":	7.000167,
					"seconds":	0.99999302625656128,
					"bytes":	11766813,
					"bits_per_second":	94135160.474457711,
					"omitted":	false,
					"sender":	true
				}],
			"sum":	{
				"start":	6.000174,
				"end":	7.000167,
				"seconds":	0.99999302625656128,
				"bytes":	11766813,
				"bits_per_second":	94135160.474457711,
				"omitted":	false,
				"sender":	true
			}
		}, {
			"streams":	[{
					"socket":	7,
					"start":	7.000167,
					"end":	8.00027,
					"seconds":	1.0001029968261719,
					"bytes":	11870531,
					"bits_per_second":	94954467.99116607,
					"omitted":	false,
					"sender":	true
				}],
			"sum":	{
				"start":	7.000167,
				"end":	8.00027,
				"seconds":	1.0001029968261719,
				"bytes":	11870531,
				"bits_per_second":	94954467.99116607,
				"omitted":	false,
				"sender":	true
			}
		}, {
			"streams":	[{
					"socket":	7,
					"start":	8.00027,
					"end":	9.000059,
					"seconds":	0.99978899955749512,
					"bytes":	11859609,
					"bits_per_second":	94896895.286897868,
					"omitted":	false,
					"sender":	true
				}],
			"sum":	{
				"start":	8.00027,
				"end":	9.000059,
				"seconds":	0.99978899955749512,
				"bytes":	11859609,
				"bits_per_second":	94896895.286897868,
				"omitted":	false,
				"sender":	true
			}
		}, {
			"streams":	[{
					"socket":	7,
					"start":	9.000059,
					"end":	10.000084,
					"seconds":	1.0000250339508057,
					"bytes":	12085484,
					"bits_per_second":	96681451.681294784,
					"omitted":	false,
					"sender":	true
				}],
			"sum":	{
				"start":	9.000059,
				"end":	10.000084,
				"seconds":	1.0000250339508057,
				"bytes":	12085484,
				"bits_per_second":	96681451.681294784,
				"omitted":	false,
				"sender":	true
			}
		}],
	"end":	{
		"streams":	[{
				"sender":	{
					"socket":	7,
					"start":	0,
					"end":	10.000084,
					"seconds":	10.000084,
					"bytes":	96736576,
					"bits_per_second":	77388610.735669822,
					"sender":	true
				},
				"receiver":	{
					"socket":	7,
					"start":	0,
					"end":	10.179557,
					"seconds":	10.000084,
					"bytes":	96733842,
					"bits_per_second":	76022044.574238345,
					"sender":	true
				}
			}],
		"sum_sent":	{
			"start":	0,
			"end":	10.000084,
			"seconds":	10.000084,
			"bytes":	96736576,
			"bits_per_second":	77388610.735669822,
			"sender":	true
		},
		"sum_received":	{
			"start":	0,
			"end":	10.179557,
			"seconds":	10.179557,
			"bytes":	96733842,
			"bits_per_second":	76022044.574238345,
			"sender":	true
		},
		"cpu_utilization_percent":	{
			"host_total":	8.4169842047931276,
			"host_user":	1.3356804248053125,
			"host_system":	7.0812211316105618,
			"remote_total":	3.2853806960702774,
			"remote_user":	0.71595672663729926,
			"remote_system":	2.5694157198480556
		},
		"receiver_tcp_congestion":	"cubic"
	}
}
