{
	"start":	{
		"connected":	[{
				"socket":	7,
				"local_host":	"10.145.69.251",
				"local_port":	63354,
				"remote_host":	"89.84.1.222",
				"remote_port":	5202
			}],
		"version":	"iperf 3.7",
		"system_info":	"Darwin SAMAC135.local 18.0.0 Darwin Kernel Version 18.0.0: Wed Aug 22 20:13:40 PDT 2018; root:xnu-4903.201.2~1/RELEASE_X86_64 x86_64",
		"timestamp":	{
			"time":	"Tue, 10 Mar 2020 13:57:24 UTC",
			"timesecs":	1583848644
		},
		"connecting_to":	{
			"host":	"bouygues.iperf.fr",
			"port":	5202
		},
		"cookie":	"2tpyabtzuekdjbamt6l4zv5nslhzmexf4b4p",
		"tcp_mss_default":	1367,
		"sock_bufsize":	0,
		"sndbuf_actual":	131072,
		"rcvbuf_actual":	131072,
		"test_start":	{
			"protocol":	"TCP",
			"num_streams":	1,
			"blksize":	131072,
			"omit":	0,
			"duration":	10,
			"bytes":	0,
			"blocks":	0,
			"reverse":	0,
			"tos":	0
		}
	},
	"intervals":	[{
			"streams":	[{
					"socket":	7,
					"start":	0,
					"end":	1.005118,
					"seconds":	1.0051180124282837,
					"bytes":	191380,
					"bits_per_second":	1523244.0181836274,
					"omitted":	false,
					"sender":	true
				}],
			"sum":	{
				"start":	0,
				"end":	1.005118,
				"seconds":	1.0051180124282837,
				"bytes":	191380,
				"bits_per_second":	1523244.0181836274,
				"omitted":	false,
				"sender":	true
			}
		}, {
			"streams":	[{
					"socket":	7,
					"start":	1.005118,
					"end":	2.000264,
					"seconds":	0.99514597654342651,
					"bytes":	3233509,
					"bits_per_second":	25994248.6928913,
					"omitted":	false,
					"sender":	true
				}],
			"sum":	{
				"start":	1.005118,
				"end":	2.000264,
				"seconds":	0.99514597654342651,
				"bytes":	3233509,
				"bits_per_second":	25994248.6928913,
				"omitted":	false,
				"sender":	true
			}
		}, {
			"streams":	[{
					"socket":	7,
					"start":	2.000264,
					"end":	3.000011,
					"seconds":	0.99974697828292847,
					"bytes":	9403735,
					"bits_per_second":	75248919.610847712,
					"omitted":	false,
					"sender":	true
				}],
			"sum":	{
				"start":	2.000264,
				"end":	3.000011,
				"seconds":	0.99974697828292847,
				"bytes":	9403735,
				"bits_per_second":	75248919.610847712,
				"omitted":	false,
				"sender":	true
			}
		}, {
			"streams":	[{
					"socket":	7,
					"start":	3.000011,
					"end":	4.000237,
					"seconds":	1.0002260208129883,
					"bytes":	12016974,
					"bits_per_second":	96114068.220161274,
					"omitted":	false,
					"sender":	true
				}],
			"sum":	{
				"start":	3.000011,
				"end":	4.000237,
				"seconds":	1.0002260208129883,
				"bytes":	12016974,
				"bits_per_second":	96114068.220161274,
				"omitted":	false,
				"sender":	true
			}
		}, {
			"streams":	[{
					"socket":	7,
					"start":	4.000237,
					"end":	5.000083,
					"seconds":	0.99984598159790039,
					"bytes":	12323008,
					"bits_per_second":	98599250.098948464,
					"omitted":	false,
					"sender":	true
				}],
			"sum":	{
				"start":	4.000237,
				"end":	5.000083,
				"seconds":	0.99984598159790039,
				"bytes":	12323008,
				"bits_per_second":	98599250.098948464,
				"omitted":	false,
				"sender":	true
			}
		}, {
			"streams":	[{
					"socket":	7,
					"start":	5.000083,
					"end":	6.000184,
					"seconds":	1.0001009702682495,
					"bytes":	11572699,
					"bits_per_second":	92572244.955594376,
					"omitted":	false,
					"sender":	true
				}],
			"sum":	{
				"start":	5.000083,
				"end":	6.000184,
				"seconds":	1.0001009702682495,
				"bytes":	11572699,
				"bits_per_second":	92572244.955594376,
				"omitted":	false,
				"sender":	true
			}
		}, {
			"streams":	[{
					"socket":	7,
					"start":	6.000184,
					"end":	7.000298,
					"seconds":	1.0001139640808105,
					"bytes":	12012873,
					"bits_per_second":	96092032.959790528,
					"omitted":	false,
					"sender":	true
				}],
			"sum":	{
				"start":	6.000184,
				"end":	7.000298,
				"seconds":	1.0001139640808105,
				"bytes":	12012873,
				"bits_per_second":	96092032.959790528,
				"omitted":	false,
				"sender":	true
			}
		}, {
			"streams":	[{
					"socket":	7,
					"start":	7.000298,
					"end":	8.00059,
					"seconds":	1.0002919435501099,
					"bytes":	12153500,
					"bits_per_second":	97199623.196934551,
					"omitted":	false,
					"sender":	true
				}],
			"sum":	{
				"start":	7.000298,
				"end":	8.00059,
				"seconds":	1.0002919435501099,
				"bytes":	12153500,
				"bits_per_second":	97199623.196934551,
				"omitted":	false,
				"sender":	true
			}
		}, {
			"streams":	[{
					"socket":	7,
					"start":	8.00059,
					"end":	9.000405,
					"seconds":	0.99981498718261719,
					"bytes":	11776382,
					"bits_per_second":	94228489.478316113,
					"omitted":	false,
					"sender":	true
				}],
			"sum":	{
				"start":	8.00059,
				"end":	9.000405,
				"seconds":	0.99981498718261719,
				"bytes":	11776382,
				"bits_per_second":	94228489.478316113,
				"omitted":	false,
				"sender":	true
			}
		}, {
			"streams":	[{
					"socket":	7,
					"start":	9.000405,
					"end":	10.000262,
					"seconds":	0.99985700845718384,
					"bytes":	12033378,
					"bits_per_second":	96280791.338897109,
					"omitted":	false,
					"sender":	true
				}],
			"sum":	{
				"start":	9.000405,
				"end":	10.000262,
				"seconds":	0.99985700845718384,
				"bytes":	12033378,
				"bits_per_second":	96280791.338897109,
				"omitted":	false,
				"sender":	true
			}
		}],
	"end":	{
		"streams":	[{
				"sender":	{
					"socket":	7,
					"start":	0,
					"end":	10.000262,
					"seconds":	10.000262,
					"bytes":	96717438,
					"bits_per_second":	77371923.2556107,
					"sender":	true
				},
				"receiver":	{
					"socket":	7,
					"start":	0,
					"end":	10.183154,
					"seconds":	10.000262,
					"bytes":	96717438,
					"bits_per_second":	75982304.1073522,
					"sender":	true
				}
			}],
		"sum_sent":	{
			"start":	0,
			"end":	10.000262,
			"seconds":	10.000262,
			"bytes":	96717438,
			"bits_per_second":	77371923.2556107,
			"sender":	true
		},
		"sum_received":	{
			"start":	0,
			"end":	10.183154,
			"seconds":	10.183154,
			"bytes":	96717438,
			"bits_per_second":	75982304.1073522,
			"sender":	true
		},
		"cpu_utilization_percent":	{
			"host_total":	8.4884376141821374,
			"host_user":	1.3227152200294361,
			"host_system":	7.1656306815930684,
			"remote_total":	3.2532444106498435,
			"remote_user":	0.53430668808723314,
			"remote_system":	2.7189377225626106
		},
		"receiver_tcp_congestion":	"cubic"
	}
}
