{
	"start":	{
		"connected":	[{
				"socket":	7,
				"local_host":	"10.145.69.251",
				"local_port":	63744,
				"remote_host":	"89.84.1.222",
				"remote_port":	5202
			}],
		"version":	"iperf 3.7",
		"system_info":	"Darwin SAMAC135.local 18.0.0 Darwin Kernel Version 18.0.0: Wed Aug 22 20:13:40 PDT 2018; root:xnu-4903.201.2~1/RELEASE_X86_64 x86_64",
		"timestamp":	{
			"time":	"Tue, 10 Mar 2020 14:12:26 UTC",
			"timesecs":	1583849546
		},
		"connecting_to":	{
			"host":	"bouygues.iperf.fr",
			"port":	5202
		},
		"cookie":	"ifyqhszihlvlacdz2piyispnj3eecuxxbdx7",
		"tcp_mss_default":	1367,
		"sock_bufsize":	0,
		"sndbuf_actual":	131072,
		"rcvbuf_actual":	131072,
		"test_start":	{
			"protocol":	"TCP",
			"num_streams":	1,
			"blksize":	131072,
			"omit":	0,
			"duration":	10,
			"bytes":	0,
			"blocks":	0,
			"reverse":	0,
			"tos":	0
		}
	},
	"intervals":	[{
			"streams":	[{
					"socket":	7,
					"start":	0,
					"end":	1.004094,
					"seconds":	1.0040940046310425,
					"bytes":	190013,
					"bits_per_second":	1513906.0615729571,
					"omitted":	false,
					"sender":	true
				}],
			"sum":	{
				"start":	0,
				"end":	1.004094,
				"seconds":	1.0040940046310425,
				"bytes":	190013,
				"bits_per_second":	1513906.0615729571,
				"omitted":	false,
				"sender":	true
			}
		}, {
			"streams":	[{
					"socket":	7,
					"start":	1.004094,
					"end":	2.000447,
					"seconds":	0.99635297060012817,
					"bytes":	2606416,
					"bits_per_second":	20927651.761243533,
					"omitted":	false,
					"sender":	true
				}],
			"sum":	{
				"start":	1.004094,
				"end":	2.000447,
				"seconds":	0.99635297060012817,
				"bytes":	2606416,
				"bits_per_second":	20927651.761243533,
				"omitted":	false,
				"sender":	true
			}
		}, {
			"streams":	[{
					"socket":	7,
					"start":	2.000447,
					"end":	3.000089,
					"seconds":	0.999642014503479,
					"bytes":	10300127,
					"bits_per_second":	82430524.932396412,
					"omitted":	false,
					"sender":	true
				}],
			"sum":	{
				"start":	2.000447,
				"end":	3.000089,
				"seconds":	0.999642014503479,
				"bytes":	10300127,
				"bits_per_second":	82430524.932396412,
				"omitted":	false,
				"sender":	true
			}
		}, {
			"streams":	[{
					"socket":	7,
					"start":	3.000089,
					"end":	4.000102,
					"seconds":	1.000012993812561,
					"bytes":	10530871,
					"bits_per_second":	84245873.32491298,
					"omitted":	false,
					"sender":	true
				}],
			"sum":	{
				"start":	3.000089,
				"end":	4.000102,
				"seconds":	1.000012993812561,
				"bytes":	10530871,
				"bits_per_second":	84245873.32491298,
				"omitted":	false,
				"sender":	true
			}
		}, {
			"streams":	[{
					"socket":	7,
					"start":	4.000102,
					"end":	5.000019,
					"seconds":	0.99991697072982788,
					"bytes":	11541258,
					"bits_per_second":	92337730.734392226,
					"omitted":	false,
					"sender":	true
				}],
			"sum":	{
				"start":	4.000102,
				"end":	5.000019,
				"seconds":	0.99991697072982788,
				"bytes":	11541258,
				"bits_per_second":	92337730.734392226,
				"omitted":	false,
				"sender":	true
			}
		}, {
			"streams":	[{
					"socket":	7,
					"start":	5.000019,
					"end":	6.000278,
					"seconds":	1.0002590417861938,
					"bytes":	11521946,
					"bits_per_second":	92151696.859844625,
					"omitted":	false,
					"sender":	true
				}],
			"sum":	{
				"start":	5.000019,
				"end":	6.000278,
				"seconds":	1.0002590417861938,
				"bytes":	11521946,
				"bits_per_second":	92151696.859844625,
				"omitted":	false,
				"sender":	true
			}
		}, {
			"streams":	[{
					"socket":	7,
					"start":	6.000278,
					"end":	7.000174,
					"seconds":	0.99989598989486694,
					"bytes":	10727719,
					"bits_per_second":	85830679.257973269,
					"omitted":	false,
					"sender":	true
				}],
			"sum":	{
				"start":	6.000278,
				"end":	7.000174,
				"seconds":	0.99989598989486694,
				"bytes":	10727719,
				"bits_per_second":	85830679.257973269,
				"omitted":	false,
				"sender":	true
			}
		}, {
			"streams":	[{
					"socket":	7,
					"start":	7.000174,
					"end":	8.000129,
					"seconds":	0.99995499849319458,
					"bytes":	11816025,
					"bits_per_second":	94532454.102876648,
					"omitted":	false,
					"sender":	true
				}],
			"sum":	{
				"start":	7.000174,
				"end":	8.000129,
				"seconds":	0.99995499849319458,
				"bytes":	11816025,
				"bits_per_second":	94532454.102876648,
				"omitted":	false,
				"sender":	true
			}
		}, {
			"streams":	[{
					"socket":	7,
					"start":	8.000129,
					"end":	9.000538,
					"seconds":	1.0004090070724487,
					"bytes":	11161058,
					"bits_per_second":	89251959.317409277,
					"omitted":	false,
					"sender":	true
				}],
			"sum":	{
				"start":	8.000129,
				"end":	9.000538,
				"seconds":	1.0004090070724487,
				"bytes":	11161058,
				"bits_per_second":	89251959.317409277,
				"omitted":	false,
				"sender":	true
			}
		}, {
			"streams":	[{
					"socket":	7,
					"start":	9.000538,
					"end":	10.000217,
					"seconds":	0.99967902898788452,
					"bytes":	11278460,
					"bits_per_second":	90256649.768226266,
					"omitted":	false,
					"sender":	true
				}],
			"sum":	{
				"start":	9.000538,
				"end":	10.000217,
				"seconds":	0.99967902898788452,
				"bytes":	11278460,
				"bits_per_second":	90256649.768226266,
				"omitted":	false,
				"sender":	true
			}
		}],
	"end":	{
		"streams":	[{
				"sender":	{
					"socket":	7,
					"start":	0,
					"end":	10.000217,
					"seconds":	10.000217,
					"bytes":	91673893,
					"bits_per_second":	73337522.97575143,
					"sender":	true
				},
				"receiver":	{
					"socket":	7,
					"start":	0,
					"end":	10.174141,
					"seconds":	10.000217,
					"bytes":	91624521,
					"bits_per_second":	72045017.658001781,
					"sender":	true
				}
			}],
		"sum_sent":	{
			"start":	0,
			"end":	10.000217,
			"seconds":	10.000217,
			"bytes":	91673893,
			"bits_per_second":	73337522.97575143,
			"sender":	true
		},
		"sum_received":	{
			"start":	0,
			"end":	10.174141,
			"seconds":	10.174141,
			"bytes":	91624521,
			"bits_per_second":	72045017.658001781,
			"sender":	true
		},
		"cpu_utilization_percent":	{
			"host_total":	8.405277508016793,
			"host_user":	1.3211503974376397,
			"host_system":	7.0840260363530918,
			"remote_total":	2.7520438916493482,
			"remote_user":	0.95043822494420716,
			"remote_system":	1.8016056667051412
		},
		"receiver_tcp_congestion":	"cubic"
	}
}
