{
	"start":	{
		"connected":	[{
				"socket":	7,
				"local_host":	"10.145.69.251",
				"local_port":	63838,
				"remote_host":	"89.84.1.222",
				"remote_port":	5202
			}],
		"version":	"iperf 3.7",
		"system_info":	"Darwin SAMAC135.local 18.0.0 Darwin Kernel Version 18.0.0: Wed Aug 22 20:13:40 PDT 2018; root:xnu-4903.201.2~1/RELEASE_X86_64 x86_64",
		"timestamp":	{
			"time":	"Tue, 10 Mar 2020 14:16:43 UTC",
			"timesecs":	1583849803
		},
		"connecting_to":	{
			"host":	"bouygues.iperf.fr",
			"port":	5202
		},
		"cookie":	"2tqscfxjpea7n35padoahcva5didjybm4gr7",
		"tcp_mss_default":	1367,
		"sock_bufsize":	0,
		"sndbuf_actual":	131072,
		"rcvbuf_actual":	131072,
		"test_start":	{
			"protocol":	"TCP",
			"num_streams":	1,
			"blksize":	131072,
			"omit":	0,
			"duration":	10,
			"bytes":	0,
			"blocks":	0,
			"reverse":	0,
			"tos":	0
		}
	},
	"intervals":	[{
			"streams":	[{
					"socket":	7,
					"start":	0,
					"end":	1.002739,
					"seconds":	1.0027389526367188,
					"bytes":	191380,
					"bits_per_second":	1526858.0082324566,
					"omitted":	false,
					"sender":	true
				}],
			"sum":	{
				"start":	0,
				"end":	1.002739,
				"seconds":	1.0027389526367188,
				"bytes":	191380,
				"bits_per_second":	1526858.0082324566,
				"omitted":	false,
				"sender":	true
			}
		}, {
			"streams":	[{
					"socket":	7,
					"start":	1.002739,
					"end":	2.000075,
					"seconds":	0.99733597040176392,
					"bytes":	3703377,
					"bits_per_second":	29706154.073702104,
					"omitted":	false,
					"sender":	true
				}],
			"sum":	{
				"start":	1.002739,
				"end":	2.000075,
				"seconds":	0.99733597040176392,
				"bytes":	3703377,
				"bits_per_second":	29706154.073702104,
				"omitted":	false,
				"sender":	true
			}
		}, {
			"streams":	[{
					"socket":	7,
					"start":	2.000075,
					"end":	3.001998,
					"seconds":	1.0019229650497437,
					"bytes":	3036107,
					"bits_per_second":	24242239.021633867,
					"omitted":	false,
					"sender":	true
				}],
			"sum":	{
				"start":	2.000075,
				"end":	3.001998,
				"seconds":	1.0019229650497437,
				"bytes":	3036107,
				"bits_per_second":	24242239.021633867,
				"omitted":	false,
				"sender":	true
			}
		}, {
			"streams":	[{
					"socket":	7,
					"start":	3.001998,
					"end":	4.004168,
					"seconds":	1.0021699666976929,
					"bytes":	325346,
					"bits_per_second":	2597132.309379145,
					"omitted":	false,
					"sender":	true
				}],
			"sum":	{
				"start":	3.001998,
				"end":	4.004168,
				"seconds":	1.0021699666976929,
				"bytes":	325346,
				"bits_per_second":	2597132.309379145,
				"omitted":	false,
				"sender":	true
			}
		}, {
			"streams":	[{
					"socket":	7,
					"start":	4.004168,
					"end":	5.000499,
					"seconds":	0.996330976486206,
					"bytes":	4321384,
					"bits_per_second":	34698381.176426895,
					"omitted":	false,
					"sender":	true
				}],
			"sum":	{
				"start":	4.004168,
				"end":	5.000499,
				"seconds":	0.996330976486206,
				"bytes":	4321384,
				"bits_per_second":	34698381.176426895,
				"omitted":	false,
				"sender":	true
			}
		}, {
			"streams":	[{
					"socket":	7,
					"start":	5.000499,
					"end":	6.005086,
					"seconds":	1.0045870542526245,
					"bytes":	4503975,
					"bits_per_second":	35867274.864303641,
					"omitted":	false,
					"sender":	true
				}],
			"sum":	{
				"start":	5.000499,
				"end":	6.005086,
				"seconds":	1.0045870542526245,
				"bytes":	4503975,
				"bits_per_second":	35867274.864303641,
				"omitted":	false,
				"sender":	true
			}
		}, {
			"streams":	[{
					"socket":	7,
					"start":	6.005086,
					"end":	7.000608,
					"seconds":	0.99552202224731445,
					"bytes":	5425623,
					"bits_per_second":	43600224.836831421,
					"omitted":	false,
					"sender":	true
				}],
			"sum":	{
				"start":	6.005086,
				"end":	7.000608,
				"seconds":	0.99552202224731445,
				"bytes":	5425623,
				"bits_per_second":	43600224.836831421,
				"omitted":	false,
				"sender":	true
			}
		}, {
			"streams":	[{
					"socket":	7,
					"start":	7.000608,
					"end":	8.002309,
					"seconds":	1.0017009973526,
					"bytes":	4932303,
					"bits_per_second":	39391419.300055444,
					"omitted":	false,
					"sender":	true
				}],
			"sum":	{
				"start":	7.000608,
				"end":	8.002309,
				"seconds":	1.0017009973526,
				"bytes":	4932303,
				"bits_per_second":	39391419.300055444,
				"omitted":	false,
				"sender":	true
			}
		}, {
			"streams":	[{
					"socket":	7,
					"start":	8.002309,
					"end":	9.000286,
					"seconds":	0.99797701835632324,
					"bytes":	5789245,
					"bits_per_second":	46407842.212919384,
					"omitted":	false,
					"sender":	true
				}],
			"sum":	{
				"start":	8.002309,
				"end":	9.000286,
				"seconds":	0.99797701835632324,
				"bytes":	5789245,
				"bits_per_second":	46407842.212919384,
				"omitted":	false,
				"sender":	true
			}
		}, {
			"streams":	[{
					"socket":	7,
					"start":	9.000286,
					"end":	10.00055,
					"seconds":	1.000264048576355,
					"bytes":	5040129,
					"bits_per_second":	40310388.099410035,
					"omitted":	false,
					"sender":	true
				}],
			"sum":	{
				"start":	9.000286,
				"end":	10.00055,
				"seconds":	1.000264048576355,
				"bytes":	5040129,
				"bits_per_second":	40310388.099410035,
				"omitted":	false,
				"sender":	true
			}
		}],
	"end":	{
		"streams":	[{
				"sender":	{
					"socket":	7,
					"start":	0,
					"end":	10.00055,
					"seconds":	10.00055,
					"bytes":	37268869,
					"bits_per_second":	29813455.459949702,
					"sender":	true
				},
				"receiver":	{
					"socket":	7,
					"start":	0,
					"end":	10.183728,
					"seconds":	10.00055,
					"bytes":	36127250,
					"bits_per_second":	28380373.081449151,
					"sender":	true
				}
			}],
		"sum_sent":	{
			"start":	0,
			"end":	10.00055,
			"seconds":	10.00055,
			"bytes":	37268869,
			"bits_per_second":	29813455.459949702,
			"sender":	true
		},
		"sum_received":	{
			"start":	0,
			"end":	10.183728,
			"seconds":	10.183728,
			"bytes":	36127250,
			"bits_per_second":	28380373.081449151,
			"sender":	true
		},
		"cpu_utilization_percent":	{
			"host_total":	5.4575571191061654,
			"host_user":	1.1449810343776241,
			"host_system":	4.3124842504152747,
			"remote_total":	1.3855275595598189,
			"remote_user":	0.43802365839870516,
			"remote_system":	0.94750390116111372
		},
		"receiver_tcp_congestion":	"cubic"
	}
}
