{
	"start":	{
		"connected":	[{
				"socket":	7,
				"local_host":	"10.145.69.251",
				"local_port":	63377,
				"remote_host":	"89.84.1.222",
				"remote_port":	5202
			}],
		"version":	"iperf 3.7",
		"system_info":	"Darwin SAMAC135.local 18.0.0 Darwin Kernel Version 18.0.0: Wed Aug 22 20:13:40 PDT 2018; root:xnu-4903.201.2~1/RELEASE_X86_64 x86_64",
		"timestamp":	{
			"time":	"Tue, 10 Mar 2020 13:58:28 UTC",
			"timesecs":	1583848708
		},
		"connecting_to":	{
			"host":	"bouygues.iperf.fr",
			"port":	5202
		},
		"cookie":	"4tnvb3qg2wrpme3vlaiezrg6rzlkd4mj7gzq",
		"tcp_mss_default":	1367,
		"sock_bufsize":	0,
		"sndbuf_actual":	131072,
		"rcvbuf_actual":	131072,
		"test_start":	{
			"protocol":	"TCP",
			"num_streams":	1,
			"blksize":	131072,
			"omit":	0,
			"duration":	10,
			"bytes":	0,
			"blocks":	0,
			"reverse":	0,
			"tos":	0
		}
	},
	"intervals":	[{
			"streams":	[{
					"socket":	7,
					"start":	0,
					"end":	1.004481,
					"seconds":	1.0044809579849243,
					"bytes":	192747,
					"bits_per_second":	1535097.2935249438,
					"omitted":	false,
					"sender":	true
				}],
			"sum":	{
				"start":	0,
				"end":	1.004481,
				"seconds":	1.0044809579849243,
				"bytes":	192747,
				"bits_per_second":	1535097.2935249438,
				"omitted":	false,
				"sender":	true
			}
		}, {
			"streams":	[{
					"socket":	7,
					"start":	1.004481,
					"end":	2.002143,
					"seconds":	0.9976620078086853,
					"bytes":	3842811,
					"bits_per_second":	30814532.135511842,
					"omitted":	false,
					"sender":	true
				}],
			"sum":	{
				"start":	1.004481,
				"end":	2.002143,
				"seconds":	0.9976620078086853,
				"bytes":	3842811,
				"bits_per_second":	30814532.135511842,
				"omitted":	false,
				"sender":	true
			}
		}, {
			"streams":	[{
					"socket":	7,
					"start":	2.002143,
					"end":	3.000363,
					"seconds":	0.99822002649307251,
					"bytes":	9475199,
					"bits_per_second":	75936757.416403174,
					"omitted":	false,
					"sender":	true
				}],
			"sum":	{
				"start":	2.002143,
				"end":	3.000363,
				"seconds":	0.99822002649307251,
				"bytes":	9475199,
				"bits_per_second":	75936757.416403174,
				"omitted":	false,
				"sender":	true
			}
		}, {
			"streams":	[{
					"socket":	7,
					"start":	3.000363,
					"end":	4.000881,
					"seconds":	1.0005179643630981,
					"bytes":	12144105,
					"bits_per_second":	97102544.342464447,
					"omitted":	false,
					"sender":	true
				}],
			"sum":	{
				"start":	3.000363,
				"end":	4.000881,
				"seconds":	1.0005179643630981,
				"bytes":	12144105,
				"bits_per_second":	97102544.342464447,
				"omitted":	false,
				"sender":	true
			}
		}, {
			"streams":	[{
					"socket":	7,
					"start":	4.000881,
					"end":	5.000132,
					"seconds":	0.99925100803375244,
					"bytes":	11483510,
					"bits_per_second":	91936940.029483467,
					"omitted":	false,
					"sender":	true
				}],
			"sum":	{
				"start":	4.000881,
				"end":	5.000132,
				"seconds":	0.99925100803375244,
				"bytes":	11483510,
				"bits_per_second":	91936940.029483467,
				"omitted":	false,
				"sender":	true
			}
		}, {
			"streams":	[{
					"socket":	7,
					"start":	5.000132,
					"end":	6.000068,
					"seconds":	0.99993598461151123,
					"bytes":	12203046,
					"bits_per_second":	97630617.861930832,
					"omitted":	false,
					"sender":	true
				}],
			"sum":	{
				"start":	5.000132,
				"end":	6.000068,
				"seconds":	0.99993598461151123,
				"bytes":	12203046,
				"bits_per_second":	97630617.861930832,
				"omitted":	false,
				"sender":	true
			}
		}, {
			"streams":	[{
					"socket":	7,
					"start":	6.000068,
					"end":	7.000303,
					"seconds":	1.0002349615097046,
					"bytes":	12133169,
					"bits_per_second":	97042550.735773534,
					"omitted":	false,
					"sender":	true
				}],
			"sum":	{
				"start":	6.000068,
				"end":	7.000303,
				"seconds":	1.0002349615097046,
				"bytes":	12133169,
				"bits_per_second":	97042550.735773534,
				"omitted":	false,
				"sender":	true
			}
		}, {
			"streams":	[{
					"socket":	7,
					"start":	7.000303,
					"end":	8.000153,
					"seconds":	0.99984997510910034,
					"bytes":	11461798,
					"bits_per_second":	91708142.504073784,
					"omitted":	false,
					"sender":	true
				}],
			"sum":	{
				"start":	7.000303,
				"end":	8.000153,
				"seconds":	0.99984997510910034,
				"bytes":	11461798,
				"bits_per_second":	91708142.504073784,
				"omitted":	false,
				"sender":	true
			}
		}, {
			"streams":	[{
					"socket":	7,
					"start":	8.000153,
					"end":	9.000059,
					"seconds":	0.99990600347518921,
					"bytes":	12083957,
					"bits_per_second":	96680743.653919592,
					"omitted":	false,
					"sender":	true
				}],
			"sum":	{
				"start":	8.000153,
				"end":	9.000059,
				"seconds":	0.99990600347518921,
				"bytes":	12083957,
				"bits_per_second":	96680743.653919592,
				"omitted":	false,
				"sender":	true
			}
		}, {
			"streams":	[{
					"socket":	7,
					"start":	9.000059,
					"end":	10.000122,
					"seconds":	1.0000629425048828,
					"bytes":	12059191,
					"bits_per_second":	96467456.096673608,
					"omitted":	false,
					"sender":	true
				}],
			"sum":	{
				"start":	9.000059,
				"end":	10.000122,
				"seconds":	1.0000629425048828,
				"bytes":	12059191,
				"bits_per_second":	96467456.096673608,
				"omitted":	false,
				"sender":	true
			}
		}],
	"end":	{
		"streams":	[{
				"sender":	{
					"socket":	7,
					"start":	0,
					"end":	10.000122,
					"seconds":	10.000122,
					"bytes":	97079533,
					"bits_per_second":	77662678.915317237,
					"sender":	true
				},
				"receiver":	{
					"socket":	7,
					"start":	0,
					"end":	10.178408,
					"seconds":	10.000122,
					"bytes":	97079533,
					"bits_per_second":	76302331.759544328,
					"sender":	true
				}
			}],
		"sum_sent":	{
			"start":	0,
			"end":	10.000122,
			"seconds":	10.000122,
			"bytes":	97079533,
			"bits_per_second":	77662678.915317237,
			"sender":	true
		},
		"sum_received":	{
			"start":	0,
			"end":	10.178408,
			"seconds":	10.178408,
			"bytes":	97079533,
			"bits_per_second":	76302331.759544328,
			"sender":	true
		},
		"cpu_utilization_percent":	{
			"host_total":	8.1028732084498039,
			"host_user":	1.2821512095388063,
			"host_system":	6.82066685025043,
			"remote_total":	3.2106116107215774,
			"remote_user":	0.84632169190036644,
			"remote_system":	2.364289918821211
		},
		"receiver_tcp_congestion":	"cubic"
	}
}
