{
	"start":	{
		"connected":	[{
				"socket":	7,
				"local_host":	"10.145.69.251",
				"local_port":	63530,
				"remote_host":	"89.84.1.222",
				"remote_port":	5202
			}],
		"version":	"iperf 3.7",
		"system_info":	"Darwin SAMAC135.local 18.0.0 Darwin Kernel Version 18.0.0: Wed Aug 22 20:13:40 PDT 2018; root:xnu-4903.201.2~1/RELEASE_X86_64 x86_64",
		"timestamp":	{
			"time":	"Tue, 10 Mar 2020 14:05:09 UTC",
			"timesecs":	1583849109
		},
		"connecting_to":	{
			"host":	"bouygues.iperf.fr",
			"port":	5202
		},
		"cookie":	"iaji7lqtiqyhmqjckghawwnshdgcfjoat7lz",
		"tcp_mss_default":	1367,
		"sock_bufsize":	0,
		"sndbuf_actual":	131072,
		"rcvbuf_actual":	131072,
		"test_start":	{
			"protocol":	"TCP",
			"num_streams":	1,
			"blksize":	131072,
			"omit":	0,
			"duration":	10,
			"bytes":	0,
			"blocks":	0,
			"reverse":	0,
			"tos":	0
		}
	},
	"intervals":	[{
			"streams":	[{
					"socket":	7,
					"start":	0,
					"end":	1.003893,
					"seconds":	1.0038930177688599,
					"bytes":	191380,
					"bits_per_second":	1525102.7479030762,
					"omitted":	false,
					"sender":	true
				}],
			"sum":	{
				"start":	0,
				"end":	1.003893,
				"seconds":	1.0038930177688599,
				"bytes":	191380,
				"bits_per_second":	1525102.7479030762,
				"omitted":	false,
				"sender":	true
			}
		}, {
			"streams":	[{
					"socket":	7,
					"start":	1.003893,
					"end":	2.00048,
					"seconds":	0.99658697843551636,
					"bytes":	3879720,
					"bits_per_second":	31144055.33245514,
					"omitted":	false,
					"sender":	true
				}],
			"sum":	{
				"start":	1.003893,
				"end":	2.00048,
				"seconds":	0.99658697843551636,
				"bytes":	3879720,
				"bits_per_second":	31144055.33245514,
				"omitted":	false,
				"sender":	true
			}
		}, {
			"streams":	[{
					"socket":	7,
					"start":	2.00048,
					"end":	3.000158,
					"seconds":	0.99967801570892334,
					"bytes":	10018072,
					"bits_per_second":	80170389.606062651,
					"omitted":	false,
					"sender":	true
				}],
			"sum":	{
				"start":	2.00048,
				"end":	3.000158,
				"seconds":	0.99967801570892334,
				"bytes":	10018072,
				"bits_per_second":	80170389.606062651,
				"omitted":	false,
				"sender":	true
			}
		}, {
			"streams":	[{
					"socket":	7,
					"start":	3.000158,
					"end":	4.004907,
					"seconds":	1.0047489404678345,
					"bytes":	5826502,
					"bits_per_second":	46391704.556858115,
					"omitted":	false,
					"sender":	true
				}],
			"sum":	{
				"start":	3.000158,
				"end":	4.004907,
				"seconds":	1.0047489404678345,
				"bytes":	5826502,
				"bits_per_second":	46391704.556858115,
				"omitted":	false,
				"sender":	true
			}
		}, {
			"streams":	[{
					"socket":	7,
					"start":	4.004907,
					"end":	5.000535,
					"seconds":	0.9956279993057251,
					"bytes":	621985,
					"bits_per_second":	4997730.0793768344,
					"omitted":	false,
					"sender":	true
				}],
			"sum":	{
				"start":	4.004907,
				"end":	5.000535,
				"seconds":	0.9956279993057251,
				"bytes":	621985,
				"bits_per_second":	4997730.0793768344,
				"omitted":	false,
				"sender":	true
			}
		}, {
			"streams":	[{
					"socket":	7,
					"start":	5.000535,
					"end":	6.000333,
					"seconds":	0.9997979998588562,
					"bytes":	4548236,
					"bits_per_second":	36393239.439503461,
					"omitted":	false,
					"sender":	true
				}],
			"sum":	{
				"start":	5.000535,
				"end":	6.000333,
				"seconds":	0.9997979998588562,
				"bytes":	4548236,
				"bits_per_second":	36393239.439503461,
				"omitted":	false,
				"sender":	true
			}
		}, {
			"streams":	[{
					"socket":	7,
					"start":	6.000333,
					"end":	7.000254,
					"seconds":	0.99992102384567261,
					"bytes":	5679575,
					"bits_per_second":	45440188.691354752,
					"omitted":	false,
					"sender":	true
				}],
			"sum":	{
				"start":	6.000333,
				"end":	7.000254,
				"seconds":	0.99992102384567261,
				"bytes":	5679575,
				"bits_per_second":	45440188.691354752,
				"omitted":	false,
				"sender":	true
			}
		}, {
			"streams":	[{
					"socket":	7,
					"start":	7.000254,
					"end":	8.000394,
					"seconds":	1.0001399517059326,
					"bytes":	5629306,
					"bits_per_second":	45028146.234119549,
					"omitted":	false,
					"sender":	true
				}],
			"sum":	{
				"start":	7.000254,
				"end":	8.000394,
				"seconds":	1.0001399517059326,
				"bytes":	5629306,
				"bits_per_second":	45028146.234119549,
				"omitted":	false,
				"sender":	true
			}
		}, {
			"streams":	[{
					"socket":	7,
					"start":	8.000394,
					"end":	9.000431,
					"seconds":	1.0000369548797607,
					"bytes":	5439213,
					"bits_per_second":	43512096.0157236,
					"omitted":	false,
					"sender":	true
				}],
			"sum":	{
				"start":	8.000394,
				"end":	9.000431,
				"seconds":	1.0000369548797607,
				"bytes":	5439213,
				"bits_per_second":	43512096.0157236,
				"omitted":	false,
				"sender":	true
			}
		}, {
			"streams":	[{
					"socket":	7,
					"start":	9.000431,
					"end":	10.000588,
					"seconds":	1.0001569986343384,
					"bytes":	5839824,
					"bits_per_second":	46711258.396223567,
					"omitted":	false,
					"sender":	true
				}],
			"sum":	{
				"start":	9.000431,
				"end":	10.000588,
				"seconds":	1.0001569986343384,
				"bytes":	5839824,
				"bits_per_second":	46711258.396223567,
				"omitted":	false,
				"sender":	true
			}
		}],
	"end":	{
		"streams":	[{
				"sender":	{
					"socket":	7,
					"start":	0,
					"end":	10.000588,
					"seconds":	10.000588,
					"bytes":	47673813,
					"bits_per_second":	38136807.9556922,
					"sender":	true
				},
				"receiver":	{
					"socket":	7,
					"start":	0,
					"end":	10.177155,
					"seconds":	10.000588,
					"bytes":	46613184,
					"bits_per_second":	36641426.01738894,
					"sender":	true
				}
			}],
		"sum_sent":	{
			"start":	0,
			"end":	10.000588,
			"seconds":	10.000588,
			"bytes":	47673813,
			"bits_per_second":	38136807.9556922,
			"sender":	true
		},
		"sum_received":	{
			"start":	0,
			"end":	10.177155,
			"seconds":	10.177155,
			"bytes":	46613184,
			"bits_per_second":	36641426.01738894,
			"sender":	true
		},
		"cpu_utilization_percent":	{
			"host_total":	6.5646204915762532,
			"host_user":	1.2682173092054223,
			"host_system":	5.296357250108974,
			"remote_total":	1.3386017908936945,
			"remote_user":	0.38552689018900965,
			"remote_system":	0.9530666469015594
		},
		"receiver_tcp_congestion":	"cubic"
	}
}
