{
	"start":	{
		"connected":	[{
				"socket":	7,
				"local_host":	"10.145.69.251",
				"local_port":	63580,
				"remote_host":	"89.84.1.222",
				"remote_port":	5202
			}],
		"version":	"iperf 3.7",
		"system_info":	"Darwin SAMAC135.local 18.0.0 Darwin Kernel Version 18.0.0: Wed Aug 22 20:13:40 PDT 2018; root:xnu-4903.201.2~1/RELEASE_X86_64 x86_64",
		"timestamp":	{
			"time":	"Tue, 10 Mar 2020 14:07:05 UTC",
			"timesecs":	1583849225
		},
		"connecting_to":	{
			"host":	"bouygues.iperf.fr",
			"port":	5202
		},
		"cookie":	"atsxq77falzagt3re7m7cazd4mv26t6dmlb5",
		"tcp_mss_default":	1367,
		"sock_bufsize":	0,
		"sndbuf_actual":	131072,
		"rcvbuf_actual":	131072,
		"test_start":	{
			"protocol":	"TCP",
			"num_streams":	1,
			"blksize":	131072,
			"omit":	0,
			"duration":	10,
			"bytes":	0,
			"blocks":	0,
			"reverse":	0,
			"tos":	0
		}
	},
	"intervals":	[{
			"streams":	[{
					"socket":	7,
					"start":	0,
					"end":	1.003344,
					"seconds":	1.0033440589904785,
					"bytes":	188646,
					"bits_per_second":	1504138.0735522166,
					"omitted":	false,
					"sender":	true
				}],
			"sum":	{
				"start":	0,
				"end":	1.003344,
				"seconds":	1.0033440589904785,
				"bytes":	188646,
				"bits_per_second":	1504138.0735522166,
				"omitted":	false,
				"sender":	true
			}
		}, {
			"streams":	[{
					"socket":	7,
					"start":	1.003344,
					"end":	2.001062,
					"seconds":	0.99771797657012939,
					"bytes":	3513364,
					"bits_per_second":	28171199.33693444,
					"omitted":	false,
					"sender":	true
				}],
			"sum":	{
				"start":	1.003344,
				"end":	2.001062,
				"seconds":	0.99771797657012939,
				"bytes":	3513364,
				"bits_per_second":	28171199.33693444,
				"omitted":	false,
				"sender":	true
			}
		}, {
			"streams":	[{
					"socket":	7,
					"start":	2.001062,
					"end":	3.004802,
					"seconds":	1.0037399530410767,
					"bytes":	8969409,
					"bits_per_second":	71487910.571458057,
					"omitted":	false,
					"sender":	true
				}],
			"sum":	{
				"start":	2.001062,
				"end":	3.004802,
				"seconds":	1.0037399530410767,
				"bytes":	8969409,
				"bits_per_second":	71487910.571458057,
				"omitted":	false,
				"sender":	true
			}
		}, {
			"streams":	[{
					"socket":	7,
					"start":	3.004802,
					"end":	4.000176,
					"seconds":	0.99537402391433716,
					"bytes":	11558855,
					"bits_per_second":	92900595.93513979,
					"omitted":	false,
					"sender":	true
				}],
			"sum":	{
				"start":	3.004802,
				"end":	4.000176,
				"seconds":	0.99537402391433716,
				"bytes":	11558855,
				"bits_per_second":	92900595.93513979,
				"omitted":	false,
				"sender":	true
			}
		}, {
			"streams":	[{
					"socket":	7,
					"start":	4.000176,
					"end":	5.00152,
					"seconds":	1.0013439655303955,
					"bytes":	11504349,
					"bits_per_second":	91911266.426068366,
					"omitted":	false,
					"sender":	true
				}],
			"sum":	{
				"start":	4.000176,
				"end":	5.00152,
				"seconds":	1.0013439655303955,
				"bytes":	11504349,
				"bits_per_second":	91911266.426068366,
				"omitted":	false,
				"sender":	true
			}
		}, {
			"streams":	[{
					"socket":	7,
					"start":	5.00152,
					"end":	6.000172,
					"seconds":	0.99865198135375977,
					"bytes":	11802181,
					"bits_per_second":	94544896.283096462,
					"omitted":	false,
					"sender":	true
				}],
			"sum":	{
				"start":	5.00152,
				"end":	6.000172,
				"seconds":	0.99865198135375977,
				"bytes":	11802181,
				"bits_per_second":	94544896.283096462,
				"omitted":	false,
				"sender":	true
			}
		}, {
			"streams":	[{
					"socket":	7,
					"start":	6.000172,
					"end":	7.000864,
					"seconds":	1.0006920099258423,
					"bytes":	11261023,
					"bits_per_second":	90025885.193863109,
					"omitted":	false,
					"sender":	true
				}],
			"sum":	{
				"start":	6.000172,
				"end":	7.000864,
				"seconds":	1.0006920099258423,
				"bytes":	11261023,
				"bits_per_second":	90025885.193863109,
				"omitted":	false,
				"sender":	true
			}
		}, {
			"streams":	[{
					"socket":	7,
					"start":	7.000864,
					"end":	8.000717,
					"seconds":	0.99985301494598389,
					"bytes":	11726996,
					"bits_per_second":	93829759.572279051,
					"omitted":	false,
					"sender":	true
				}],
			"sum":	{
				"start":	7.000864,
				"end":	8.000717,
				"seconds":	0.99985301494598389,
				"bytes":	11726996,
				"bits_per_second":	93829759.572279051,
				"omitted":	false,
				"sender":	true
			}
		}, {
			"streams":	[{
					"socket":	7,
					"start":	8.000717,
					"end":	9.000257,
					"seconds":	0.99953997135162354,
					"bytes":	11508450,
					"bits_per_second":	92109973.226485372,
					"omitted":	false,
					"sender":	true
				}],
			"sum":	{
				"start":	8.000717,
				"end":	9.000257,
				"seconds":	0.99953997135162354,
				"bytes":	11508450,
				"bits_per_second":	92109973.226485372,
				"omitted":	false,
				"sender":	true
			}
		}, {
			"streams":	[{
					"socket":	7,
					"start":	9.000257,
					"end":	10.000201,
					"seconds":	0.99994397163391113,
					"bytes":	11713326,
					"bits_per_second":	93711858.522316158,
					"omitted":	false,
					"sender":	true
				}],
			"sum":	{
				"start":	9.000257,
				"end":	10.000201,
				"seconds":	0.99994397163391113,
				"bytes":	11713326,
				"bits_per_second":	93711858.522316158,
				"omitted":	false,
				"sender":	true
			}
		}],
	"end":	{
		"streams":	[{
				"sender":	{
					"socket":	7,
					"start":	0,
					"end":	10.000201,
					"seconds":	10.000201,
					"bytes":	93746599,
					"bits_per_second":	74995771.784987122,
					"sender":	true
				},
				"receiver":	{
					"socket":	7,
					"start":	0,
					"end":	10.178701,
					"seconds":	10.000201,
					"bytes":	93710737,
					"bits_per_second":	73652413.603661209,
					"sender":	true
				}
			}],
		"sum_sent":	{
			"start":	0,
			"end":	10.000201,
			"seconds":	10.000201,
			"bytes":	93746599,
			"bits_per_second":	74995771.784987122,
			"sender":	true
		},
		"sum_received":	{
			"start":	0,
			"end":	10.178701,
			"seconds":	10.178701,
			"bytes":	93710737,
			"bits_per_second":	73652413.603661209,
			"sender":	true
		},
		"cpu_utilization_percent":	{
			"host_total":	8.3113985977213609,
			"host_user":	1.2649521168214968,
			"host_system":	7.04634535680442,
			"remote_total":	2.158089803009779,
			"remote_user":	0.3051512068011546,
			"remote_system":	1.8529385962086242
		},
		"receiver_tcp_congestion":	"cubic"
	}
}
