{
	"start":	{
		"connected":	[{
				"socket":	7,
				"local_host":	"10.145.69.251",
				"local_port":	63408,
				"remote_host":	"89.84.1.222",
				"remote_port":	5202
			}],
		"version":	"iperf 3.7",
		"system_info":	"Darwin SAMAC135.local 18.0.0 Darwin Kernel Version 18.0.0: Wed Aug 22 20:13:40 PDT 2018; root:xnu-4903.201.2~1/RELEASE_X86_64 x86_64",
		"timestamp":	{
			"time":	"Tue, 10 Mar 2020 13:59:56 UTC",
			"timesecs":	1583848796
		},
		"connecting_to":	{
			"host":	"bouygues.iperf.fr",
			"port":	5202
		},
		"cookie":	"ymotnfqpln74gvensk2ik72algojtjvasvq6",
		"tcp_mss_default":	1367,
		"sock_bufsize":	0,
		"sndbuf_actual":	131072,
		"rcvbuf_actual":	131072,
		"test_start":	{
			"protocol":	"TCP",
			"num_streams":	1,
			"blksize":	131072,
			"omit":	0,
			"duration":	10,
			"bytes":	0,
			"blocks":	0,
			"reverse":	0,
			"tos":	0
		}
	},
	"intervals":	[{
			"streams":	[{
					"socket":	7,
					"start":	0,
					"end":	1.003462,
					"seconds":	1.0034619569778442,
					"bytes":	191380,
					"bits_per_second":	1525757.8918199132,
					"omitted":	false,
					"sender":	true
				}],
			"sum":	{
				"start":	0,
				"end":	1.003462,
				"seconds":	1.0034619569778442,
				"bytes":	191380,
				"bits_per_second":	1525757.8918199132,
				"omitted":	false,
				"sender":	true
			}
		}, {
			"streams":	[{
					"socket":	7,
					"start":	1.003462,
					"end":	2.00132,
					"seconds":	0.99785798788070679,
					"bytes":	3671936,
					"bits_per_second":	29438545.721710272,
					"omitted":	false,
					"sender":	true
				}],
			"sum":	{
				"start":	1.003462,
				"end":	2.00132,
				"seconds":	0.99785798788070679,
				"bytes":	3671936,
				"bits_per_second":	29438545.721710272,
				"omitted":	false,
				"sender":	true
			}
		}, {
			"streams":	[{
					"socket":	7,
					"start":	2.00132,
					"end":	3.000218,
					"seconds":	0.99889802932739258,
					"bytes":	10134267,
					"bits_per_second":	81163575.880304039,
					"omitted":	false,
					"sender":	true
				}],
			"sum":	{
				"start":	2.00132,
				"end":	3.000218,
				"seconds":	0.99889802932739258,
				"bytes":	10134267,
				"bits_per_second":	81163575.880304039,
				"omitted":	false,
				"sender":	true
			}
		}, {
			"streams":	[{
					"socket":	7,
					"start":	3.000218,
					"end":	4.00031,
					"seconds":	1.0000920295715332,
					"bytes":	11617636,
					"bits_per_second":	92932535.458580256,
					"omitted":	false,
					"sender":	true
				}],
			"sum":	{
				"start":	3.000218,
				"end":	4.00031,
				"seconds":	1.0000920295715332,
				"bytes":	11617636,
				"bits_per_second":	92932535.458580256,
				"omitted":	false,
				"sender":	true
			}
		}, {
			"streams":	[{
					"socket":	7,
					"start":	4.00031,
					"end":	5.000679,
					"seconds":	1.0003689527511597,
					"bytes":	12210928,
					"bits_per_second":	97651395.249068275,
					"omitted":	false,
					"sender":	true
				}],
			"sum":	{
				"start":	4.00031,
				"end":	5.000679,
				"seconds":	1.0003689527511597,
				"bytes":	12210928,
				"bits_per_second":	97651395.249068275,
				"omitted":	false,
				"sender":	true
			}
		}, {
			"streams":	[{
					"socket":	7,
					"start":	5.000679,
					"end":	6.002845,
					"seconds":	1.0021660327911377,
					"bytes":	888550,
					"bits_per_second":	7093036.25089184,
					"omitted":	false,
					"sender":	true
				}],
			"sum":	{
				"start":	5.000679,
				"end":	6.002845,
				"seconds":	1.0021660327911377,
				"bytes":	888550,
				"bits_per_second":	7093036.25089184,
				"omitted":	false,
				"sender":	true
			}
		}, {
			"streams":	[{
					"socket":	7,
					"start":	6.002845,
					"end":	7.004822,
					"seconds":	1.0019769668579102,
					"bytes":	964932,
					"bits_per_second":	7704225.0025041662,
					"omitted":	false,
					"sender":	true
				}],
			"sum":	{
				"start":	6.002845,
				"end":	7.004822,
				"seconds":	1.0019769668579102,
				"bytes":	964932,
				"bits_per_second":	7704225.0025041662,
				"omitted":	false,
				"sender":	true
			}
		}, {
			"streams":	[{
					"socket":	7,
					"start":	7.004822,
					"end":	8.004064,
					"seconds":	0.99924200773239136,
					"bytes":	5615883,
					"bits_per_second":	44961144.199646167,
					"omitted":	false,
					"sender":	true
				}],
			"sum":	{
				"start":	7.004822,
				"end":	8.004064,
				"seconds":	0.99924200773239136,
				"bytes":	5615883,
				"bits_per_second":	44961144.199646167,
				"omitted":	false,
				"sender":	true
			}
		}, {
			"streams":	[{
					"socket":	7,
					"start":	8.004064,
					"end":	9.000115,
					"seconds":	0.996051013469696,
					"bytes":	4837683,
					"bits_per_second":	38854901.48259104,
					"omitted":	false,
					"sender":	true
				}],
			"sum":	{
				"start":	8.004064,
				"end":	9.000115,
				"seconds":	0.996051013469696,
				"bytes":	4837683,
				"bits_per_second":	38854901.48259104,
				"omitted":	false,
				"sender":	true
			}
		}, {
			"streams":	[{
					"socket":	7,
					"start":	9.000115,
					"end":	10.002606,
					"seconds":	1.0024909973144531,
					"bytes":	5667552,
					"bits_per_second":	45227753.78677839,
					"omitted":	false,
					"sender":	true
				}],
			"sum":	{
				"start":	9.000115,
				"end":	10.002606,
				"seconds":	1.0024909973144531,
				"bytes":	5667552,
				"bits_per_second":	45227753.78677839,
				"omitted":	false,
				"sender":	true
			}
		}],
	"end":	{
		"streams":	[{
				"sender":	{
					"socket":	7,
					"start":	0,
					"end":	10.002606,
					"seconds":	10.002606,
					"bytes":	55800747,
					"bits_per_second":	44628967.291123934,
					"sender":	true
				},
				"receiver":	{
					"socket":	7,
					"start":	0,
					"end":	10.174865,
					"seconds":	10.002606,
					"bytes":	54763277,
					"bits_per_second":	43057693.247035705,
					"sender":	true
				}
			}],
		"sum_sent":	{
			"start":	0,
			"end":	10.002606,
			"seconds":	10.002606,
			"bytes":	55800747,
			"bits_per_second":	44628967.291123934,
			"sender":	true
		},
		"sum_received":	{
			"start":	0,
			"end":	10.174865,
			"seconds":	10.174865,
			"bytes":	54763277,
			"bits_per_second":	43057693.247035705,
			"sender":	true
		},
		"cpu_utilization_percent":	{
			"host_total":	5.6561646024454211,
			"host_user":	1.0965658885641569,
			"host_system":	4.5595067247289931,
			"remote_total":	1.7155708928676454,
			"remote_user":	0.37088148543180072,
			"remote_system":	1.3446976793933214
		},
		"receiver_tcp_congestion":	"cubic"
	}
}
