{
	"start":	{
		"connected":	[{
				"socket":	7,
				"local_host":	"10.145.69.251",
				"local_port":	63815,
				"remote_host":	"89.84.1.222",
				"remote_port":	5202
			}],
		"version":	"iperf 3.7",
		"system_info":	"Darwin SAMAC135.local 18.0.0 Darwin Kernel Version 18.0.0: Wed Aug 22 20:13:40 PDT 2018; root:xnu-4903.201.2~1/RELEASE_X86_64 x86_64",
		"timestamp":	{
			"time":	"Tue, 10 Mar 2020 14:15:26 UTC",
			"timesecs":	1583849726
		},
		"connecting_to":	{
			"host":	"bouygues.iperf.fr",
			"port":	5202
		},
		"cookie":	"3vt5djcy6f4bmta2lql4p55d3kmefymng2md",
		"tcp_mss_default":	1367,
		"sock_bufsize":	0,
		"sndbuf_actual":	131072,
		"rcvbuf_actual":	131072,
		"test_start":	{
			"protocol":	"TCP",
			"num_streams":	1,
			"blksize":	131072,
			"omit":	0,
			"duration":	10,
			"bytes":	0,
			"blocks":	0,
			"reverse":	0,
			"tos":	0
		}
	},
	"intervals":	[{
			"streams":	[{
					"socket":	7,
					"start":	0,
					"end":	1.002697,
					"seconds":	1.0026969909667969,
					"bytes":	191380,
					"bits_per_second":	1526921.905414094,
					"omitted":	false,
					"sender":	true
				}],
			"sum":	{
				"start":	0,
				"end":	1.002697,
				"seconds":	1.0026969909667969,
				"bytes":	191380,
				"bits_per_second":	1526921.905414094,
				"omitted":	false,
				"sender":	true
			}
		}, {
			"streams":	[{
					"socket":	7,
					"start":	1.002697,
					"end":	2.000113,
					"seconds":	0.99741601943969727,
					"bytes":	3629559,
					"bits_per_second":	29111696.056687925,
					"omitted":	false,
					"sender":	true
				}],
			"sum":	{
				"start":	1.002697,
				"end":	2.000113,
				"seconds":	0.99741601943969727,
				"bytes":	3629559,
				"bits_per_second":	29111696.056687925,
				"omitted":	false,
				"sender":	true
			}
		}, {
			"streams":	[{
					"socket":	7,
					"start":	2.000113,
					"end":	3.000337,
					"seconds":	1.0002239942550659,
					"bytes":	9788242,
					"bits_per_second":	78288399.8481957,
					"omitted":	false,
					"sender":	true
				}],
			"sum":	{
				"start":	2.000113,
				"end":	3.000337,
				"seconds":	1.0002239942550659,
				"bytes":	9788242,
				"bits_per_second":	78288399.8481957,
				"omitted":	false,
				"sender":	true
			}
		}, {
			"streams":	[{
					"socket":	7,
					"start":	3.000337,
					"end":	4.000423,
					"seconds":	1.0000859498977661,
					"bytes":	11839264,
					"bits_per_second":	94705972.031386063,
					"omitted":	false,
					"sender":	true
				}],
			"sum":	{
				"start":	3.000337,
				"end":	4.000423,
				"seconds":	1.0000859498977661,
				"bytes":	11839264,
				"bits_per_second":	94705972.031386063,
				"omitted":	false,
				"sender":	true
			}
		}, {
			"streams":	[{
					"socket":	7,
					"start":	4.000423,
					"end":	5.000083,
					"seconds":	0.99966001510620117,
					"bytes":	11873105,
					"bits_per_second":	95017144.39374578,
					"omitted":	false,
					"sender":	true
				}],
			"sum":	{
				"start":	4.000423,
				"end":	5.000083,
				"seconds":	0.99966001510620117,
				"bytes":	11873105,
				"bits_per_second":	95017144.39374578,
				"omitted":	false,
				"sender":	true
			}
		}, {
			"streams":	[{
					"socket":	7,
					"start":	5.000083,
					"end":	6.000215,
					"seconds":	1.0001319646835327,
					"bytes":	11947417,
					"bits_per_second":	95566724.5674362,
					"omitted":	false,
					"sender":	true
				}],
			"sum":	{
				"start":	5.000083,
				"end":	6.000215,
				"seconds":	1.0001319646835327,
				"bytes":	11947417,
				"bits_per_second":	95566724.5674362,
				"omitted":	false,
				"sender":	true
			}
		}, {
			"streams":	[{
					"socket":	7,
					"start":	6.000215,
					"end":	7.000211,
					"seconds":	0.9999960064888,
					"bytes":	11995102,
					"bits_per_second":	95961199.222123861,
					"omitted":	false,
					"sender":	true
				}],
			"sum":	{
				"start":	6.000215,
				"end":	7.000211,
				"seconds":	0.9999960064888,
				"bytes":	11995102,
				"bits_per_second":	95961199.222123861,
				"omitted":	false,
				"sender":	true
			}
		}, {
			"streams":	[{
					"socket":	7,
					"start":	7.000211,
					"end":	8.000091,
					"seconds":	0.99988001585006714,
					"bytes":	11908647,
					"bits_per_second":	95280608.1627755,
					"omitted":	false,
					"sender":	true
				}],
			"sum":	{
				"start":	7.000211,
				"end":	8.000091,
				"seconds":	0.99988001585006714,
				"bytes":	11908647,
				"bits_per_second":	95280608.1627755,
				"omitted":	false,
				"sender":	true
			}
		}, {
			"streams":	[{
					"socket":	7,
					"start":	8.000091,
					"end":	9.000195,
					"seconds":	1.0001039505004883,
					"bytes":	11894104,
					"bits_per_second":	95142941.84357743,
					"omitted":	false,
					"sender":	true
				}],
			"sum":	{
				"start":	8.000091,
				"end":	9.000195,
				"seconds":	1.0001039505004883,
				"bytes":	11894104,
				"bits_per_second":	95142941.84357743,
				"omitted":	false,
				"sender":	true
			}
		}, {
			"streams":	[{
					"socket":	7,
					"start":	9.000195,
					"end":	10.000216,
					"seconds":	1.0000209808349609,
					"bytes":	12018341,
					"bits_per_second":	96144710.803690255,
					"omitted":	false,
					"sender":	true
				}],
			"sum":	{
				"start":	9.000195,
				"end":	10.000216,
				"seconds":	1.0000209808349609,
				"bytes":	12018341,
				"bits_per_second":	96144710.803690255,
				"omitted":	false,
				"sender":	true
			}
		}],
	"end":	{
		"streams":	[{
				"sender":	{
					"socket":	7,
					"start":	0,
					"end":	10.000216,
					"seconds":	10.000216,
					"bytes":	97085161,
					"bits_per_second":	77666451.204653978,
					"sender":	true
				},
				"receiver":	{
					"socket":	7,
					"start":	0,
					"end":	10.17234,
					"seconds":	10.000216,
					"bytes":	97085161,
					"bits_per_second":	76352273.714799151,
					"sender":	true
				}
			}],
		"sum_sent":	{
			"start":	0,
			"end":	10.000216,
			"seconds":	10.000216,
			"bytes":	97085161,
			"bits_per_second":	77666451.204653978,
			"sender":	true
		},
		"sum_received":	{
			"start":	0,
			"end":	10.17234,
			"seconds":	10.17234,
			"bytes":	97085161,
			"bits_per_second":	76352273.714799151,
			"sender":	true
		},
		"cpu_utilization_percent":	{
			"host_total":	9.1836586373770981,
			"host_user":	1.4164718497712427,
			"host_system":	7.7670671927857455,
			"remote_total":	3.3324435015407707,
			"remote_user":	0.42924526077710529,
			"remote_system":	2.9031982407636656
		},
		"receiver_tcp_congestion":	"cubic"
	}
}
