{
	"start":	{
		"connected":	[{
				"socket":	7,
				"local_host":	"10.145.69.251",
				"local_port":	63411,
				"remote_host":	"89.84.1.222",
				"remote_port":	5202
			}],
		"version":	"iperf 3.7",
		"system_info":	"Darwin SAMAC135.local 18.0.0 Darwin Kernel Version 18.0.0: Wed Aug 22 20:13:40 PDT 2018; root:xnu-4903.201.2~1/RELEASE_X86_64 x86_64",
		"timestamp":	{
			"time":	"Tue, 10 Mar 2020 14:00:09 UTC",
			"timesecs":	1583848809
		},
		"connecting_to":	{
			"host":	"bouygues.iperf.fr",
			"port":	5202
		},
		"cookie":	"gra2siloaazulcxk27jjifeoilw7hq2kxxb5",
		"tcp_mss_default":	1367,
		"sock_bufsize":	0,
		"sndbuf_actual":	131072,
		"rcvbuf_actual":	131072,
		"test_start":	{
			"protocol":	"TCP",
			"num_streams":	1,
			"blksize":	131072,
			"omit":	0,
			"duration":	10,
			"bytes":	0,
			"blocks":	0,
			"reverse":	0,
			"tos":	0
		}
	},
	"intervals":	[{
			"streams":	[{
					"socket":	7,
					"start":	0,
					"end":	1.003906,
					"seconds":	1.0039060115814209,
					"bytes":	159939,
					"bits_per_second":	1274533.6567757232,
					"omitted":	false,
					"sender":	true
				}],
			"sum":	{
				"start":	0,
				"end":	1.003906,
				"seconds":	1.0039060115814209,
				"bytes":	159939,
				"bits_per_second":	1274533.6567757232,
				"omitted":	false,
				"sender":	true
			}
		}, {
			"streams":	[{
					"socket":	7,
					"start":	1.003906,
					"end":	2.00362,
					"seconds":	0.99971401691436768,
					"bytes":	1804647,
					"bits_per_second":	14441305.969241643,
					"omitted":	false,
					"sender":	true
				}],
			"sum":	{
				"start":	1.003906,
				"end":	2.00362,
				"seconds":	0.99971401691436768,
				"bytes":	1804647,
				"bits_per_second":	14441305.969241643,
				"omitted":	false,
				"sender":	true
			}
		}, {
			"streams":	[{
					"socket":	7,
					"start":	2.00362,
					"end":	3.003858,
					"seconds":	1.0002379417419434,
					"bytes":	7870134,
					"bits_per_second":	62946094.496626943,
					"omitted":	false,
					"sender":	true
				}],
			"sum":	{
				"start":	2.00362,
				"end":	3.003858,
				"seconds":	1.0002379417419434,
				"bytes":	7870134,
				"bits_per_second":	62946094.496626943,
				"omitted":	false,
				"sender":	true
			}
		}, {
			"streams":	[{
					"socket":	7,
					"start":	3.003858,
					"end":	4.000224,
					"seconds":	0.996366024017334,
					"bytes":	10526770,
					"bits_per_second":	84521308.404766425,
					"omitted":	false,
					"sender":	true
				}],
			"sum":	{
				"start":	3.003858,
				"end":	4.000224,
				"seconds":	0.996366024017334,
				"bytes":	10526770,
				"bits_per_second":	84521308.404766425,
				"omitted":	false,
				"sender":	true
			}
		}, {
			"streams":	[{
					"socket":	7,
					"start":	4.000224,
					"end":	5.004137,
					"seconds":	1.0039130449295044,
					"bytes":	3212624,
					"bits_per_second":	25600814.861216139,
					"omitted":	false,
					"sender":	true
				}],
			"sum":	{
				"start":	4.000224,
				"end":	5.004137,
				"seconds":	1.0039130449295044,
				"bytes":	3212624,
				"bits_per_second":	25600814.861216139,
				"omitted":	false,
				"sender":	true
			}
		}, {
			"streams":	[{
					"socket":	7,
					"start":	5.004137,
					"end":	6.003566,
					"seconds":	0.99942898750305176,
					"bytes":	997620,
					"bits_per_second":	7985519.8316184822,
					"omitted":	false,
					"sender":	true
				}],
			"sum":	{
				"start":	5.004137,
				"end":	6.003566,
				"seconds":	0.99942898750305176,
				"bytes":	997620,
				"bits_per_second":	7985519.8316184822,
				"omitted":	false,
				"sender":	true
			}
		}, {
			"streams":	[{
					"socket":	7,
					"start":	6.003566,
					"end":	7.002179,
					"seconds":	0.99861299991607666,
					"bytes":	4667395,
					"bits_per_second":	37391021.349750079,
					"omitted":	false,
					"sender":	true
				}],
			"sum":	{
				"start":	6.003566,
				"end":	7.002179,
				"seconds":	0.99861299991607666,
				"bytes":	4667395,
				"bits_per_second":	37391021.349750079,
				"omitted":	false,
				"sender":	true
			}
		}, {
			"streams":	[{
					"socket":	7,
					"start":	7.002179,
					"end":	8.000928,
					"seconds":	0.9987490177154541,
					"bytes":	5511624,
					"bits_per_second":	44148220.641917259,
					"omitted":	false,
					"sender":	true
				}],
			"sum":	{
				"start":	7.002179,
				"end":	8.000928,
				"seconds":	0.9987490177154541,
				"bytes":	5511624,
				"bits_per_second":	44148220.641917259,
				"omitted":	false,
				"sender":	true
			}
		}, {
			"streams":	[{
					"socket":	7,
					"start":	8.000928,
					"end":	9.000782,
					"seconds":	0.99985402822494507,
					"bytes":	4945726,
					"bits_per_second":	39571584.334407032,
					"omitted":	false,
					"sender":	true
				}],
			"sum":	{
				"start":	8.000928,
				"end":	9.000782,
				"seconds":	0.99985402822494507,
				"bytes":	4945726,
				"bits_per_second":	39571584.334407032,
				"omitted":	false,
				"sender":	true
			}
		}, {
			"streams":	[{
					"socket":	7,
					"start":	9.000782,
					"end":	10.00044,
					"seconds":	0.99965798854827881,
					"bytes":	5117948,
					"bits_per_second":	40957591.965487123,
					"omitted":	false,
					"sender":	true
				}],
			"sum":	{
				"start":	9.000782,
				"end":	10.00044,
				"seconds":	0.99965798854827881,
				"bytes":	5117948,
				"bits_per_second":	40957591.965487123,
				"omitted":	false,
				"sender":	true
			}
		}],
	"end":	{
		"streams":	[{
				"sender":	{
					"socket":	7,
					"start":	0,
					"end":	10.00044,
					"seconds":	10.00044,
					"bytes":	44814427,
					"bits_per_second":	35849964.20157513,
					"sender":	true
				},
				"receiver":	{
					"socket":	7,
					"start":	0,
					"end":	10.177288,
					"seconds":	10.00044,
					"bytes":	43757869,
					"bits_per_second":	34396486.765432991,
					"sender":	true
				}
			}],
		"sum_sent":	{
			"start":	0,
			"end":	10.00044,
			"seconds":	10.00044,
			"bytes":	44814427,
			"bits_per_second":	35849964.20157513,
			"sender":	true
		},
		"sum_received":	{
			"start":	0,
			"end":	10.177288,
			"seconds":	10.177288,
			"bytes":	43757869,
			"bits_per_second":	34396486.765432991,
			"sender":	true
		},
		"cpu_utilization_percent":	{
			"host_total":	5.9994115042665941,
			"host_user":	1.1905488685207033,
			"host_system":	4.8087618031435939,
			"remote_total":	1.245353144540372,
			"remote_user":	0.32613038131191857,
			"remote_system":	0.91921452594866693
		},
		"receiver_tcp_congestion":	"cubic"
	}
}
