{
	"start":	{
		"connected":	[{
				"socket":	7,
				"local_host":	"10.145.69.251",
				"local_port":	63369,
				"remote_host":	"89.84.1.222",
				"remote_port":	5202
			}],
		"version":	"iperf 3.7",
		"system_info":	"Darwin SAMAC135.local 18.0.0 Darwin Kernel Version 18.0.0: Wed Aug 22 20:13:40 PDT 2018; root:xnu-4903.201.2~1/RELEASE_X86_64 x86_64",
		"timestamp":	{
			"time":	"Tue, 10 Mar 2020 13:58:02 UTC",
			"timesecs":	1583848682
		},
		"connecting_to":	{
			"host":	"bouygues.iperf.fr",
			"port":	5202
		},
		"cookie":	"muqzddbrg22q26hvb4pbdeicq5myvyxzbwac",
		"tcp_mss_default":	1367,
		"sock_bufsize":	0,
		"sndbuf_actual":	131072,
		"rcvbuf_actual":	131072,
		"test_start":	{
			"protocol":	"TCP",
			"num_streams":	1,
			"blksize":	131072,
			"omit":	0,
			"duration":	10,
			"bytes":	0,
			"blocks":	0,
			"reverse":	0,
			"tos":	0
		}
	},
	"intervals":	[{
			"streams":	[{
					"socket":	7,
					"start":	0,
					"end":	1.001107,
					"seconds":	1.0011069774627686,
					"bytes":	191380,
					"bits_per_second":	1529347.0472859028,
					"omitted":	false,
					"sender":	true
				}],
			"sum":	{
				"start":	0,
				"end":	1.001107,
				"seconds":	1.0011069774627686,
				"bytes":	191380,
				"bits_per_second":	1529347.0472859028,
				"omitted":	false,
				"sender":	true
			}
		}, {
			"streams":	[{
					"socket":	7,
					"start":	1.001107,
					"end":	2.004353,
					"seconds":	1.0032459497451782,
					"bytes":	3816838,
					"bits_per_second":	30435910.563860968,
					"omitted":	false,
					"sender":	true
				}],
			"sum":	{
				"start":	1.001107,
				"end":	2.004353,
				"seconds":	1.0032459497451782,
				"bytes":	3816838,
				"bits_per_second":	30435910.563860968,
				"omitted":	false,
				"sender":	true
			}
		}, {
			"streams":	[{
					"socket":	7,
					"start":	2.004353,
					"end":	3.000103,
					"seconds":	0.99575001001358032,
					"bytes":	10160240,
					"bits_per_second":	81628841.760083392,
					"omitted":	false,
					"sender":	true
				}],
			"sum":	{
				"start":	2.004353,
				"end":	3.000103,
				"seconds":	0.99575001001358032,
				"bytes":	10160240,
				"bits_per_second":	81628841.760083392,
				"omitted":	false,
				"sender":	true
			}
		}, {
			"streams":	[{
					"socket":	7,
					"start":	3.000103,
					"end":	4.000416,
					"seconds":	1.0003130435943604,
					"bytes":	11867797,
					"bits_per_second":	94912664.198449,
					"omitted":	false,
					"sender":	true
				}],
			"sum":	{
				"start":	3.000103,
				"end":	4.000416,
				"seconds":	1.0003130435943604,
				"bytes":	11867797,
				"bits_per_second":	94912664.198449,
				"omitted":	false,
				"sender":	true
			}
		}, {
			"streams":	[{
					"socket":	7,
					"start":	4.000416,
					"end":	5.000338,
					"seconds":	0.999921977519989,
					"bytes":	12348995,
					"bits_per_second":	98799668.595168054,
					"omitted":	false,
					"sender":	true
				}],
			"sum":	{
				"start":	4.000416,
				"end":	5.000338,
				"seconds":	0.999921977519989,
				"bytes":	12348995,
				"bits_per_second":	98799668.595168054,
				"omitted":	false,
				"sender":	true
			}
		}, {
			"streams":	[{
					"socket":	7,
					"start":	5.000338,
					"end":	6.00034,
					"seconds":	1.0000020265579224,
					"bytes":	10889185,
					"bits_per_second":	87113303.459844723,
					"omitted":	false,
					"sender":	true
				}],
			"sum":	{
				"start":	5.000338,
				"end":	6.00034,
				"seconds":	1.0000020265579224,
				"bytes":	10889185,
				"bits_per_second":	87113303.459844723,
				"omitted":	false,
				"sender":	true
			}
		}, {
			"streams":	[{
					"socket":	7,
					"start":	6.00034,
					"end":	7.000417,
					"seconds":	1.0000770092010498,
					"bytes":	11926825,
					"bits_per_second":	95407252.763690308,
					"omitted":	false,
					"sender":	true
				}],
			"sum":	{
				"start":	6.00034,
				"end":	7.000417,
				"seconds":	1.0000770092010498,
				"bytes":	11926825,
				"bits_per_second":	95407252.763690308,
				"omitted":	false,
				"sender":	true
			}
		}, {
			"streams":	[{
					"socket":	7,
					"start":	7.000417,
					"end":	8.000323,
					"seconds":	0.99990600347518921,
					"bytes":	11483597,
					"bits_per_second":	91877412.1574514,
					"omitted":	false,
					"sender":	true
				}],
			"sum":	{
				"start":	7.000417,
				"end":	8.000323,
				"seconds":	0.99990600347518921,
				"bytes":	11483597,
				"bits_per_second":	91877412.1574514,
				"omitted":	false,
				"sender":	true
			}
		}, {
			"streams":	[{
					"socket":	7,
					"start":	8.000323,
					"end":	9.000635,
					"seconds":	1.0003119707107544,
					"bytes":	12414771,
					"bits_per_second":	99287193.303736225,
					"omitted":	false,
					"sender":	true
				}],
			"sum":	{
				"start":	8.000323,
				"end":	9.000635,
				"seconds":	1.0003119707107544,
				"bytes":	12414771,
				"bits_per_second":	99287193.303736225,
				"omitted":	false,
				"sender":	true
			}
		}, {
			"streams":	[{
					"socket":	7,
					"start":	9.000635,
					"end":	10.000306,
					"seconds":	0.99967098236083984,
					"bytes":	11696202,
					"bits_per_second":	93600412.186642066,
					"omitted":	false,
					"sender":	true
				}],
			"sum":	{
				"start":	9.000635,
				"end":	10.000306,
				"seconds":	0.99967098236083984,
				"bytes":	11696202,
				"bits_per_second":	93600412.186642066,
				"omitted":	false,
				"sender":	true
			}
		}],
	"end":	{
		"streams":	[{
				"sender":	{
					"socket":	7,
					"start":	0,
					"end":	10.000306,
					"seconds":	10.000306,
					"bytes":	96795830,
					"bits_per_second":	77434294.510587975,
					"sender":	true
				},
				"receiver":	{
					"socket":	7,
					"start":	0,
					"end":	10.176302,
					"seconds":	10.000306,
					"bytes":	96795830,
					"bits_per_second":	76095092.303667873,
					"sender":	true
				}
			}],
		"sum_sent":	{
			"start":	0,
			"end":	10.000306,
			"seconds":	10.000306,
			"bytes":	96795830,
			"bits_per_second":	77434294.510587975,
			"sender":	true
		},
		"sum_received":	{
			"start":	0,
			"end":	10.176302,
			"seconds":	10.176302,
			"bytes":	96795830,
			"bits_per_second":	76095092.303667873,
			"sender":	true
		},
		"cpu_utilization_percent":	{
			"host_total":	8.6417297761337988,
			"host_user":	1.3119725641316369,
			"host_system":	7.3296375702941052,
			"remote_total":	3.1279278468524812,
			"remote_user":	0.5943143969562924,
			"remote_system":	2.533596906928187
		},
		"receiver_tcp_congestion":	"cubic"
	}
}
