{
	"start":	{
		"connected":	[{
				"socket":	7,
				"local_host":	"10.145.64.217",
				"local_port":	57014,
				"remote_host":	"216.218.207.42",
				"remote_port":	5201
			}],
		"version":	"iperf 3.7",
		"system_info":	"Darwin SAMAC135.local 18.0.0 Darwin Kernel Version 18.0.0: Wed Aug 22 20:13:40 PDT 2018; root:xnu-4903.201.2~1/RELEASE_X86_64 x86_64",
		"timestamp":	{
			"time":	"Wed, 11 Mar 2020 14:35:07 UTC",
			"timesecs":	1583937307
		},
		"connecting_to":	{
			"host":	"iperf.he.net",
			"port":	5201
		},
		"cookie":	"tuxxzhftenj6rxlgg6tuphfrx4xcmlzs5grs",
		"tcp_mss_default":	1367,
		"sock_bufsize":	0,
		"sndbuf_actual":	131072,
		"rcvbuf_actual":	131072,
		"test_start":	{
			"protocol":	"TCP",
			"num_streams":	1,
			"blksize":	131072,
			"omit":	0,
			"duration":	10,
			"bytes":	0,
			"blocks":	0,
			"reverse":	0,
			"tos":	0
		}
	},
	"intervals":	[{
			"streams":	[{
					"socket":	7,
					"start":	0,
					"end":	1.002679,
					"seconds":	1.0026789903640747,
					"bytes":	143535,
					"bits_per_second":	1145211.9881190064,
					"omitted":	false,
					"sender":	true
				}],
			"sum":	{
				"start":	0,
				"end":	1.002679,
				"seconds":	1.0026789903640747,
				"bytes":	143535,
				"bits_per_second":	1145211.9881190064,
				"omitted":	false,
				"sender":	true
			}
		}, {
			"streams":	[{
					"socket":	7,
					"start":	1.002679,
					"end":	2.004497,
					"seconds":	1.0018179416656494,
					"bytes":	168081,
					"bits_per_second":	1342207.9442541746,
					"omitted":	false,
					"sender":	true
				}],
			"sum":	{
				"start":	1.002679,
				"end":	2.004497,
				"seconds":	1.0018179416656494,
				"bytes":	168081,
				"bits_per_second":	1342207.9442541746,
				"omitted":	false,
				"sender":	true
			}
		}, {
			"streams":	[{
					"socket":	7,
					"start":	2.004497,
					"end":	3.00298,
					"seconds":	0.99848300218582153,
					"bytes":	676285,
					"bits_per_second":	5418499.8524322659,
					"omitted":	false,
					"sender":	true
				}],
			"sum":	{
				"start":	2.004497,
				"end":	3.00298,
				"seconds":	0.99848300218582153,
				"bytes":	676285,
				"bits_per_second":	5418499.8524322659,
				"omitted":	false,
				"sender":	true
			}
		}, {
			"streams":	[{
					"socket":	7,
					"start":	3.00298,
					"end":	4.004293,
					"seconds":	1.0013129711151123,
					"bytes":	3453656,
					"bits_per_second":	27593019.162860423,
					"omitted":	false,
					"sender":	true
				}],
			"sum":	{
				"start":	3.00298,
				"end":	4.004293,
				"seconds":	1.0013129711151123,
				"bytes":	3453656,
				"bits_per_second":	27593019.162860423,
				"omitted":	false,
				"sender":	true
			}
		}, {
			"streams":	[{
					"socket":	7,
					"start":	4.004293,
					"end":	5.002138,
					"seconds":	0.99784499406814575,
					"bytes":	1615290,
					"bits_per_second":	12950227.81776615,
					"omitted":	false,
					"sender":	true
				}],
			"sum":	{
				"start":	4.004293,
				"end":	5.002138,
				"seconds":	0.99784499406814575,
				"bytes":	1615290,
				"bits_per_second":	12950227.81776615,
				"omitted":	false,
				"sender":	true
			}
		}, {
			"streams":	[{
					"socket":	7,
					"start":	5.002138,
					"end":	6.003819,
					"seconds":	1.0016809701919556,
					"bytes":	3467216,
					"bits_per_second":	27691179.951920744,
					"omitted":	false,
					"sender":	true
				}],
			"sum":	{
				"start":	5.002138,
				"end":	6.003819,
				"seconds":	1.0016809701919556,
				"bytes":	3467216,
				"bits_per_second":	27691179.951920744,
				"omitted":	false,
				"sender":	true
			}
		}, {
			"streams":	[{
					"socket":	7,
					"start":	6.003819,
					"end":	7.004178,
					"seconds":	1.000359058380127,
					"bytes":	4401740,
					"bits_per_second":	35201280.685178787,
					"omitted":	false,
					"sender":	true
				}],
			"sum":	{
				"start":	6.003819,
				"end":	7.004178,
				"seconds":	1.000359058380127,
				"bytes":	4401740,
				"bits_per_second":	35201280.685178787,
				"omitted":	false,
				"sender":	true
			}
		}, {
			"streams":	[{
					"socket":	7,
					"start":	7.004178,
					"end":	8.000294,
					"seconds":	0.99611598253250122,
					"bytes":	4697012,
					"bits_per_second":	37722611.2811356,
					"omitted":	false,
					"sender":	true
				}],
			"sum":	{
				"start":	7.004178,
				"end":	8.000294,
				"seconds":	0.99611598253250122,
				"bytes":	4697012,
				"bits_per_second":	37722611.2811356,
				"omitted":	false,
				"sender":	true
			}
		}, {
			"streams":	[{
					"socket":	7,
					"start":	8.000294,
					"end":	9.002996,
					"seconds":	1.002701997756958,
					"bytes":	3662193,
					"bits_per_second":	29218595.420711774,
					"omitted":	false,
					"sender":	true
				}],
			"sum":	{
				"start":	8.000294,
				"end":	9.002996,
				"seconds":	1.002701997756958,
				"bytes":	3662193,
				"bits_per_second":	29218595.420711774,
				"omitted":	false,
				"sender":	true
			}
		}, {
			"streams":	[{
					"socket":	7,
					"start":	9.002996,
					"end":	10.002988,
					"seconds":	0.9999920129776001,
					"bytes":	5005954,
					"bits_per_second":	40047951.863888606,
					"omitted":	false,
					"sender":	true
				}],
			"sum":	{
				"start":	9.002996,
				"end":	10.002988,
				"seconds":	0.9999920129776001,
				"bytes":	5005954,
				"bits_per_second":	40047951.863888606,
				"omitted":	false,
				"sender":	true
			}
		}],
	"end":	{
		"streams":	[{
				"sender":	{
					"socket":	7,
					"start":	0,
					"end":	10.002988,
					"seconds":	10.002988,
					"bytes":	27290962,
					"bits_per_second":	21826247.917122364,
					"sender":	true
				},
				"receiver":	{
					"socket":	7,
					"start":	0,
					"end":	10.002988,
					"seconds":	10.002988,
					"bytes":	26462386,
					"bits_per_second":	21163585.120765913,
					"sender":	true
				}
			}],
		"sum_sent":	{
			"start":	0,
			"end":	10.002988,
			"seconds":	10.002988,
			"bytes":	27290962,
			"bits_per_second":	21826247.917122364,
			"sender":	true
		},
		"sum_received":	{
			"start":	0,
			"end":	10.002988,
			"seconds":	10.002988,
			"bytes":	26462386,
			"bits_per_second":	21163585.120765913,
			"sender":	true
		},
		"cpu_utilization_percent":	{
			"host_total":	5.8680908278818,
			"host_user":	1.3977680555814871,
			"host_system":	4.4702701788239558,
			"remote_total":	0.648534,
			"remote_user":	0.029057,
			"remote_system":	0.619485
		}
	}
}
