{
	"start":	{
		"connected":	[{
				"socket":	7,
				"local_host":	"10.145.64.217",
				"local_port":	58523,
				"remote_host":	"216.218.207.42",
				"remote_port":	5201
			}],
		"version":	"iperf 3.7",
		"system_info":	"Darwin SAMAC135.local 18.0.0 Darwin Kernel Version 18.0.0: Wed Aug 22 20:13:40 PDT 2018; root:xnu-4903.201.2~1/RELEASE_X86_64 x86_64",
		"timestamp":	{
			"time":	"Wed, 11 Mar 2020 15:47:38 UTC",
			"timesecs":	1583941658
		},
		"connecting_to":	{
			"host":	"iperf.he.net",
			"port":	5201
		},
		"cookie":	"p2pnw2rc3bk77fo4ubdaytcjkcfx3a4osocz",
		"tcp_mss_default":	1367,
		"sock_bufsize":	0,
		"sndbuf_actual":	131072,
		"rcvbuf_actual":	131072,
		"test_start":	{
			"protocol":	"TCP",
			"num_streams":	1,
			"blksize":	131072,
			"omit":	0,
			"duration":	10,
			"bytes":	0,
			"blocks":	0,
			"reverse":	0,
			"tos":	0
		}
	},
	"intervals":	[{
			"streams":	[{
					"socket":	7,
					"start":	0,
					"end":	1.005088,
					"seconds":	1.0050879716873169,
					"bytes":	142168,
					"bits_per_second":	1131586.5198253789,
					"omitted":	false,
					"sender":	true
				}],
			"sum":	{
				"start":	0,
				"end":	1.005088,
				"seconds":	1.0050879716873169,
				"bytes":	142168,
				"bits_per_second":	1131586.5198253789,
				"omitted":	false,
				"sender":	true
			}
		}, {
			"streams":	[{
					"socket":	7,
					"start":	1.005088,
					"end":	2.003221,
					"seconds":	0.99813300371170044,
					"bytes":	266425,
					"bits_per_second":	2135386.7591534234,
					"omitted":	false,
					"sender":	true
				}],
			"sum":	{
				"start":	1.005088,
				"end":	2.003221,
				"seconds":	0.99813300371170044,
				"bytes":	266425,
				"bits_per_second":	2135386.7591534234,
				"omitted":	false,
				"sender":	true
			}
		}, {
			"streams":	[{
					"socket":	7,
					"start":	2.003221,
					"end":	3.005098,
					"seconds":	1.0018769502639771,
					"bytes":	1587544,
					"bits_per_second":	12676558.729745883,
					"omitted":	false,
					"sender":	true
				}],
			"sum":	{
				"start":	2.003221,
				"end":	3.005098,
				"seconds":	1.0018769502639771,
				"bytes":	1587544,
				"bits_per_second":	12676558.729745883,
				"omitted":	false,
				"sender":	true
			}
		}, {
			"streams":	[{
					"socket":	7,
					"start":	3.005098,
					"end":	4.00017,
					"seconds":	0.99507200717926025,
					"bytes":	3223243,
					"bits_per_second":	25913646.262741983,
					"omitted":	false,
					"sender":	true
				}],
			"sum":	{
				"start":	3.005098,
				"end":	4.00017,
				"seconds":	0.99507200717926025,
				"bytes":	3223243,
				"bits_per_second":	25913646.262741983,
				"omitted":	false,
				"sender":	true
			}
		}, {
			"streams":	[{
					"socket":	7,
					"start":	4.00017,
					"end":	5.002659,
					"seconds":	1.0024889707565308,
					"bytes":	2091336,
					"bits_per_second":	16689149.195700523,
					"omitted":	false,
					"sender":	true
				}],
			"sum":	{
				"start":	4.00017,
				"end":	5.002659,
				"seconds":	1.0024889707565308,
				"bytes":	2091336,
				"bits_per_second":	16689149.195700523,
				"omitted":	false,
				"sender":	true
			}
		}, {
			"streams":	[{
					"socket":	7,
					"start":	5.002659,
					"end":	6.003406,
					"seconds":	1.0007469654083252,
					"bytes":	3607687,
					"bits_per_second":	28839953.552318711,
					"omitted":	false,
					"sender":	true
				}],
			"sum":	{
				"start":	5.002659,
				"end":	6.003406,
				"seconds":	1.0007469654083252,
				"bytes":	3607687,
				"bits_per_second":	28839953.552318711,
				"omitted":	false,
				"sender":	true
			}
		}, {
			"streams":	[{
					"socket":	7,
					"start":	6.003406,
					"end":	7.002733,
					"seconds":	0.99932700395584106,
					"bytes":	4028549,
					"bits_per_second":	32250096.1871577,
					"omitted":	false,
					"sender":	true
				}],
			"sum":	{
				"start":	6.003406,
				"end":	7.002733,
				"seconds":	0.99932700395584106,
				"bytes":	4028549,
				"bits_per_second":	32250096.1871577,
				"omitted":	false,
				"sender":	true
			}
		}, {
			"streams":	[{
					"socket":	7,
					"start":	7.002733,
					"end":	8.000081,
					"seconds":	0.99734801054000854,
					"bytes":	3111118,
					"bits_per_second":	24955124.727750767,
					"omitted":	false,
					"sender":	true
				}],
			"sum":	{
				"start":	7.002733,
				"end":	8.000081,
				"seconds":	0.99734801054000854,
				"bytes":	3111118,
				"bits_per_second":	24955124.727750767,
				"omitted":	false,
				"sender":	true
			}
		}, {
			"streams":	[{
					"socket":	7,
					"start":	8.000081,
					"end":	9.002179,
					"seconds":	1.0020979642868042,
					"bytes":	2301088,
					"bits_per_second":	18370164.051876429,
					"omitted":	false,
					"sender":	true
				}],
			"sum":	{
				"start":	8.000081,
				"end":	9.002179,
				"seconds":	1.0020979642868042,
				"bytes":	2301088,
				"bits_per_second":	18370164.051876429,
				"omitted":	false,
				"sender":	true
			}
		}, {
			"streams":	[{
					"socket":	7,
					"start":	9.002179,
					"end":	10.000404,
					"seconds":	0.99822497367858887,
					"bytes":	3495166,
					"bits_per_second":	28011048.348108213,
					"omitted":	false,
					"sender":	true
				}],
			"sum":	{
				"start":	9.002179,
				"end":	10.000404,
				"seconds":	0.99822497367858887,
				"bytes":	3495166,
				"bits_per_second":	28011048.348108213,
				"omitted":	false,
				"sender":	true
			}
		}],
	"end":	{
		"streams":	[{
				"sender":	{
					"socket":	7,
					"start":	0,
					"end":	10.000404,
					"seconds":	10.000404,
					"bytes":	23854324,
					"bits_per_second":	19082688.259394322,
					"sender":	true
				},
				"receiver":	{
					"socket":	7,
					"start":	0,
					"end":	10.000404,
					"seconds":	10.000404,
					"bytes":	22973802,
					"bits_per_second":	18378299.116715685,
					"sender":	true
				}
			}],
		"sum_sent":	{
			"start":	0,
			"end":	10.000404,
			"seconds":	10.000404,
			"bytes":	23854324,
			"bits_per_second":	19082688.259394322,
			"sender":	true
		},
		"sum_received":	{
			"start":	0,
			"end":	10.000404,
			"seconds":	10.000404,
			"bytes":	22973802,
			"bits_per_second":	18378299.116715685,
			"sender":	true
		},
		"cpu_utilization_percent":	{
			"host_total":	5.6237010233980236,
			"host_user":	1.3576842789551622,
			"host_system":	4.2659291569944582,
			"remote_total":	0.223831,
			"remote_user":	0.037453,
			"remote_system":	0.186379
		}
	}
}
