{
	"start":	{
		"connected":	[{
				"socket":	7,
				"local_host":	"10.145.64.217",
				"local_port":	58589,
				"remote_host":	"216.218.207.42",
				"remote_port":	5201
			}],
		"version":	"iperf 3.7",
		"system_info":	"Darwin SAMAC135.local 18.0.0 Darwin Kernel Version 18.0.0: Wed Aug 22 20:13:40 PDT 2018; root:xnu-4903.201.2~1/RELEASE_X86_64 x86_64",
		"timestamp":	{
			"time":	"Wed, 11 Mar 2020 15:51:09 UTC",
			"timesecs":	1583941869
		},
		"connecting_to":	{
			"host":	"iperf.he.net",
			"port":	5201
		},
		"cookie":	"u7vnbkaay3zk6zuwvdy7w4vtviqoktovj5dz",
		"tcp_mss_default":	1367,
		"sock_bufsize":	0,
		"sndbuf_actual":	131072,
		"rcvbuf_actual":	131072,
		"test_start":	{
			"protocol":	"TCP",
			"num_streams":	1,
			"blksize":	131072,
			"omit":	0,
			"duration":	10,
			"bytes":	0,
			"blocks":	0,
			"reverse":	0,
			"tos":	0
		}
	},
	"intervals":	[{
			"streams":	[{
					"socket":	7,
					"start":	0,
					"end":	1.004492,
					"seconds":	1.0044920444488525,
					"bytes":	143535,
					"bits_per_second":	1143144.9421085673,
					"omitted":	false,
					"sender":	true
				}],
			"sum":	{
				"start":	0,
				"end":	1.004492,
				"seconds":	1.0044920444488525,
				"bytes":	143535,
				"bits_per_second":	1143144.9421085673,
				"omitted":	false,
				"sender":	true
			}
		}, {
			"streams":	[{
					"socket":	7,
					"start":	1.004492,
					"end":	2.002888,
					"seconds":	0.99839597940444946,
					"bytes":	95670,
					"bits_per_second":	766589.625547714,
					"omitted":	false,
					"sender":	true
				}],
			"sum":	{
				"start":	1.004492,
				"end":	2.002888,
				"seconds":	0.99839597940444946,
				"bytes":	95670,
				"bits_per_second":	766589.625547714,
				"omitted":	false,
				"sender":	true
			}
		}, {
			"streams":	[{
					"socket":	7,
					"start":	2.002888,
					"end":	3.000897,
					"seconds":	0.99800902605056763,
					"bytes":	1039657,
					"bits_per_second":	8333848.4752126653,
					"omitted":	false,
					"sender":	true
				}],
			"sum":	{
				"start":	2.002888,
				"end":	3.000897,
				"seconds":	0.99800902605056763,
				"bytes":	1039657,
				"bits_per_second":	8333848.4752126653,
				"omitted":	false,
				"sender":	true
			}
		}, {
			"streams":	[{
					"socket":	7,
					"start":	3.000897,
					"end":	4.001246,
					"seconds":	1.0003490447998047,
					"bytes":	2612224,
					"bits_per_second":	20890500.279512119,
					"omitted":	false,
					"sender":	true
				}],
			"sum":	{
				"start":	3.000897,
				"end":	4.001246,
				"seconds":	1.0003490447998047,
				"bytes":	2612224,
				"bits_per_second":	20890500.279512119,
				"omitted":	false,
				"sender":	true
			}
		}, {
			"streams":	[{
					"socket":	7,
					"start":	4.001246,
					"end":	5.00326,
					"seconds":	1.0020140409469604,
					"bytes":	1128538,
					"bits_per_second":	9010157.174511984,
					"omitted":	false,
					"sender":	true
				}],
			"sum":	{
				"start":	4.001246,
				"end":	5.00326,
				"seconds":	1.0020140409469604,
				"bytes":	1128538,
				"bits_per_second":	9010157.174511984,
				"omitted":	false,
				"sender":	true
			}
		}, {
			"streams":	[{
					"socket":	7,
					"start":	5.00326,
					"end":	6.003501,
					"seconds":	1.0002410411834717,
					"bytes":	2818821,
					"bits_per_second":	22545133.6942928,
					"omitted":	false,
					"sender":	true
				}],
			"sum":	{
				"start":	5.00326,
				"end":	6.003501,
				"seconds":	1.0002410411834717,
				"bytes":	2818821,
				"bits_per_second":	22545133.6942928,
				"omitted":	false,
				"sender":	true
			}
		}, {
			"streams":	[{
					"socket":	7,
					"start":	6.003501,
					"end":	7.002349,
					"seconds":	0.998848021030426,
					"bytes":	3986279,
					"bits_per_second":	31927011.245516185,
					"omitted":	false,
					"sender":	true
				}],
			"sum":	{
				"start":	6.003501,
				"end":	7.002349,
				"seconds":	0.998848021030426,
				"bytes":	3986279,
				"bits_per_second":	31927011.245516185,
				"omitted":	false,
				"sender":	true
			}
		}, {
			"streams":	[{
					"socket":	7,
					"start":	7.002349,
					"end":	8.000688,
					"seconds":	0.99833899736404419,
					"bytes":	3107191,
					"bits_per_second":	24898885.113806393,
					"omitted":	false,
					"sender":	true
				}],
			"sum":	{
				"start":	7.002349,
				"end":	8.000688,
				"seconds":	0.99833899736404419,
				"bytes":	3107191,
				"bits_per_second":	24898885.113806393,
				"omitted":	false,
				"sender":	true
			}
		}, {
			"streams":	[{
					"socket":	7,
					"start":	8.000688,
					"end":	9.002168,
					"seconds":	1.0014799833297729,
					"bytes":	4300582,
					"bits_per_second":	34353812.929550126,
					"omitted":	false,
					"sender":	true
				}],
			"sum":	{
				"start":	8.000688,
				"end":	9.002168,
				"seconds":	1.0014799833297729,
				"bytes":	4300582,
				"bits_per_second":	34353812.929550126,
				"omitted":	false,
				"sender":	true
			}
		}, {
			"streams":	[{
					"socket":	7,
					"start":	9.002168,
					"end":	10.000854,
					"seconds":	0.99868601560592651,
					"bytes":	3388793,
					"bits_per_second":	27146013.438018866,
					"omitted":	false,
					"sender":	true
				}],
			"sum":	{
				"start":	9.002168,
				"end":	10.000854,
				"seconds":	0.99868601560592651,
				"bytes":	3388793,
				"bits_per_second":	27146013.438018866,
				"omitted":	false,
				"sender":	true
			}
		}],
	"end":	{
		"streams":	[{
				"sender":	{
					"socket":	7,
					"start":	0,
					"end":	10.000854,
					"seconds":	10.000854,
					"bytes":	22621290,
					"bits_per_second":	18095486.645440478,
					"sender":	true
				},
				"receiver":	{
					"socket":	7,
					"start":	0,
					"end":	10.000854,
					"seconds":	10.000854,
					"bytes":	21656014,
					"bits_per_second":	17323331.787465349,
					"sender":	true
				}
			}],
		"sum_sent":	{
			"start":	0,
			"end":	10.000854,
			"seconds":	10.000854,
			"bytes":	22621290,
			"bits_per_second":	18095486.645440478,
			"sender":	true
		},
		"sum_received":	{
			"start":	0,
			"end":	10.000854,
			"seconds":	10.000854,
			"bytes":	21656014,
			"bits_per_second":	17323331.787465349,
			"sender":	true
		},
		"cpu_utilization_percent":	{
			"host_total":	5.74361807341289,
			"host_user":	1.4150222034988904,
			"host_system":	4.3284996884156639,
			"remote_total":	0.301536,
			"remote_user":	0.062721,
			"remote_system":	0.238815
		}
	}
}
