{
	"start":	{
		"connected":	[{
				"socket":	7,
				"local_host":	"10.145.64.217",
				"local_port":	58985,
				"remote_host":	"117.102.109.186",
				"remote_port":	5202
			}],
		"version":	"iperf 3.7",
		"system_info":	"Darwin SAMAC135.local 18.0.0 Darwin Kernel Version 18.0.0: Wed Aug 22 20:13:40 PDT 2018; root:xnu-4903.201.2~1/RELEASE_X86_64 x86_64",
		"timestamp":	{
			"time":	"Wed, 11 Mar 2020 16:10:25 UTC",
			"timesecs":	1583943025
		},
		"connecting_to":	{
			"host":	"iperf.biznetnetworks.com",
			"port":	5202
		},
		"cookie":	"agzv676cvx3wzptquglejnqg2sli4maowzvx",
		"tcp_mss_default":	1367,
		"sock_bufsize":	0,
		"sndbuf_actual":	131072,
		"rcvbuf_actual":	131072,
		"test_start":	{
			"protocol":	"TCP",
			"num_streams":	1,
			"blksize":	131072,
			"omit":	0,
			"duration":	10,
			"bytes":	0,
			"blocks":	0,
			"reverse":	0,
			"tos":	0
		}
	},
	"intervals":	[{
			"streams":	[{
					"socket":	7,
					"start":	0,
					"end":	1.00133,
					"seconds":	1.0013300180435181,
					"bytes":	135333,
					"bits_per_second":	1081225.94997741,
					"omitted":	false,
					"sender":	true
				}],
			"sum":	{
				"start":	0,
				"end":	1.00133,
				"seconds":	1.0013300180435181,
				"bytes":	135333,
				"bits_per_second":	1081225.94997741,
				"omitted":	false,
				"sender":	true
			}
		}, {
			"streams":	[{
					"socket":	7,
					"start":	1.00133,
					"end":	2.002983,
					"seconds":	1.0016529560089111,
					"bytes":	47845,
					"bits_per_second":	382128.35863342154,
					"omitted":	false,
					"sender":	true
				}],
			"sum":	{
				"start":	1.00133,
				"end":	2.002983,
				"seconds":	1.0016529560089111,
				"bytes":	47845,
				"bits_per_second":	382128.35863342154,
				"omitted":	false,
				"sender":	true
			}
		}, {
			"streams":	[{
					"socket":	7,
					"start":	2.002983,
					"end":	3.004709,
					"seconds":	1.0017260313034058,
					"bytes":	251478,
					"bits_per_second":	2008357.5120657445,
					"omitted":	false,
					"sender":	true
				}],
			"sum":	{
				"start":	2.002983,
				"end":	3.004709,
				"seconds":	1.0017260313034058,
				"bytes":	251478,
				"bits_per_second":	2008357.5120657445,
				"omitted":	false,
				"sender":	true
			}
		}, {
			"streams":	[{
					"socket":	7,
					"start":	3.004709,
					"end":	4.003916,
					"seconds":	0.9992070198059082,
					"bytes":	895025,
					"bits_per_second":	7165882.4028186258,
					"omitted":	false,
					"sender":	true
				}],
			"sum":	{
				"start":	3.004709,
				"end":	4.003916,
				"seconds":	0.9992070198059082,
				"bytes":	895025,
				"bits_per_second":	7165882.4028186258,
				"omitted":	false,
				"sender":	true
			}
		}, {
			"streams":	[{
					"socket":	7,
					"start":	4.003916,
					"end":	5.004465,
					"seconds":	1.0005489587783813,
					"bytes":	2699892,
					"bits_per_second":	21587285.470139742,
					"omitted":	false,
					"sender":	true
				}],
			"sum":	{
				"start":	4.003916,
				"end":	5.004465,
				"seconds":	1.0005489587783813,
				"bytes":	2699892,
				"bits_per_second":	21587285.470139742,
				"omitted":	false,
				"sender":	true
			}
		}, {
			"streams":	[{
					"socket":	7,
					"start":	5.004465,
					"end":	6.003217,
					"seconds":	0.99875199794769287,
					"bytes":	4644216,
					"bits_per_second":	37200153.868373871,
					"omitted":	false,
					"sender":	true
				}],
			"sum":	{
				"start":	5.004465,
				"end":	6.003217,
				"seconds":	0.99875199794769287,
				"bytes":	4644216,
				"bits_per_second":	37200153.868373871,
				"omitted":	false,
				"sender":	true
			}
		}, {
			"streams":	[{
					"socket":	7,
					"start":	6.003217,
					"end":	7.000894,
					"seconds":	0.9976770281791687,
					"bytes":	6290089,
					"bits_per_second":	50437877.768759362,
					"omitted":	false,
					"sender":	true
				}],
			"sum":	{
				"start":	6.003217,
				"end":	7.000894,
				"seconds":	0.9976770281791687,
				"bytes":	6290089,
				"bits_per_second":	50437877.768759362,
				"omitted":	false,
				"sender":	true
			}
		}, {
			"streams":	[{
					"socket":	7,
					"start":	7.000894,
					"end":	8.003765,
					"seconds":	1.002871036529541,
					"bytes":	6291456,
					"bits_per_second":	50187557.68854773,
					"omitted":	false,
					"sender":	true
				}],
			"sum":	{
				"start":	7.000894,
				"end":	8.003765,
				"seconds":	1.002871036529541,
				"bytes":	6291456,
				"bits_per_second":	50187557.68854773,
				"omitted":	false,
				"sender":	true
			}
		}, {
			"streams":	[{
					"socket":	7,
					"start":	8.003765,
					"end":	9.003785,
					"seconds":	1.0000200271606445,
					"bytes":	1561681,
					"bits_per_second":	12493197.796720762,
					"omitted":	false,
					"sender":	true
				}],
			"sum":	{
				"start":	8.003765,
				"end":	9.003785,
				"seconds":	1.0000200271606445,
				"bytes":	1561681,
				"bits_per_second":	12493197.796720762,
				"omitted":	false,
				"sender":	true
			}
		}, {
			"streams":	[{
					"socket":	7,
					"start":	9.003785,
					"end":	10.001114,
					"seconds":	0.9973289966583252,
					"bytes":	72451,
					"bits_per_second":	581160.28105274052,
					"omitted":	false,
					"sender":	true
				}],
			"sum":	{
				"start":	9.003785,
				"end":	10.001114,
				"seconds":	0.9973289966583252,
				"bytes":	72451,
				"bits_per_second":	581160.28105274052,
				"omitted":	false,
				"sender":	true
			}
		}],
	"end":	{
		"streams":	[{
				"sender":	{
					"socket":	7,
					"start":	0,
					"end":	10.001114,
					"seconds":	10.001114,
					"bytes":	22889466,
					"bits_per_second":	18309533.118010655,
					"sender":	true
				},
				"receiver":	{
					"socket":	7,
					"start":	0,
					"end":	10.001114,
					"seconds":	10.001114,
					"bytes":	22114377,
					"bits_per_second":	17689530.986248132,
					"sender":	true
				}
			}],
		"sum_sent":	{
			"start":	0,
			"end":	10.001114,
			"seconds":	10.001114,
			"bytes":	22889466,
			"bits_per_second":	18309533.118010655,
			"sender":	true
		},
		"sum_received":	{
			"start":	0,
			"end":	10.001114,
			"seconds":	10.001114,
			"bytes":	22114377,
			"bits_per_second":	17689530.986248132,
			"sender":	true
		},
		"cpu_utilization_percent":	{
			"host_total":	7.2882754765274864,
			"host_user":	1.5624024261988607,
			"host_system":	5.725787623197669,
			"remote_total":	0.0333848,
			"remote_user":	0.00429185,
			"remote_system":	0.0271804
		}
	}
}
