{
	"start":	{
		"connected":	[{
				"socket":	7,
				"local_host":	"10.145.64.217",
				"local_port":	58924,
				"remote_host":	"117.102.109.186",
				"remote_port":	5202
			}],
		"version":	"iperf 3.7",
		"system_info":	"Darwin SAMAC135.local 18.0.0 Darwin Kernel Version 18.0.0: Wed Aug 22 20:13:40 PDT 2018; root:xnu-4903.201.2~1/RELEASE_X86_64 x86_64",
		"timestamp":	{
			"time":	"Wed, 11 Mar 2020 16:06:54 UTC",
			"timesecs":	1583942814
		},
		"connecting_to":	{
			"host":	"iperf.biznetnetworks.com",
			"port":	5202
		},
		"cookie":	"pvhynocgnvt22yqwfs7sptfvtbyuwuxu3ub6",
		"tcp_mss_default":	1367,
		"sock_bufsize":	0,
		"sndbuf_actual":	131072,
		"rcvbuf_actual":	131072,
		"test_start":	{
			"protocol":	"TCP",
			"num_streams":	1,
			"blksize":	131072,
			"omit":	0,
			"duration":	10,
			"bytes":	0,
			"blocks":	0,
			"reverse":	0,
			"tos":	0
		}
	},
	"intervals":	[{
			"streams":	[{
					"socket":	7,
					"start":	0,
					"end":	1.004304,
					"seconds":	1.004304051399231,
					"bytes":	135333,
					"bits_per_second":	1078024.1287402906,
					"omitted":	false,
					"sender":	true
				}],
			"sum":	{
				"start":	0,
				"end":	1.004304,
				"seconds":	1.004304051399231,
				"bytes":	135333,
				"bits_per_second":	1078024.1287402906,
				"omitted":	false,
				"sender":	true
			}
		}, {
			"streams":	[{
					"socket":	7,
					"start":	1.004304,
					"end":	2.000721,
					"seconds":	0.99641698598861694,
					"bytes":	49212,
					"bits_per_second":	395111.69072392507,
					"omitted":	false,
					"sender":	true
				}],
			"sum":	{
				"start":	1.004304,
				"end":	2.000721,
				"seconds":	0.99641698598861694,
				"bytes":	49212,
				"bits_per_second":	395111.69072392507,
				"omitted":	false,
				"sender":	true
			}
		}, {
			"streams":	[{
					"socket":	7,
					"start":	2.000721,
					"end":	3.000121,
					"seconds":	0.99940001964569092,
					"bytes":	250111,
					"bits_per_second":	2002089.2141960918,
					"omitted":	false,
					"sender":	true
				}],
			"sum":	{
				"start":	2.000721,
				"end":	3.000121,
				"seconds":	0.99940001964569092,
				"bytes":	250111,
				"bits_per_second":	2002089.2141960918,
				"omitted":	false,
				"sender":	true
			}
		}, {
			"streams":	[{
					"socket":	7,
					"start":	3.000121,
					"end":	4.003672,
					"seconds":	1.0035510063171387,
					"bytes":	777523,
					"bits_per_second":	6198174.244104459,
					"omitted":	false,
					"sender":	true
				}],
			"sum":	{
				"start":	3.000121,
				"end":	4.003672,
				"seconds":	1.0035510063171387,
				"bytes":	777523,
				"bits_per_second":	6198174.244104459,
				"omitted":	false,
				"sender":	true
			}
		}, {
			"streams":	[{
					"socket":	7,
					"start":	4.003672,
					"end":	5.004909,
					"seconds":	1.0012370347976685,
					"bytes":	987971,
					"bits_per_second":	7894002.8437893391,
					"omitted":	false,
					"sender":	true
				}],
			"sum":	{
				"start":	4.003672,
				"end":	5.004909,
				"seconds":	1.0012370347976685,
				"bytes":	987971,
				"bits_per_second":	7894002.8437893391,
				"omitted":	false,
				"sender":	true
			}
		}, {
			"streams":	[{
					"socket":	7,
					"start":	5.004909,
					"end":	6.004798,
					"seconds":	0.99988901615142822,
					"bytes":	2888728,
					"bits_per_second":	23112389.101892218,
					"omitted":	false,
					"sender":	true
				}],
			"sum":	{
				"start":	5.004909,
				"end":	6.004798,
				"seconds":	0.99988901615142822,
				"bytes":	2888728,
				"bits_per_second":	23112389.101892218,
				"omitted":	false,
				"sender":	true
			}
		}, {
			"streams":	[{
					"socket":	7,
					"start":	6.004798,
					"end":	7.004179,
					"seconds":	0.99938100576400757,
					"bytes":	1815839,
					"bits_per_second":	14535709.520409193,
					"omitted":	false,
					"sender":	true
				}],
			"sum":	{
				"start":	6.004798,
				"end":	7.004179,
				"seconds":	0.99938100576400757,
				"bytes":	1815839,
				"bits_per_second":	14535709.520409193,
				"omitted":	false,
				"sender":	true
			}
		}, {
			"streams":	[{
					"socket":	7,
					"start":	7.004179,
					"end":	8.00182,
					"seconds":	0.99764102697372437,
					"bytes":	1097311,
					"bits_per_second":	8799245.1820360087,
					"omitted":	false,
					"sender":	true
				}],
			"sum":	{
				"start":	7.004179,
				"end":	8.00182,
				"seconds":	0.99764102697372437,
				"bytes":	1097311,
				"bits_per_second":	8799245.1820360087,
				"omitted":	false,
				"sender":	true
			}
		}, {
			"streams":	[{
					"socket":	7,
					"start":	8.00182,
					"end":	9.00247,
					"seconds":	1.0006500482559204,
					"bytes":	2313528,
					"bits_per_second":	18496200.577073719,
					"omitted":	false,
					"sender":	true
				}],
			"sum":	{
				"start":	8.00182,
				"end":	9.00247,
				"seconds":	1.0006500482559204,
				"bytes":	2313528,
				"bits_per_second":	18496200.577073719,
				"omitted":	false,
				"sender":	true
			}
		}, {
			"streams":	[{
					"socket":	7,
					"start":	9.00247,
					"end":	10.004344,
					"seconds":	1.0018739700317383,
					"bytes":	3298571,
					"bits_per_second":	26339209.111465424,
					"omitted":	false,
					"sender":	true
				}],
			"sum":	{
				"start":	9.00247,
				"end":	10.004344,
				"seconds":	1.0018739700317383,
				"bytes":	3298571,
				"bits_per_second":	26339209.111465424,
				"omitted":	false,
				"sender":	true
			}
		}],
	"end":	{
		"streams":	[{
				"sender":	{
					"socket":	7,
					"start":	0,
					"end":	10.004344,
					"seconds":	10.004344,
					"bytes":	13614127,
					"bits_per_second":	10886572.472917765,
					"sender":	true
				},
				"receiver":	{
					"socket":	7,
					"start":	0,
					"end":	10.004344,
					"seconds":	10.004344,
					"bytes":	12676191,
					"bits_per_second":	10136549.482904626,
					"sender":	true
				}
			}],
		"sum_sent":	{
			"start":	0,
			"end":	10.004344,
			"seconds":	10.004344,
			"bytes":	13614127,
			"bits_per_second":	10886572.472917765,
			"sender":	true
		},
		"sum_received":	{
			"start":	0,
			"end":	10.004344,
			"seconds":	10.004344,
			"bytes":	12676191,
			"bits_per_second":	10136549.482904626,
			"sender":	true
		},
		"cpu_utilization_percent":	{
			"host_total":	6.41734085804616,
			"host_user":	1.6480004848827969,
			"host_system":	4.7692557218370961,
			"remote_total":	0.0142212,
			"remote_user":	0.00331733,
			"remote_system":	0.0146929
		}
	}
}
