{
	"start":	{
		"connected":	[{
				"socket":	7,
				"local_host":	"10.145.64.217",
				"local_port":	59053,
				"remote_host":	"117.102.109.186",
				"remote_port":	5202
			}],
		"version":	"iperf 3.7",
		"system_info":	"Darwin SAMAC135.local 18.0.0 Darwin Kernel Version 18.0.0: Wed Aug 22 20:13:40 PDT 2018; root:xnu-4903.201.2~1/RELEASE_X86_64 x86_64",
		"timestamp":	{
			"time":	"Wed, 11 Mar 2020 16:13:59 UTC",
			"timesecs":	1583943239
		},
		"connecting_to":	{
			"host":	"iperf.biznetnetworks.com",
			"port":	5202
		},
		"cookie":	"m5lydh3dpldmv52ik2lgtwnxwjz5fesq2wzy",
		"tcp_mss_default":	1367,
		"sock_bufsize":	0,
		"sndbuf_actual":	131072,
		"rcvbuf_actual":	131072,
		"test_start":	{
			"protocol":	"TCP",
			"num_streams":	1,
			"blksize":	131072,
			"omit":	0,
			"duration":	10,
			"bytes":	0,
			"blocks":	0,
			"reverse":	0,
			"tos":	0
		}
	},
	"intervals":	[{
			"streams":	[{
					"socket":	7,
					"start":	0,
					"end":	1.003009,
					"seconds":	1.0030089616775513,
					"bytes":	135333,
					"bits_per_second":	1079416.0783860039,
					"omitted":	false,
					"sender":	true
				}],
			"sum":	{
				"start":	0,
				"end":	1.003009,
				"seconds":	1.0030089616775513,
				"bytes":	135333,
				"bits_per_second":	1079416.0783860039,
				"omitted":	false,
				"sender":	true
			}
		}, {
			"streams":	[{
					"socket":	7,
					"start":	1.003009,
					"end":	2.004553,
					"seconds":	1.0015439987182617,
					"bytes":	87488,
					"bits_per_second":	698825.015072439,
					"omitted":	false,
					"sender":	true
				}],
			"sum":	{
				"start":	1.003009,
				"end":	2.004553,
				"seconds":	1.0015439987182617,
				"bytes":	87488,
				"bits_per_second":	698825.015072439,
				"omitted":	false,
				"sender":	true
			}
		}, {
			"streams":	[{
					"socket":	7,
					"start":	2.004553,
					"end":	3.003047,
					"seconds":	0.998494029045105,
					"bytes":	352586,
					"bits_per_second":	2824942.2810244779,
					"omitted":	false,
					"sender":	true
				}],
			"sum":	{
				"start":	2.004553,
				"end":	3.003047,
				"seconds":	0.998494029045105,
				"bytes":	352586,
				"bits_per_second":	2824942.2810244779,
				"omitted":	false,
				"sender":	true
			}
		}, {
			"streams":	[{
					"socket":	7,
					"start":	3.003047,
					"end":	4.000212,
					"seconds":	0.9971650242805481,
					"bytes":	916967,
					"bits_per_second":	7356591.7590147266,
					"omitted":	false,
					"sender":	true
				}],
			"sum":	{
				"start":	3.003047,
				"end":	4.000212,
				"seconds":	0.9971650242805481,
				"bytes":	916967,
				"bits_per_second":	7356591.7590147266,
				"omitted":	false,
				"sender":	true
			}
		}, {
			"streams":	[{
					"socket":	7,
					"start":	4.000212,
					"end":	5.002888,
					"seconds":	1.0026760101318359,
					"bytes":	2057922,
					"bits_per_second":	16419437.419107422,
					"omitted":	false,
					"sender":	true
				}],
			"sum":	{
				"start":	4.000212,
				"end":	5.002888,
				"seconds":	1.0026760101318359,
				"bytes":	2057922,
				"bits_per_second":	16419437.419107422,
				"omitted":	false,
				"sender":	true
			}
		}, {
			"streams":	[{
					"socket":	7,
					"start":	5.002888,
					"end":	6.004381,
					"seconds":	1.001492977142334,
					"bytes":	3909597,
					"bits_per_second":	31230150.099749416,
					"omitted":	false,
					"sender":	true
				}],
			"sum":	{
				"start":	5.002888,
				"end":	6.004381,
				"seconds":	1.001492977142334,
				"bytes":	3909597,
				"bits_per_second":	31230150.099749416,
				"omitted":	false,
				"sender":	true
			}
		}, {
			"streams":	[{
					"socket":	7,
					"start":	6.004381,
					"end":	7.003147,
					"seconds":	0.99876600503921509,
					"bytes":	2170622,
					"bits_per_second":	17386430.76795369,
					"omitted":	false,
					"sender":	true
				}],
			"sum":	{
				"start":	6.004381,
				"end":	7.003147,
				"seconds":	0.99876600503921509,
				"bytes":	2170622,
				"bits_per_second":	17386430.76795369,
				"omitted":	false,
				"sender":	true
			}
		}, {
			"streams":	[{
					"socket":	7,
					"start":	7.003147,
					"end":	8.004069,
					"seconds":	1.0009219646453857,
					"bytes":	1337913,
					"bits_per_second":	10693445.021752568,
					"omitted":	false,
					"sender":	true
				}],
			"sum":	{
				"start":	7.003147,
				"end":	8.004069,
				"seconds":	1.0009219646453857,
				"bytes":	1337913,
				"bits_per_second":	10693445.021752568,
				"omitted":	false,
				"sender":	true
			}
		}, {
			"streams":	[{
					"socket":	7,
					"start":	8.004069,
					"end":	9.004379,
					"seconds":	1.000309944152832,
					"bytes":	3875999,
					"bits_per_second":	30998384.232060034,
					"omitted":	false,
					"sender":	true
				}],
			"sum":	{
				"start":	8.004069,
				"end":	9.004379,
				"seconds":	1.000309944152832,
				"bytes":	3875999,
				"bits_per_second":	30998384.232060034,
				"omitted":	false,
				"sender":	true
			}
		}, {
			"streams":	[{
					"socket":	7,
					"start":	9.004379,
					"end":	10.00427,
					"seconds":	0.99989098310470581,
					"bytes":	4549376,
					"bits_per_second":	36398976.103366673,
					"omitted":	false,
					"sender":	true
				}],
			"sum":	{
				"start":	9.004379,
				"end":	10.00427,
				"seconds":	0.99989098310470581,
				"bytes":	4549376,
				"bits_per_second":	36398976.103366673,
				"omitted":	false,
				"sender":	true
			}
		}],
	"end":	{
		"streams":	[{
				"sender":	{
					"socket":	7,
					"start":	0,
					"end":	10.00427,
					"seconds":	10.00427,
					"bytes":	19393803,
					"bits_per_second":	15508420.304529965,
					"sender":	true
				},
				"receiver":	{
					"socket":	7,
					"start":	0,
					"end":	10.00427,
					"seconds":	10.00427,
					"bytes":	18874169,
					"bits_per_second":	15092890.535741238,
					"sender":	true
				}
			}],
		"sum_sent":	{
			"start":	0,
			"end":	10.00427,
			"seconds":	10.00427,
			"bytes":	19393803,
			"bits_per_second":	15508420.304529965,
			"sender":	true
		},
		"sum_received":	{
			"start":	0,
			"end":	10.00427,
			"seconds":	10.00427,
			"bytes":	18874169,
			"bits_per_second":	15092890.535741238,
			"sender":	true
		},
		"cpu_utilization_percent":	{
			"host_total":	6.3436991394926423,
			"host_user":	1.5905463888662263,
			"host_system":	4.7530591700577576,
			"remote_total":	0.171184,
			"remote_user":	0.017115,
			"remote_system":	0.136927
		}
	}
}
