{
	"start":	{
		"connected":	[{
				"socket":	7,
				"local_host":	"10.145.64.217",
				"local_port":	58824,
				"remote_host":	"117.102.109.186",
				"remote_port":	5202
			}],
		"version":	"iperf 3.7",
		"system_info":	"Darwin SAMAC135.local 18.0.0 Darwin Kernel Version 18.0.0: Wed Aug 22 20:13:40 PDT 2018; root:xnu-4903.201.2~1/RELEASE_X86_64 x86_64",
		"timestamp":	{
			"time":	"Wed, 11 Mar 2020 16:03:21 UTC",
			"timesecs":	1583942601
		},
		"connecting_to":	{
			"host":	"iperf.biznetnetworks.com",
			"port":	5202
		},
		"cookie":	"6264nmwgzabctbvozttit65acgf4gq67r2t3",
		"tcp_mss_default":	1367,
		"sock_bufsize":	0,
		"sndbuf_actual":	131072,
		"rcvbuf_actual":	131072,
		"test_start":	{
			"protocol":	"TCP",
			"num_streams":	1,
			"blksize":	131072,
			"omit":	0,
			"duration":	10,
			"bytes":	0,
			"blocks":	0,
			"reverse":	0,
			"tos":	0
		}
	},
	"intervals":	[{
			"streams":	[{
					"socket":	7,
					"start":	0,
					"end":	1.002538,
					"seconds":	1.0025379657745361,
					"bytes":	133966,
					"bits_per_second":	1069014.8768301352,
					"omitted":	false,
					"sender":	true
				}],
			"sum":	{
				"start":	0,
				"end":	1.002538,
				"seconds":	1.0025379657745361,
				"bytes":	133966,
				"bits_per_second":	1069014.8768301352,
				"omitted":	false,
				"sender":	true
			}
		}, {
			"streams":	[{
					"socket":	7,
					"start":	1.002538,
					"end":	2.003456,
					"seconds":	1.0009180307388306,
					"bytes":	58781,
					"bits_per_second":	469816.69383344514,
					"omitted":	false,
					"sender":	true
				}],
			"sum":	{
				"start":	1.002538,
				"end":	2.003456,
				"seconds":	1.0009180307388306,
				"bytes":	58781,
				"bits_per_second":	469816.69383344514,
				"omitted":	false,
				"sender":	true
			}
		}, {
			"streams":	[{
					"socket":	7,
					"start":	2.003456,
					"end":	3.004393,
					"seconds":	1.0009369850158691,
					"bytes":	278758,
					"bits_per_second":	2227976.4194792383,
					"omitted":	false,
					"sender":	true
				}],
			"sum":	{
				"start":	2.003456,
				"end":	3.004393,
				"seconds":	1.0009369850158691,
				"bytes":	278758,
				"bits_per_second":	2227976.4194792383,
				"omitted":	false,
				"sender":	true
			}
		}, {
			"streams":	[{
					"socket":	7,
					"start":	3.004393,
					"end":	4.001718,
					"seconds":	0.99732500314712524,
					"bytes":	645034,
					"bits_per_second":	5174112.7352833021,
					"omitted":	false,
					"sender":	true
				}],
			"sum":	{
				"start":	3.004393,
				"end":	4.001718,
				"seconds":	0.99732500314712524,
				"bytes":	645034,
				"bits_per_second":	5174112.7352833021,
				"omitted":	false,
				"sender":	true
			}
		}, {
			"streams":	[{
					"socket":	7,
					"start":	4.001718,
					"end":	5.004455,
					"seconds":	1.0027370452880859,
					"bytes":	1632855,
					"bits_per_second":	13027184.00739553,
					"omitted":	false,
					"sender":	true
				}],
			"sum":	{
				"start":	4.001718,
				"end":	5.004455,
				"seconds":	1.0027370452880859,
				"bytes":	1632855,
				"bits_per_second":	13027184.00739553,
				"omitted":	false,
				"sender":	true
			}
		}, {
			"streams":	[{
					"socket":	7,
					"start":	5.004455,
					"end":	6.001227,
					"seconds":	0.99677199125289917,
					"bytes":	3386176,
					"bits_per_second":	27177136.032835141,
					"omitted":	false,
					"sender":	true
				}],
			"sum":	{
				"start":	5.004455,
				"end":	6.001227,
				"seconds":	0.99677199125289917,
				"bytes":	3386176,
				"bits_per_second":	27177136.032835141,
				"omitted":	false,
				"sender":	true
			}
		}, {
			"streams":	[{
					"socket":	7,
					"start":	6.001227,
					"end":	7.004274,
					"seconds":	1.003046989440918,
					"bytes":	3909320,
					"bits_per_second":	31179556.221420821,
					"omitted":	false,
					"sender":	true
				}],
			"sum":	{
				"start":	6.001227,
				"end":	7.004274,
				"seconds":	1.003046989440918,
				"bytes":	3909320,
				"bits_per_second":	31179556.221420821,
				"omitted":	false,
				"sender":	true
			}
		}, {
			"streams":	[{
					"socket":	7,
					"start":	7.004274,
					"end":	8.000376,
					"seconds":	0.996101975440979,
					"bytes":	2057335,
					"bits_per_second":	16523087.400477914,
					"omitted":	false,
					"sender":	true
				}],
			"sum":	{
				"start":	7.004274,
				"end":	8.000376,
				"seconds":	0.996101975440979,
				"bytes":	2057335,
				"bits_per_second":	16523087.400477914,
				"omitted":	false,
				"sender":	true
			}
		}, {
			"streams":	[{
					"socket":	7,
					"start":	8.000376,
					"end":	9.002096,
					"seconds":	1.0017199516296387,
					"bytes":	802429,
					"bits_per_second":	6408409.8450436248,
					"omitted":	false,
					"sender":	true
				}],
			"sum":	{
				"start":	8.000376,
				"end":	9.002096,
				"seconds":	1.0017199516296387,
				"bytes":	802429,
				"bits_per_second":	6408409.8450436248,
				"omitted":	false,
				"sender":	true
			}
		}, {
			"streams":	[{
					"socket":	7,
					"start":	9.002096,
					"end":	10.003251,
					"seconds":	1.0011550188064575,
					"bytes":	2225650,
					"bits_per_second":	17784658.385098789,
					"omitted":	false,
					"sender":	true
				}],
			"sum":	{
				"start":	9.002096,
				"end":	10.003251,
				"seconds":	1.0011550188064575,
				"bytes":	2225650,
				"bits_per_second":	17784658.385098789,
				"omitted":	false,
				"sender":	true
			}
		}],
	"end":	{
		"streams":	[{
				"sender":	{
					"socket":	7,
					"start":	0,
					"end":	10.003251,
					"seconds":	10.003251,
					"bytes":	15130304,
					"bits_per_second":	12100309.3894175,
					"sender":	true
				},
				"receiver":	{
					"socket":	7,
					"start":	0,
					"end":	10.003251,
					"seconds":	10.003251,
					"bytes":	14223809,
					"bits_per_second":	11375349.074016036,
					"sender":	true
				}
			}],
		"sum_sent":	{
			"start":	0,
			"end":	10.003251,
			"seconds":	10.003251,
			"bytes":	15130304,
			"bits_per_second":	12100309.3894175,
			"sender":	true
		},
		"sum_received":	{
			"start":	0,
			"end":	10.003251,
			"seconds":	10.003251,
			"bytes":	14223809,
			"bits_per_second":	11375349.074016036,
			"sender":	true
		},
		"cpu_utilization_percent":	{
			"host_total":	6.2356359405491357,
			"host_user":	1.5557512083277587,
			"host_system":	4.6798422318605484,
			"remote_total":	0.022106,
			"remote_user":	0.0022106,
			"remote_system":	0.0149193
		}
	}
}
