{
	"start":	{
		"connected":	[{
				"socket":	7,
				"local_host":	"10.145.64.217",
				"local_port":	57433,
				"remote_host":	"117.102.109.186",
				"remote_port":	5202
			}],
		"version":	"iperf 3.7",
		"system_info":	"Darwin SAMAC135.local 18.0.0 Darwin Kernel Version 18.0.0: Wed Aug 22 20:13:40 PDT 2018; root:xnu-4903.201.2~1/RELEASE_X86_64 x86_64",
		"timestamp":	{
			"time":	"Wed, 11 Mar 2020 14:59:13 UTC",
			"timesecs":	1583938753
		},
		"connecting_to":	{
			"host":	"iperf.biznetnetworks.com",
			"port":	5202
		},
		"cookie":	"mnw257vk6vpmyqkkg3jbjbl2myjev2ueyftl",
		"tcp_mss_default":	1367,
		"sock_bufsize":	0,
		"sndbuf_actual":	131072,
		"rcvbuf_actual":	131072,
		"test_start":	{
			"protocol":	"TCP",
			"num_streams":	1,
			"blksize":	131072,
			"omit":	0,
			"duration":	10,
			"bytes":	0,
			"blocks":	0,
			"reverse":	0,
			"tos":	0
		}
	},
	"intervals":	[{
			"streams":	[{
					"socket":	7,
					"start":	0,
					"end":	1.000638,
					"seconds":	1.0006380081176758,
					"bytes":	135333,
					"bits_per_second":	1081973.6920013914,
					"omitted":	false,
					"sender":	true
				}],
			"sum":	{
				"start":	0,
				"end":	1.000638,
				"seconds":	1.0006380081176758,
				"bytes":	135333,
				"bits_per_second":	1081973.6920013914,
				"omitted":	false,
				"sender":	true
			}
		}, {
			"streams":	[{
					"socket":	7,
					"start":	1.000638,
					"end":	2.000856,
					"seconds":	1.0002180337905884,
					"bytes":	101158,
					"bits_per_second":	809087.59156549291,
					"omitted":	false,
					"sender":	true
				}],
			"sum":	{
				"start":	1.000638,
				"end":	2.000856,
				"seconds":	1.0002180337905884,
				"bytes":	101158,
				"bits_per_second":	809087.59156549291,
				"omitted":	false,
				"sender":	true
			}
		}, {
			"streams":	[{
					"socket":	7,
					"start":	2.000856,
					"end":	3.000564,
					"seconds":	0.99970799684524536,
					"bytes":	424987,
					"bits_per_second":	3400889.0703375093,
					"omitted":	false,
					"sender":	true
				}],
			"sum":	{
				"start":	2.000856,
				"end":	3.000564,
				"seconds":	0.99970799684524536,
				"bytes":	424987,
				"bits_per_second":	3400889.0703375093,
				"omitted":	false,
				"sender":	true
			}
		}, {
			"streams":	[{
					"socket":	7,
					"start":	3.000564,
					"end":	4.001685,
					"seconds":	1.0011210441589355,
					"bytes":	554802,
					"bits_per_second":	4433445.9113571169,
					"omitted":	false,
					"sender":	true
				}],
			"sum":	{
				"start":	3.000564,
				"end":	4.001685,
				"seconds":	1.0011210441589355,
				"bytes":	554802,
				"bits_per_second":	4433445.9113571169,
				"omitted":	false,
				"sender":	true
			}
		}, {
			"streams":	[{
					"socket":	7,
					"start":	4.001685,
					"end":	5.002767,
					"seconds":	1.0010819435119629,
					"bytes":	186262,
					"bits_per_second":	1488485.5427243987,
					"omitted":	false,
					"sender":	true
				}],
			"sum":	{
				"start":	4.001685,
				"end":	5.002767,
				"seconds":	1.0010819435119629,
				"bytes":	186262,
				"bits_per_second":	1488485.5427243987,
				"omitted":	false,
				"sender":	true
			}
		}, {
			"streams":	[{
					"socket":	7,
					"start":	5.002767,
					"end":	6.002725,
					"seconds":	0.99995797872543335,
					"bytes":	103892,
					"bits_per_second":	831170.92686172947,
					"omitted":	false,
					"sender":	true
				}],
			"sum":	{
				"start":	5.002767,
				"end":	6.002725,
				"seconds":	0.99995797872543335,
				"bytes":	103892,
				"bits_per_second":	831170.92686172947,
				"omitted":	false,
				"sender":	true
			}
		}, {
			"streams":	[{
					"socket":	7,
					"start":	6.002725,
					"end":	7.00265,
					"seconds":	0.99992501735687256,
					"bytes":	573890,
					"bits_per_second":	4591464.28012755,
					"omitted":	false,
					"sender":	true
				}],
			"sum":	{
				"start":	6.002725,
				"end":	7.00265,
				"seconds":	0.99992501735687256,
				"bytes":	573890,
				"bits_per_second":	4591464.28012755,
				"omitted":	false,
				"sender":	true
			}
		}, {
			"streams":	[{
					"socket":	7,
					"start":	7.00265,
					"end":	8.001922,
					"seconds":	0.99927198886871338,
					"bytes":	906151,
					"bits_per_second":	7254489.34899787,
					"omitted":	false,
					"sender":	true
				}],
			"sum":	{
				"start":	7.00265,
				"end":	8.001922,
				"seconds":	0.99927198886871338,
				"bytes":	906151,
				"bits_per_second":	7254489.34899787,
				"omitted":	false,
				"sender":	true
			}
		}, {
			"streams":	[{
					"socket":	7,
					"start":	8.001922,
					"end":	9.001665,
					"seconds":	0.99974298477172852,
					"bytes":	934968,
					"bits_per_second":	7481666.9023267524,
					"omitted":	false,
					"sender":	true
				}],
			"sum":	{
				"start":	8.001922,
				"end":	9.001665,
				"seconds":	0.99974298477172852,
				"bytes":	934968,
				"bits_per_second":	7481666.9023267524,
				"omitted":	false,
				"sender":	true
			}
		}, {
			"streams":	[{
					"socket":	7,
					"start":	9.001665,
					"end":	10.002547,
					"seconds":	1.0008820295333862,
					"bytes":	1003298,
					"bits_per_second":	8019310.7310977709,
					"omitted":	false,
					"sender":	true
				}],
			"sum":	{
				"start":	9.001665,
				"end":	10.002547,
				"seconds":	1.0008820295333862,
				"bytes":	1003298,
				"bits_per_second":	8019310.7310977709,
				"omitted":	false,
				"sender":	true
			}
		}],
	"end":	{
		"streams":	[{
				"sender":	{
					"socket":	7,
					"start":	0,
					"end":	10.002547,
					"seconds":	10.002547,
					"bytes":	4924741,
					"bits_per_second":	3938789.5902913529,
					"sender":	true
				},
				"receiver":	{
					"socket":	7,
					"start":	0,
					"end":	10.002547,
					"seconds":	10.002547,
					"bytes":	4526137,
					"bits_per_second":	3619987.5891610407,
					"sender":	true
				}
			}],
		"sum_sent":	{
			"start":	0,
			"end":	10.002547,
			"seconds":	10.002547,
			"bytes":	4924741,
			"bits_per_second":	3938789.5902913529,
			"sender":	true
		},
		"sum_received":	{
			"start":	0,
			"end":	10.002547,
			"seconds":	10.002547,
			"bytes":	4526137,
			"bits_per_second":	3619987.5891610407,
			"sender":	true
		},
		"cpu_utilization_percent":	{
			"host_total":	6.0657656382003209,
			"host_user":	1.5704404027091441,
			"host_system":	4.4952486502272713,
			"remote_total":	0.00307555,
			"remote_user":	0.00122991,
			"remote_system":	0.00461272
		}
	}
}
