{
	"start":	{
		"connected":	[{
				"socket":	7,
				"local_host":	"10.145.64.217",
				"local_port":	56900,
				"remote_host":	"117.102.109.186",
				"remote_port":	5202
			}],
		"version":	"iperf 3.7",
		"system_info":	"Darwin SAMAC135.local 18.0.0 Darwin Kernel Version 18.0.0: Wed Aug 22 20:13:40 PDT 2018; root:xnu-4903.201.2~1/RELEASE_X86_64 x86_64",
		"timestamp":	{
			"time":	"Wed, 11 Mar 2020 14:28:57 UTC",
			"timesecs":	1583936937
		},
		"connecting_to":	{
			"host":	"iperf.biznetnetworks.com",
			"port":	5202
		},
		"cookie":	"mhp6yx4sc5ozrxo5fstq6wa2u6pcjpsuabtr",
		"tcp_mss_default":	1367,
		"sock_bufsize":	0,
		"sndbuf_actual":	131072,
		"rcvbuf_actual":	131072,
		"test_start":	{
			"protocol":	"TCP",
			"num_streams":	1,
			"blksize":	131072,
			"omit":	0,
			"duration":	10,
			"bytes":	0,
			"blocks":	0,
			"reverse":	0,
			"tos":	0
		}
	},
	"intervals":	[{
			"streams":	[{
					"socket":	7,
					"start":	0,
					"end":	1.004266,
					"seconds":	1.0042660236358643,
					"bytes":	133966,
					"bits_per_second":	1067175.4045007867,
					"omitted":	false,
					"sender":	true
				}],
			"sum":	{
				"start":	0,
				"end":	1.004266,
				"seconds":	1.0042660236358643,
				"bytes":	133966,
				"bits_per_second":	1067175.4045007867,
				"omitted":	false,
				"sender":	true
			}
		}, {
			"streams":	[{
					"socket":	7,
					"start":	1.004266,
					"end":	2.003058,
					"seconds":	0.99879199266433716,
					"bytes":	49212,
					"bits_per_second":	394172.16286425409,
					"omitted":	false,
					"sender":	true
				}],
			"sum":	{
				"start":	1.004266,
				"end":	2.003058,
				"seconds":	0.99879199266433716,
				"bytes":	49212,
				"bits_per_second":	394172.16286425409,
				"omitted":	false,
				"sender":	true
			}
		}, {
			"streams":	[{
					"socket":	7,
					"start":	2.003058,
					"end":	3.0044,
					"seconds":	1.0013420581817627,
					"bytes":	187229,
					"bits_per_second":	1495824.5164691913,
					"omitted":	false,
					"sender":	true
				}],
			"sum":	{
				"start":	2.003058,
				"end":	3.0044,
				"seconds":	1.0013420581817627,
				"bytes":	187229,
				"bits_per_second":	1495824.5164691913,
				"omitted":	false,
				"sender":	true
			}
		}, {
			"streams":	[{
					"socket":	7,
					"start":	3.0044,
					"end":	4.004837,
					"seconds":	1.0004370212554932,
					"bytes":	619041,
					"bits_per_second":	4950164.6728197867,
					"omitted":	false,
					"sender":	true
				}],
			"sum":	{
				"start":	3.0044,
				"end":	4.004837,
				"seconds":	1.0004370212554932,
				"bytes":	619041,
				"bits_per_second":	4950164.6728197867,
				"omitted":	false,
				"sender":	true
			}
		}, {
			"streams":	[{
					"socket":	7,
					"start":	4.004837,
					"end":	5.004785,
					"seconds":	0.99994802474975586,
					"bytes":	1564615,
					"bits_per_second":	12517570.603864584,
					"omitted":	false,
					"sender":	true
				}],
			"sum":	{
				"start":	4.004837,
				"end":	5.004785,
				"seconds":	0.99994802474975586,
				"bytes":	1564615,
				"bits_per_second":	12517570.603864584,
				"omitted":	false,
				"sender":	true
			}
		}, {
			"streams":	[{
					"socket":	7,
					"start":	5.004785,
					"end":	6.002593,
					"seconds":	0.99780797958374023,
					"bytes":	3133571,
					"bits_per_second":	25123639.530782226,
					"omitted":	false,
					"sender":	true
				}],
			"sum":	{
				"start":	5.004785,
				"end":	6.002593,
				"seconds":	0.99780797958374023,
				"bytes":	3133571,
				"bits_per_second":	25123639.530782226,
				"omitted":	false,
				"sender":	true
			}
		}, {
			"streams":	[{
					"socket":	7,
					"start":	6.002593,
					"end":	7.003355,
					"seconds":	1.0007619857788086,
					"bytes":	3025798,
					"bits_per_second":	24187953.123701252,
					"omitted":	false,
					"sender":	true
				}],
			"sum":	{
				"start":	6.002593,
				"end":	7.003355,
				"seconds":	1.0007619857788086,
				"bytes":	3025798,
				"bits_per_second":	24187953.123701252,
				"omitted":	false,
				"sender":	true
			}
		}, {
			"streams":	[{
					"socket":	7,
					"start":	7.003355,
					"end":	8.000199,
					"seconds":	0.99684399366378784,
					"bytes":	1798798,
					"bits_per_second":	14435943.930513905,
					"omitted":	false,
					"sender":	true
				}],
			"sum":	{
				"start":	7.003355,
				"end":	8.000199,
				"seconds":	0.99684399366378784,
				"bytes":	1798798,
				"bits_per_second":	14435943.930513905,
				"omitted":	false,
				"sender":	true
			}
		}, {
			"streams":	[{
					"socket":	7,
					"start":	8.000199,
					"end":	9.004101,
					"seconds":	1.0039019584655762,
					"bytes":	2004196,
					"bits_per_second":	15971248.850342583,
					"omitted":	false,
					"sender":	true
				}],
			"sum":	{
				"start":	8.000199,
				"end":	9.004101,
				"seconds":	1.0039019584655762,
				"bytes":	2004196,
				"bits_per_second":	15971248.850342583,
				"omitted":	false,
				"sender":	true
			}
		}, {
			"streams":	[{
					"socket":	7,
					"start":	9.004101,
					"end":	10.004236,
					"seconds":	1.0001349449157715,
					"bytes":	263657,
					"bits_per_second":	2108971.4050313835,
					"omitted":	false,
					"sender":	true
				}],
			"sum":	{
				"start":	9.004101,
				"end":	10.004236,
				"seconds":	1.0001349449157715,
				"bytes":	263657,
				"bits_per_second":	2108971.4050313835,
				"omitted":	false,
				"sender":	true
			}
		}],
	"end":	{
		"streams":	[{
				"sender":	{
					"socket":	7,
					"start":	0,
					"end":	10.004236,
					"seconds":	10.004236,
					"bytes":	12780083,
					"bits_per_second":	10219737.319271555,
					"sender":	true
				},
				"receiver":	{
					"socket":	7,
					"start":	0,
					"end":	10.004236,
					"seconds":	10.004236,
					"bytes":	12004994,
					"bits_per_second":	9599928.6702152956,
					"sender":	true
				}
			}],
		"sum_sent":	{
			"start":	0,
			"end":	10.004236,
			"seconds":	10.004236,
			"bytes":	12780083,
			"bits_per_second":	10219737.319271555,
			"sender":	true
		},
		"sum_received":	{
			"start":	0,
			"end":	10.004236,
			"seconds":	10.004236,
			"bytes":	12004994,
			"bits_per_second":	9599928.6702152956,
			"sender":	true
		},
		"cpu_utilization_percent":	{
			"host_total":	6.11623943834791,
			"host_user":	1.5571996279987983,
			"host_system":	4.5589629082263734,
			"remote_total":	0.0146621,
			"remote_user":	0.00293206,
			"remote_system":	0.012461
		}
	}
}
