{
	"start":	{
		"connected":	[{
				"socket":	7,
				"local_host":	"10.145.64.217",
				"local_port":	56809,
				"remote_host":	"117.102.109.186",
				"remote_port":	5202
			}],
		"version":	"iperf 3.7",
		"system_info":	"Darwin SAMAC135.local 18.0.0 Darwin Kernel Version 18.0.0: Wed Aug 22 20:13:40 PDT 2018; root:xnu-4903.201.2~1/RELEASE_X86_64 x86_64",
		"timestamp":	{
			"time":	"Wed, 11 Mar 2020 14:24:23 UTC",
			"timesecs":	1583936663
		},
		"connecting_to":	{
			"host":	"iperf.biznetnetworks.com",
			"port":	5202
		},
		"cookie":	"tu64bgjxnvfy4poa4ir42uwq5u3wvvs3hgac",
		"tcp_mss_default":	1367,
		"sock_bufsize":	0,
		"sndbuf_actual":	131072,
		"rcvbuf_actual":	131072,
		"test_start":	{
			"protocol":	"TCP",
			"num_streams":	1,
			"blksize":	131072,
			"omit":	0,
			"duration":	10,
			"bytes":	0,
			"blocks":	0,
			"reverse":	0,
			"tos":	0
		}
	},
	"intervals":	[{
			"streams":	[{
					"socket":	7,
					"start":	0,
					"end":	1.003465,
					"seconds":	1.0034650564193726,
					"bytes":	135333,
					"bits_per_second":	1078925.4624004846,
					"omitted":	false,
					"sender":	true
				}],
			"sum":	{
				"start":	0,
				"end":	1.003465,
				"seconds":	1.0034650564193726,
				"bytes":	135333,
				"bits_per_second":	1078925.4624004846,
				"omitted":	false,
				"sender":	true
			}
		}, {
			"streams":	[{
					"socket":	7,
					"start":	1.003465,
					"end":	2.003851,
					"seconds":	1.0003859996795654,
					"bytes":	49212,
					"bits_per_second":	393544.092106552,
					"omitted":	false,
					"sender":	true
				}],
			"sum":	{
				"start":	1.003465,
				"end":	2.003851,
				"seconds":	1.0003859996795654,
				"bytes":	49212,
				"bits_per_second":	393544.092106552,
				"omitted":	false,
				"sender":	true
			}
		}, {
			"streams":	[{
					"socket":	7,
					"start":	2.003851,
					"end":	3.000028,
					"seconds":	0.99617701768875122,
					"bytes":	295172,
					"bits_per_second":	2370438.1430909461,
					"omitted":	false,
					"sender":	true
				}],
			"sum":	{
				"start":	2.003851,
				"end":	3.000028,
				"seconds":	0.99617701768875122,
				"bytes":	295172,
				"bits_per_second":	2370438.1430909461,
				"omitted":	false,
				"sender":	true
			}
		}, {
			"streams":	[{
					"socket":	7,
					"start":	3.000028,
					"end":	4.001497,
					"seconds":	1.0014690160751343,
					"bytes":	1225719,
					"bits_per_second":	9791368.3225366324,
					"omitted":	false,
					"sender":	true
				}],
			"sum":	{
				"start":	3.000028,
				"end":	4.001497,
				"seconds":	1.0014690160751343,
				"bytes":	1225719,
				"bits_per_second":	9791368.3225366324,
				"omitted":	false,
				"sender":	true
			}
		}, {
			"streams":	[{
					"socket":	7,
					"start":	4.001497,
					"end":	5.000443,
					"seconds":	0.99894601106643677,
					"bytes":	2370185,
					"bits_per_second":	18981486.276477989,
					"omitted":	false,
					"sender":	true
				}],
			"sum":	{
				"start":	4.001497,
				"end":	5.000443,
				"seconds":	0.99894601106643677,
				"bytes":	2370185,
				"bits_per_second":	18981486.276477989,
				"omitted":	false,
				"sender":	true
			}
		}, {
			"streams":	[{
					"socket":	7,
					"start":	5.000443,
					"end":	6.000579,
					"seconds":	1.0001360177993774,
					"bytes":	2114672,
					"bits_per_second":	16915075.24868837,
					"omitted":	false,
					"sender":	true
				}],
			"sum":	{
				"start":	5.000443,
				"end":	6.000579,
				"seconds":	1.0001360177993774,
				"bytes":	2114672,
				"bits_per_second":	16915075.24868837,
				"omitted":	false,
				"sender":	true
			}
		}, {
			"streams":	[{
					"socket":	7,
					"start":	6.000579,
					"end":	7.003204,
					"seconds":	1.0026249885559082,
					"bytes":	1858130,
					"bits_per_second":	14826121.600470262,
					"omitted":	false,
					"sender":	true
				}],
			"sum":	{
				"start":	6.000579,
				"end":	7.003204,
				"seconds":	1.0026249885559082,
				"bytes":	1858130,
				"bits_per_second":	14826121.600470262,
				"omitted":	false,
				"sender":	true
			}
		}, {
			"streams":	[{
					"socket":	7,
					"start":	7.003204,
					"end":	8.001266,
					"seconds":	0.998062014579773,
					"bytes":	1313347,
					"bits_per_second":	10527177.516543202,
					"omitted":	false,
					"sender":	true
				}],
			"sum":	{
				"start":	7.003204,
				"end":	8.001266,
				"seconds":	0.998062014579773,
				"bytes":	1313347,
				"bits_per_second":	10527177.516543202,
				"omitted":	false,
				"sender":	true
			}
		}, {
			"streams":	[{
					"socket":	7,
					"start":	8.001266,
					"end":	9.003464,
					"seconds":	1.0021979808807373,
					"bytes":	0,
					"bits_per_second":	0,
					"omitted":	false,
					"sender":	true
				}],
			"sum":	{
				"start":	8.001266,
				"end":	9.003464,
				"seconds":	1.0021979808807373,
				"bytes":	0,
				"bits_per_second":	0,
				"omitted":	false,
				"sender":	true
			}
		}, {
			"streams":	[{
					"socket":	7,
					"start":	9.003464,
					"end":	10.004212,
					"seconds":	1.0007480382919312,
					"bytes":	0,
					"bits_per_second":	0,
					"omitted":	false,
					"sender":	true
				}],
			"sum":	{
				"start":	9.003464,
				"end":	10.004212,
				"seconds":	1.0007480382919312,
				"bytes":	0,
				"bits_per_second":	0,
				"omitted":	false,
				"sender":	true
			}
		}],
	"end":	{
		"streams":	[{
				"sender":	{
					"socket":	7,
					"start":	0,
					"end":	10.004212,
					"seconds":	10.004212,
					"bytes":	9361770,
					"bits_per_second":	7486262.7861144878,
					"sender":	true
				},
				"receiver":	{
					"socket":	7,
					"start":	0,
					"end":	10.004212,
					"seconds":	10.004212,
					"bytes":	9115673,
					"bits_per_second":	7289468.076046369,
					"sender":	true
				}
			}],
		"sum_sent":	{
			"start":	0,
			"end":	10.004212,
			"seconds":	10.004212,
			"bytes":	9361770,
			"bits_per_second":	7486262.7861144878,
			"sender":	true
		},
		"sum_received":	{
			"start":	0,
			"end":	10.004212,
			"seconds":	10.004212,
			"bytes":	9115673,
			"bits_per_second":	7289468.076046369,
			"sender":	true
		},
		"cpu_utilization_percent":	{
			"host_total":	6.190599330400345,
			"host_user":	1.5340552333743769,
			"host_system":	4.6564255148520362,
			"remote_total":	0.0144842,
			"remote_user":	0.00144806,
			"remote_system":	0.0104992
		}
	}
}
