{
	"start":	{
		"connected":	[{
				"socket":	7,
				"local_host":	"10.145.64.217",
				"local_port":	56715,
				"remote_host":	"117.102.109.186",
				"remote_port":	5202
			}],
		"version":	"iperf 3.7",
		"system_info":	"Darwin SAMAC135.local 18.0.0 Darwin Kernel Version 18.0.0: Wed Aug 22 20:13:40 PDT 2018; root:xnu-4903.201.2~1/RELEASE_X86_64 x86_64",
		"timestamp":	{
			"time":	"Wed, 11 Mar 2020 14:19:45 UTC",
			"timesecs":	1583936385
		},
		"connecting_to":	{
			"host":	"iperf.biznetnetworks.com",
			"port":	5202
		},
		"cookie":	"krhm7sc6gq6ezbiom7vwukb4p7hzpa26rlad",
		"tcp_mss_default":	1367,
		"sock_bufsize":	0,
		"sndbuf_actual":	131072,
		"rcvbuf_actual":	131072,
		"test_start":	{
			"protocol":	"TCP",
			"num_streams":	1,
			"blksize":	131072,
			"omit":	0,
			"duration":	10,
			"bytes":	0,
			"blocks":	0,
			"reverse":	0,
			"tos":	0
		}
	},
	"intervals":	[{
			"streams":	[{
					"socket":	7,
					"start":	0,
					"end":	1.003097,
					"seconds":	1.0030970573425293,
					"bytes":	142168,
					"bits_per_second":	1133832.455867358,
					"omitted":	false,
					"sender":	true
				}],
			"sum":	{
				"start":	0,
				"end":	1.003097,
				"seconds":	1.0030970573425293,
				"bytes":	142168,
				"bits_per_second":	1133832.455867358,
				"omitted":	false,
				"sender":	true
			}
		}, {
			"streams":	[{
					"socket":	7,
					"start":	1.003097,
					"end":	2.001646,
					"seconds":	0.99854898452758789,
					"bytes":	90222,
					"bits_per_second":	722824.83001219132,
					"omitted":	false,
					"sender":	true
				}],
			"sum":	{
				"start":	1.003097,
				"end":	2.001646,
				"seconds":	0.99854898452758789,
				"bytes":	90222,
				"bits_per_second":	722824.83001219132,
				"omitted":	false,
				"sender":	true
			}
		}, {
			"streams":	[{
					"socket":	7,
					"start":	2.001646,
					"end":	3.000183,
					"seconds":	0.998537003993988,
					"bytes":	409940,
					"bits_per_second":	3284324.9542905726,
					"omitted":	false,
					"sender":	true
				}],
			"sum":	{
				"start":	2.001646,
				"end":	3.000183,
				"seconds":	0.998537003993988,
				"bytes":	409940,
				"bits_per_second":	3284324.9542905726,
				"omitted":	false,
				"sender":	true
			}
		}, {
			"streams":	[{
					"socket":	7,
					"start":	3.000183,
					"end":	4.003853,
					"seconds":	1.0036699771881104,
					"bytes":	262624,
					"bits_per_second":	2093309.6015147883,
					"omitted":	false,
					"sender":	true
				}],
			"sum":	{
				"start":	3.000183,
				"end":	4.003853,
				"seconds":	1.0036699771881104,
				"bytes":	262624,
				"bits_per_second":	2093309.6015147883,
				"omitted":	false,
				"sender":	true
			}
		}, {
			"streams":	[{
					"socket":	7,
					"start":	4.003853,
					"end":	5.001288,
					"seconds":	0.99743497371673584,
					"bytes":	460439,
					"bits_per_second":	3692984.60256928,
					"omitted":	false,
					"sender":	true
				}],
			"sum":	{
				"start":	4.003853,
				"end":	5.001288,
				"seconds":	0.99743497371673584,
				"bytes":	460439,
				"bits_per_second":	3692984.60256928,
				"omitted":	false,
				"sender":	true
			}
		}, {
			"streams":	[{
					"socket":	7,
					"start":	5.001288,
					"end":	6.002672,
					"seconds":	1.0013840198516846,
					"bytes":	486582,
					"bits_per_second":	3887275.9329398358,
					"omitted":	false,
					"sender":	true
				}],
			"sum":	{
				"start":	5.001288,
				"end":	6.002672,
				"seconds":	1.0013840198516846,
				"bytes":	486582,
				"bits_per_second":	3887275.9329398358,
				"omitted":	false,
				"sender":	true
			}
		}, {
			"streams":	[{
					"socket":	7,
					"start":	6.002672,
					"end":	7.004518,
					"seconds":	1.0018459558486938,
					"bytes":	218830,
					"bits_per_second":	1747414.3502600458,
					"omitted":	false,
					"sender":	true
				}],
			"sum":	{
				"start":	6.002672,
				"end":	7.004518,
				"seconds":	1.0018459558486938,
				"bytes":	218830,
				"bits_per_second":	1747414.3502600458,
				"omitted":	false,
				"sender":	true
			}
		}, {
			"streams":	[{
					"socket":	7,
					"start":	7.004518,
					"end":	8.003548,
					"seconds":	0.99902999401092529,
					"bytes":	537151,
					"bits_per_second":	4301380.3647150621,
					"omitted":	false,
					"sender":	true
				}],
			"sum":	{
				"start":	7.004518,
				"end":	8.003548,
				"seconds":	0.99902999401092529,
				"bytes":	537151,
				"bits_per_second":	4301380.3647150621,
				"omitted":	false,
				"sender":	true
			}
		}, {
			"streams":	[{
					"socket":	7,
					"start":	8.003548,
					"end":	9.0008,
					"seconds":	0.99725198745727539,
					"bytes":	523561,
					"bits_per_second":	4200029.73438992,
					"omitted":	false,
					"sender":	true
				}],
			"sum":	{
				"start":	8.003548,
				"end":	9.0008,
				"seconds":	0.99725198745727539,
				"bytes":	523561,
				"bits_per_second":	4200029.73438992,
				"omitted":	false,
				"sender":	true
			}
		}, {
			"streams":	[{
					"socket":	7,
					"start":	9.0008,
					"end":	10.000648,
					"seconds":	0.99984800815582275,
					"bytes":	565918,
					"bits_per_second":	4528032.2239682153,
					"omitted":	false,
					"sender":	true
				}],
			"sum":	{
				"start":	9.0008,
				"end":	10.000648,
				"seconds":	0.99984800815582275,
				"bytes":	565918,
				"bits_per_second":	4528032.2239682153,
				"omitted":	false,
				"sender":	true
			}
		}],
	"end":	{
		"streams":	[{
				"sender":	{
					"socket":	7,
					"start":	0,
					"end":	10.000648,
					"seconds":	10.000648,
					"bytes":	3697435,
					"bits_per_second":	2957756.3373893374,
					"sender":	true
				},
				"receiver":	{
					"socket":	7,
					"start":	0,
					"end":	10.000648,
					"seconds":	10.000648,
					"bytes":	3488584,
					"bits_per_second":	2790686.3635236435,
					"sender":	true
				}
			}],
		"sum_sent":	{
			"start":	0,
			"end":	10.000648,
			"seconds":	10.000648,
			"bytes":	3697435,
			"bits_per_second":	2957756.3373893374,
			"sender":	true
		},
		"sum_received":	{
			"start":	0,
			"end":	10.000648,
			"seconds":	10.000648,
			"bytes":	3488584,
			"bits_per_second":	2790686.3635236435,
			"sender":	true
		},
		"cpu_utilization_percent":	{
			"host_total":	5.8705319716436151,
			"host_user":	1.5183872658760367,
			"host_system":	4.3520677535343086,
			"remote_total":	0.0279629,
			"remote_user":	0.0111838,
			"remote_system":	0.0237657
		}
	}
}
