{
	"start":	{
		"connected":	[{
				"socket":	7,
				"local_host":	"10.145.64.217",
				"local_port":	57164,
				"remote_host":	"117.102.109.186",
				"remote_port":	5202
			}],
		"version":	"iperf 3.7",
		"system_info":	"Darwin SAMAC135.local 18.0.0 Darwin Kernel Version 18.0.0: Wed Aug 22 20:13:40 PDT 2018; root:xnu-4903.201.2~1/RELEASE_X86_64 x86_64",
		"timestamp":	{
			"time":	"Wed, 11 Mar 2020 14:43:46 UTC",
			"timesecs":	1583937826
		},
		"connecting_to":	{
			"host":	"iperf.biznetnetworks.com",
			"port":	5202
		},
		"cookie":	"iij54ep27rmngpt6fojny2svnwfswix6rr6e",
		"tcp_mss_default":	1367,
		"sock_bufsize":	0,
		"sndbuf_actual":	131072,
		"rcvbuf_actual":	131072,
		"test_start":	{
			"protocol":	"TCP",
			"num_streams":	1,
			"blksize":	131072,
			"omit":	0,
			"duration":	10,
			"bytes":	0,
			"blocks":	0,
			"reverse":	0,
			"tos":	0
		}
	},
	"intervals":	[{
			"streams":	[{
					"socket":	7,
					"start":	0,
					"end":	1.003046,
					"seconds":	1.0030460357666016,
					"bytes":	135333,
					"bits_per_second":	1079376.1815453949,
					"omitted":	false,
					"sender":	true
				}],
			"sum":	{
				"start":	0,
				"end":	1.003046,
				"seconds":	1.0030460357666016,
				"bytes":	135333,
				"bits_per_second":	1079376.1815453949,
				"omitted":	false,
				"sender":	true
			}
		}, {
			"streams":	[{
					"socket":	7,
					"start":	1.003046,
					"end":	2.003356,
					"seconds":	1.000309944152832,
					"bytes":	41010,
					"bits_per_second":	327978.34502970253,
					"omitted":	false,
					"sender":	true
				}],
			"sum":	{
				"start":	1.003046,
				"end":	2.003356,
				"seconds":	1.000309944152832,
				"bytes":	41010,
				"bits_per_second":	327978.34502970253,
				"omitted":	false,
				"sender":	true
			}
		}, {
			"streams":	[{
					"socket":	7,
					"start":	2.003356,
					"end":	3.004972,
					"seconds":	1.0016160011291504,
					"bytes":	185902,
					"bits_per_second":	1484816.534803177,
					"omitted":	false,
					"sender":	true
				}],
			"sum":	{
				"start":	2.003356,
				"end":	3.004972,
				"seconds":	1.0016160011291504,
				"bytes":	185902,
				"bits_per_second":	1484816.534803177,
				"omitted":	false,
				"sender":	true
			}
		}, {
			"streams":	[{
					"socket":	7,
					"start":	3.004972,
					"end":	4.004251,
					"seconds":	0.99927902221679688,
					"bytes":	924999,
					"bits_per_second":	7405331.0791853564,
					"omitted":	false,
					"sender":	true
				}],
			"sum":	{
				"start":	3.004972,
				"end":	4.004251,
				"seconds":	0.99927902221679688,
				"bytes":	924999,
				"bits_per_second":	7405331.0791853564,
				"omitted":	false,
				"sender":	true
			}
		}, {
			"streams":	[{
					"socket":	7,
					"start":	4.004251,
					"end":	5.004432,
					"seconds":	1.0001809597015381,
					"bytes":	1259864,
					"bits_per_second":	10077088.453081157,
					"omitted":	false,
					"sender":	true
				}],
			"sum":	{
				"start":	4.004251,
				"end":	5.004432,
				"seconds":	1.0001809597015381,
				"bytes":	1259864,
				"bits_per_second":	10077088.453081157,
				"omitted":	false,
				"sender":	true
			}
		}, {
			"streams":	[{
					"socket":	7,
					"start":	5.004432,
					"end":	6.002718,
					"seconds":	0.99828600883483887,
					"bytes":	238838,
					"bits_per_second":	1913984.5526134344,
					"omitted":	false,
					"sender":	true
				}],
			"sum":	{
				"start":	5.004432,
				"end":	6.002718,
				"seconds":	0.99828600883483887,
				"bytes":	238838,
				"bits_per_second":	1913984.5526134344,
				"omitted":	false,
				"sender":	true
			}
		}, {
			"streams":	[{
					"socket":	7,
					"start":	6.002718,
					"end":	7.002007,
					"seconds":	0.99928897619247437,
					"bytes":	355410,
					"bits_per_second":	2845303.0782282464,
					"omitted":	false,
					"sender":	true
				}],
			"sum":	{
				"start":	6.002718,
				"end":	7.002007,
				"seconds":	0.99928897619247437,
				"bytes":	355410,
				"bits_per_second":	2845303.0782282464,
				"omitted":	false,
				"sender":	true
			}
		}, {
			"streams":	[{
					"socket":	7,
					"start":	7.002007,
					"end":	8.003597,
					"seconds":	1.0015900135040283,
					"bytes":	1190057,
					"bits_per_second":	9505342.3772597443,
					"omitted":	false,
					"sender":	true
				}],
			"sum":	{
				"start":	7.002007,
				"end":	8.003597,
				"seconds":	1.0015900135040283,
				"bytes":	1190057,
				"bits_per_second":	9505342.3772597443,
				"omitted":	false,
				"sender":	true
			}
		}, {
			"streams":	[{
					"socket":	7,
					"start":	8.003597,
					"end":	9.004597,
					"seconds":	1.0010000467300415,
					"bytes":	0,
					"bits_per_second":	0,
					"omitted":	false,
					"sender":	true
				}],
			"sum":	{
				"start":	8.003597,
				"end":	9.004597,
				"seconds":	1.0010000467300415,
				"bytes":	0,
				"bits_per_second":	0,
				"omitted":	false,
				"sender":	true
			}
		}, {
			"streams":	[{
					"socket":	7,
					"start":	9.004597,
					"end":	10.001987,
					"seconds":	0.99738997220993042,
					"bytes":	131782,
					"bits_per_second":	1057014.8381019621,
					"omitted":	false,
					"sender":	true
				}],
			"sum":	{
				"start":	9.004597,
				"end":	10.001987,
				"seconds":	0.99738997220993042,
				"bytes":	131782,
				"bits_per_second":	1057014.8381019621,
				"omitted":	false,
				"sender":	true
			}
		}],
	"end":	{
		"streams":	[{
				"sender":	{
					"socket":	7,
					"start":	0,
					"end":	10.001987,
					"seconds":	10.001987,
					"bytes":	4463195,
					"bits_per_second":	3569846.67146638,
					"sender":	true
				},
				"receiver":	{
					"socket":	7,
					"start":	0,
					"end":	10.001987,
					"seconds":	10.001987,
					"bytes":	4351161,
					"bits_per_second":	3480237.2768530892,
					"sender":	true
				}
			}],
		"sum_sent":	{
			"start":	0,
			"end":	10.001987,
			"seconds":	10.001987,
			"bytes":	4463195,
			"bits_per_second":	3569846.67146638,
			"sender":	true
		},
		"sum_received":	{
			"start":	0,
			"end":	10.001987,
			"seconds":	10.001987,
			"bytes":	4351161,
			"bits_per_second":	3480237.2768530892,
			"sender":	true
		},
		"cpu_utilization_percent":	{
			"host_total":	5.9174136940438178,
			"host_user":	1.5088873279735726,
			"host_system":	4.4084838008119576,
			"remote_total":	0.00296652,
			"remote_user":	0.000889659,
			"remote_system":	0.00207627
		}
	}
}
