{
	"start":	{
		"connected":	[{
				"socket":	7,
				"local_host":	"10.145.64.217",
				"local_port":	56696,
				"remote_host":	"117.102.109.186",
				"remote_port":	5202
			}],
		"version":	"iperf 3.7",
		"system_info":	"Darwin SAMAC135.local 18.0.0 Darwin Kernel Version 18.0.0: Wed Aug 22 20:13:40 PDT 2018; root:xnu-4903.201.2~1/RELEASE_X86_64 x86_64",
		"timestamp":	{
			"time":	"Wed, 11 Mar 2020 14:18:32 UTC",
			"timesecs":	1583936312
		},
		"connecting_to":	{
			"host":	"iperf.biznetnetworks.com",
			"port":	5202
		},
		"cookie":	"l5uafe6h4dq3fhgitkh4ruuurncfpfzqadig",
		"tcp_mss_default":	1367,
		"sock_bufsize":	0,
		"sndbuf_actual":	131072,
		"rcvbuf_actual":	131072,
		"test_start":	{
			"protocol":	"TCP",
			"num_streams":	1,
			"blksize":	131072,
			"omit":	0,
			"duration":	10,
			"bytes":	0,
			"blocks":	0,
			"reverse":	0,
			"tos":	0
		}
	},
	"intervals":	[{
			"streams":	[{
					"socket":	7,
					"start":	0,
					"end":	1.001571,
					"seconds":	1.0015710592269897,
					"bytes":	133966,
					"bits_per_second":	1070046.8929555106,
					"omitted":	false,
					"sender":	true
				}],
			"sum":	{
				"start":	0,
				"end":	1.001571,
				"seconds":	1.0015710592269897,
				"bytes":	133966,
				"bits_per_second":	1070046.8929555106,
				"omitted":	false,
				"sender":	true
			}
		}, {
			"streams":	[{
					"socket":	7,
					"start":	1.001571,
					"end":	2.002277,
					"seconds":	1.0007059574127197,
					"bytes":	49212,
					"bits_per_second":	393418.26346061064,
					"omitted":	false,
					"sender":	true
				}],
			"sum":	{
				"start":	1.001571,
				"end":	2.002277,
				"seconds":	1.0007059574127197,
				"bytes":	49212,
				"bits_per_second":	393418.26346061064,
				"omitted":	false,
				"sender":	true
			}
		}, {
			"streams":	[{
					"socket":	7,
					"start":	2.002277,
					"end":	3.003964,
					"seconds":	1.0016870498657227,
					"bytes":	188626,
					"bits_per_second":	1506466.5158666915,
					"omitted":	false,
					"sender":	true
				}],
			"sum":	{
				"start":	2.002277,
				"end":	3.003964,
				"seconds":	1.0016870498657227,
				"bytes":	188626,
				"bits_per_second":	1506466.5158666915,
				"omitted":	false,
				"sender":	true
			}
		}, {
			"streams":	[{
					"socket":	7,
					"start":	3.003964,
					"end":	4.002958,
					"seconds":	0.998993992805481,
					"bytes":	745992,
					"bits_per_second":	5973945.8324871492,
					"omitted":	false,
					"sender":	true
				}],
			"sum":	{
				"start":	3.003964,
				"end":	4.002958,
				"seconds":	0.998993992805481,
				"bytes":	745992,
				"bits_per_second":	5973945.8324871492,
				"omitted":	false,
				"sender":	true
			}
		}, {
			"streams":	[{
					"socket":	7,
					"start":	4.002958,
					"end":	5.001319,
					"seconds":	0.99836099147796631,
					"bytes":	1572867,
					"bits_per_second":	12603593.396985907,
					"omitted":	false,
					"sender":	true
				}],
			"sum":	{
				"start":	4.002958,
				"end":	5.001319,
				"seconds":	0.99836099147796631,
				"bytes":	1572867,
				"bits_per_second":	12603593.396985907,
				"omitted":	false,
				"sender":	true
			}
		}, {
			"streams":	[{
					"socket":	7,
					"start":	5.001319,
					"end":	6.00248,
					"seconds":	1.0011609792709351,
					"bytes":	1512862,
					"bits_per_second":	12088861.08287357,
					"omitted":	false,
					"sender":	true
				}],
			"sum":	{
				"start":	5.001319,
				"end":	6.00248,
				"seconds":	1.0011609792709351,
				"bytes":	1512862,
				"bits_per_second":	12088861.08287357,
				"omitted":	false,
				"sender":	true
			}
		}, {
			"streams":	[{
					"socket":	7,
					"start":	6.00248,
					"end":	7.003517,
					"seconds":	1.0010370016098022,
					"bytes":	2026281,
					"bits_per_second":	16193455.36072267,
					"omitted":	false,
					"sender":	true
				}],
			"sum":	{
				"start":	6.00248,
				"end":	7.003517,
				"seconds":	1.0010370016098022,
				"bytes":	2026281,
				"bits_per_second":	16193455.36072267,
				"omitted":	false,
				"sender":	true
			}
		}, {
			"streams":	[{
					"socket":	7,
					"start":	7.003517,
					"end":	8.003317,
					"seconds":	0.99980002641677856,
					"bytes":	2062663,
					"bits_per_second":	16504604.484898498,
					"omitted":	false,
					"sender":	true
				}],
			"sum":	{
				"start":	7.003517,
				"end":	8.003317,
				"seconds":	0.99980002641677856,
				"bytes":	2062663,
				"bits_per_second":	16504604.484898498,
				"omitted":	false,
				"sender":	true
			}
		}, {
			"streams":	[{
					"socket":	7,
					"start":	8.003317,
					"end":	9.003576,
					"seconds":	1.0002590417861938,
					"bytes":	2644905,
					"bits_per_second":	21153760.292149205,
					"omitted":	false,
					"sender":	true
				}],
			"sum":	{
				"start":	8.003317,
				"end":	9.003576,
				"seconds":	1.0002590417861938,
				"bytes":	2644905,
				"bits_per_second":	21153760.292149205,
				"omitted":	false,
				"sender":	true
			}
		}, {
			"streams":	[{
					"socket":	7,
					"start":	9.003576,
					"end":	10.001324,
					"seconds":	0.99774801731109619,
					"bytes":	899486,
					"bits_per_second":	7212129.5909890383,
					"omitted":	false,
					"sender":	true
				}],
			"sum":	{
				"start":	9.003576,
				"end":	10.001324,
				"seconds":	0.99774801731109619,
				"bytes":	899486,
				"bits_per_second":	7212129.5909890383,
				"omitted":	false,
				"sender":	true
			}
		}],
	"end":	{
		"streams":	[{
				"sender":	{
					"socket":	7,
					"start":	0,
					"end":	10.001324,
					"seconds":	10.001324,
					"bytes":	11836860,
					"bits_per_second":	9468234.4057646766,
					"sender":	true
				},
				"receiver":	{
					"socket":	7,
					"start":	0,
					"end":	10.001324,
					"seconds":	10.001324,
					"bytes":	11285952,
					"bits_per_second":	9027566.350215232,
					"sender":	true
				}
			}],
		"sum_sent":	{
			"start":	0,
			"end":	10.001324,
			"seconds":	10.001324,
			"bytes":	11836860,
			"bits_per_second":	9468234.4057646766,
			"sender":	true
		},
		"sum_received":	{
			"start":	0,
			"end":	10.001324,
			"seconds":	10.001324,
			"bytes":	11285952,
			"bits_per_second":	9027566.350215232,
			"sender":	true
		},
		"cpu_utilization_percent":	{
			"host_total":	6.4147496322196336,
			"host_user":	1.6131733278950777,
			"host_system":	4.8014916841654109,
			"remote_total":	0.00914544,
			"remote_user":	0.00146309,
			"remote_system":	0.00731525
		}
	}
}
