{
	"start":	{
		"connected":	[{
				"socket":	7,
				"local_host":	"10.145.64.217",
				"local_port":	57333,
				"remote_host":	"117.102.109.186",
				"remote_port":	5202
			}],
		"version":	"iperf 3.7",
		"system_info":	"Darwin SAMAC135.local 18.0.0 Darwin Kernel Version 18.0.0: Wed Aug 22 20:13:40 PDT 2018; root:xnu-4903.201.2~1/RELEASE_X86_64 x86_64",
		"timestamp":	{
			"time":	"Wed, 11 Mar 2020 14:53:46 UTC",
			"timesecs":	1583938426
		},
		"connecting_to":	{
			"host":	"iperf.biznetnetworks.com",
			"port":	5202
		},
		"cookie":	"n3u7zmlrbfi6ko6vnxyrtnno6v5is2k4ngbj",
		"tcp_mss_default":	1367,
		"sock_bufsize":	0,
		"sndbuf_actual":	131072,
		"rcvbuf_actual":	131072,
		"test_start":	{
			"protocol":	"TCP",
			"num_streams":	1,
			"blksize":	131072,
			"omit":	0,
			"duration":	10,
			"bytes":	0,
			"blocks":	0,
			"reverse":	0,
			"tos":	0
		}
	},
	"intervals":	[{
			"streams":	[{
					"socket":	7,
					"start":	0,
					"end":	1.000147,
					"seconds":	1.0001469850540161,
					"bytes":	135333,
					"bits_per_second":	1082504.8879605704,
					"omitted":	false,
					"sender":	true
				}],
			"sum":	{
				"start":	0,
				"end":	1.000147,
				"seconds":	1.0001469850540161,
				"bytes":	135333,
				"bits_per_second":	1082504.8879605704,
				"omitted":	false,
				"sender":	true
			}
		}, {
			"streams":	[{
					"socket":	7,
					"start":	1.000147,
					"end":	2.004194,
					"seconds":	1.0040470361709595,
					"bytes":	49212,
					"bits_per_second":	392109.12020755693,
					"omitted":	false,
					"sender":	true
				}],
			"sum":	{
				"start":	1.000147,
				"end":	2.004194,
				"seconds":	1.0040470361709595,
				"bytes":	49212,
				"bits_per_second":	392109.12020755693,
				"omitted":	false,
				"sender":	true
			}
		}, {
			"streams":	[{
					"socket":	7,
					"start":	2.004194,
					"end":	3.002993,
					"seconds":	0.99879902601242065,
					"bytes":	280185,
					"bits_per_second":	2244175.1960340077,
					"omitted":	false,
					"sender":	true
				}],
			"sum":	{
				"start":	2.004194,
				"end":	3.002993,
				"seconds":	0.99879902601242065,
				"bytes":	280185,
				"bits_per_second":	2244175.1960340077,
				"omitted":	false,
				"sender":	true
			}
		}, {
			"streams":	[{
					"socket":	7,
					"start":	3.002993,
					"end":	4.002971,
					"seconds":	0.99997800588607788,
					"bytes":	345871,
					"bits_per_second":	2767028.8583479361,
					"omitted":	false,
					"sender":	true
				}],
			"sum":	{
				"start":	3.002993,
				"end":	4.002971,
				"seconds":	0.99997800588607788,
				"bytes":	345871,
				"bits_per_second":	2767028.8583479361,
				"omitted":	false,
				"sender":	true
			}
		}, {
			"streams":	[{
					"socket":	7,
					"start":	4.002971,
					"end":	5.001715,
					"seconds":	0.998744010925293,
					"bytes":	564341,
					"bits_per_second":	4520405.580021752,
					"omitted":	false,
					"sender":	true
				}],
			"sum":	{
				"start":	4.002971,
				"end":	5.001715,
				"seconds":	0.998744010925293,
				"bytes":	564341,
				"bits_per_second":	4520405.580021752,
				"omitted":	false,
				"sender":	true
			}
		}, {
			"streams":	[{
					"socket":	7,
					"start":	5.001715,
					"end":	6.00464,
					"seconds":	1.0029250383377075,
					"bytes":	572733,
					"bits_per_second":	4568500.95954747,
					"omitted":	false,
					"sender":	true
				}],
			"sum":	{
				"start":	5.001715,
				"end":	6.00464,
				"seconds":	1.0029250383377075,
				"bytes":	572733,
				"bits_per_second":	4568500.95954747,
				"omitted":	false,
				"sender":	true
			}
		}, {
			"streams":	[{
					"socket":	7,
					"start":	6.00464,
					"end":	7.003169,
					"seconds":	0.99852901697158813,
					"bytes":	590534,
					"bits_per_second":	4731231.561330203,
					"omitted":	false,
					"sender":	true
				}],
			"sum":	{
				"start":	6.00464,
				"end":	7.003169,
				"seconds":	0.99852901697158813,
				"bytes":	590534,
				"bits_per_second":	4731231.561330203,
				"omitted":	false,
				"sender":	true
			}
		}, {
			"streams":	[{
					"socket":	7,
					"start":	7.003169,
					"end":	8.000906,
					"seconds":	0.99773699045181274,
					"bytes":	423760,
					"bits_per_second":	3397769.1841061688,
					"omitted":	false,
					"sender":	true
				}],
			"sum":	{
				"start":	7.003169,
				"end":	8.000906,
				"seconds":	0.99773699045181274,
				"bytes":	423760,
				"bits_per_second":	3397769.1841061688,
				"omitted":	false,
				"sender":	true
			}
		}, {
			"streams":	[{
					"socket":	7,
					"start":	8.000906,
					"end":	9.005033,
					"seconds":	1.004127025604248,
					"bytes":	89125,
					"bits_per_second":	710069.52488998277,
					"omitted":	false,
					"sender":	true
				}],
			"sum":	{
				"start":	8.000906,
				"end":	9.005033,
				"seconds":	1.004127025604248,
				"bytes":	89125,
				"bits_per_second":	710069.52488998277,
				"omitted":	false,
				"sender":	true
			}
		}, {
			"streams":	[{
					"socket":	7,
					"start":	9.005033,
					"end":	10.001295,
					"seconds":	0.99626201391220093,
					"bytes":	571186,
					"bits_per_second":	4586632.7694821674,
					"omitted":	false,
					"sender":	true
				}],
			"sum":	{
				"start":	9.005033,
				"end":	10.001295,
				"seconds":	0.99626201391220093,
				"bytes":	571186,
				"bits_per_second":	4586632.7694821674,
				"omitted":	false,
				"sender":	true
			}
		}],
	"end":	{
		"streams":	[{
				"sender":	{
					"socket":	7,
					"start":	0,
					"end":	10.001295,
					"seconds":	10.001295,
					"bytes":	3622280,
					"bits_per_second":	2897448.78038294,
					"sender":	true
				},
				"receiver":	{
					"socket":	7,
					"start":	0,
					"end":	10.001295,
					"seconds":	10.001295,
					"bytes":	3414766,
					"bits_per_second":	2731459.0760496515,
					"sender":	true
				}
			}],
		"sum_sent":	{
			"start":	0,
			"end":	10.001295,
			"seconds":	10.001295,
			"bytes":	3622280,
			"bits_per_second":	2897448.78038294,
			"sender":	true
		},
		"sum_received":	{
			"start":	0,
			"end":	10.001295,
			"seconds":	10.001295,
			"bytes":	3414766,
			"bits_per_second":	2731459.0760496515,
			"sender":	true
		},
		"cpu_utilization_percent":	{
			"host_total":	6.0893702209753053,
			"host_user":	1.5727570021106019,
			"host_system":	4.5164684354207081,
			"remote_total":	0.00889347,
			"remote_user":	0.0011855,
			"remote_system":	0.00681744
		}
	}
}
