{
	"start":	{
		"connected":	[{
				"socket":	7,
				"local_host":	"10.145.64.217",
				"local_port":	57240,
				"remote_host":	"117.102.109.186",
				"remote_port":	5202
			}],
		"version":	"iperf 3.7",
		"system_info":	"Darwin SAMAC135.local 18.0.0 Darwin Kernel Version 18.0.0: Wed Aug 22 20:13:40 PDT 2018; root:xnu-4903.201.2~1/RELEASE_X86_64 x86_64",
		"timestamp":	{
			"time":	"Wed, 11 Mar 2020 14:48:08 UTC",
			"timesecs":	1583938088
		},
		"connecting_to":	{
			"host":	"iperf.biznetnetworks.com",
			"port":	5202
		},
		"cookie":	"ozm7v2p73elejyxuqdr4ocqybo3gw6u2w2a6",
		"tcp_mss_default":	1367,
		"sock_bufsize":	0,
		"sndbuf_actual":	131072,
		"rcvbuf_actual":	131072,
		"test_start":	{
			"protocol":	"TCP",
			"num_streams":	1,
			"blksize":	131072,
			"omit":	0,
			"duration":	10,
			"bytes":	0,
			"blocks":	0,
			"reverse":	0,
			"tos":	0
		}
	},
	"intervals":	[{
			"streams":	[{
					"socket":	7,
					"start":	0,
					"end":	1.003159,
					"seconds":	1.0031590461730957,
					"bytes":	142168,
					"bits_per_second":	1133762.3922535516,
					"omitted":	false,
					"sender":	true
				}],
			"sum":	{
				"start":	0,
				"end":	1.003159,
				"seconds":	1.0031590461730957,
				"bytes":	142168,
				"bits_per_second":	1133762.3922535516,
				"omitted":	false,
				"sender":	true
			}
		}, {
			"streams":	[{
					"socket":	7,
					"start":	1.003159,
					"end":	2.003869,
					"seconds":	1.0007100105285645,
					"bytes":	92956,
					"bits_per_second":	743120.37670854619,
					"omitted":	false,
					"sender":	true
				}],
			"sum":	{
				"start":	1.003159,
				"end":	2.003869,
				"seconds":	1.0007100105285645,
				"bytes":	92956,
				"bits_per_second":	743120.37670854619,
				"omitted":	false,
				"sender":	true
			}
		}, {
			"streams":	[{
					"socket":	7,
					"start":	2.003869,
					"end":	3.004635,
					"seconds":	1.0007660388946533,
					"bytes":	352546,
					"bits_per_second":	2818209.14218382,
					"omitted":	false,
					"sender":	true
				}],
			"sum":	{
				"start":	2.003869,
				"end":	3.004635,
				"seconds":	1.0007660388946533,
				"bytes":	352546,
				"bits_per_second":	2818209.14218382,
				"omitted":	false,
				"sender":	true
			}
		}, {
			"streams":	[{
					"socket":	7,
					"start":	3.004635,
					"end":	4.001092,
					"seconds":	0.99645698070526123,
					"bytes":	923762,
					"bits_per_second":	7416372.350334201,
					"omitted":	false,
					"sender":	true
				}],
			"sum":	{
				"start":	3.004635,
				"end":	4.001092,
				"seconds":	0.99645698070526123,
				"bytes":	923762,
				"bits_per_second":	7416372.350334201,
				"omitted":	false,
				"sender":	true
			}
		}, {
			"streams":	[{
					"socket":	7,
					"start":	4.001092,
					"end":	5.003312,
					"seconds":	1.0022200345993042,
					"bytes":	2234185,
					"bits_per_second":	17833888.151264071,
					"omitted":	false,
					"sender":	true
				}],
			"sum":	{
				"start":	4.001092,
				"end":	5.003312,
				"seconds":	1.0022200345993042,
				"bytes":	2234185,
				"bits_per_second":	17833888.151264071,
				"omitted":	false,
				"sender":	true
			}
		}, {
			"streams":	[{
					"socket":	7,
					"start":	5.003312,
					"end":	6.003439,
					"seconds":	1.0001269578933716,
					"bytes":	2567613,
					"bits_per_second":	20538296.501142774,
					"omitted":	false,
					"sender":	true
				}],
			"sum":	{
				"start":	5.003312,
				"end":	6.003439,
				"seconds":	1.0001269578933716,
				"bytes":	2567613,
				"bits_per_second":	20538296.501142774,
				"omitted":	false,
				"sender":	true
			}
		}, {
			"streams":	[{
					"socket":	7,
					"start":	6.003439,
					"end":	7.001498,
					"seconds":	0.9980589747428894,
					"bytes":	836180,
					"bits_per_second":	6702449.6240047049,
					"omitted":	false,
					"sender":	true
				}],
			"sum":	{
				"start":	6.003439,
				"end":	7.001498,
				"seconds":	0.9980589747428894,
				"bytes":	836180,
				"bits_per_second":	6702449.6240047049,
				"omitted":	false,
				"sender":	true
			}
		}, {
			"streams":	[{
					"socket":	7,
					"start":	7.001498,
					"end":	8.000223,
					"seconds":	0.99872499704360962,
					"bytes":	2326808,
					"bits_per_second":	18638227.795541193,
					"omitted":	false,
					"sender":	true
				}],
			"sum":	{
				"start":	7.001498,
				"end":	8.000223,
				"seconds":	0.99872499704360962,
				"bytes":	2326808,
				"bits_per_second":	18638227.795541193,
				"omitted":	false,
				"sender":	true
			}
		}, {
			"streams":	[{
					"socket":	7,
					"start":	8.000223,
					"end":	9.001412,
					"seconds":	1.0011889934539795,
					"bytes":	66809,
					"bits_per_second":	533837.27097931528,
					"omitted":	false,
					"sender":	true
				}],
			"sum":	{
				"start":	8.000223,
				"end":	9.001412,
				"seconds":	1.0011889934539795,
				"bytes":	66809,
				"bits_per_second":	533837.27097931528,
				"omitted":	false,
				"sender":	true
			}
		}, {
			"streams":	[{
					"socket":	7,
					"start":	9.001412,
					"end":	10.001732,
					"seconds":	1.0003199577331543,
					"bytes":	1874714,
					"bits_per_second":	14992914.900934922,
					"omitted":	false,
					"sender":	true
				}],
			"sum":	{
				"start":	9.001412,
				"end":	10.001732,
				"seconds":	1.0003199577331543,
				"bytes":	1874714,
				"bits_per_second":	14992914.900934922,
				"omitted":	false,
				"sender":	true
			}
		}],
	"end":	{
		"streams":	[{
				"sender":	{
					"socket":	7,
					"start":	0,
					"end":	10.001732,
					"seconds":	10.001732,
					"bytes":	11417741,
					"bits_per_second":	9132611.031769298,
					"sender":	true
				},
				"receiver":	{
					"socket":	7,
					"start":	0,
					"end":	10.001732,
					"seconds":	10.001732,
					"bytes":	9980467,
					"bits_per_second":	7982990.9459681576,
					"sender":	true
				}
			}],
		"sum_sent":	{
			"start":	0,
			"end":	10.001732,
			"seconds":	10.001732,
			"bytes":	11417741,
			"bits_per_second":	9132611.031769298,
			"sender":	true
		},
		"sum_received":	{
			"start":	0,
			"end":	10.001732,
			"seconds":	10.001732,
			"bytes":	9980467,
			"bits_per_second":	7982990.9459681576,
			"sender":	true
		},
		"cpu_utilization_percent":	{
			"host_total":	6.0949368453248853,
			"host_user":	1.5504302082270713,
			"host_system":	4.5444469812388286,
			"remote_total":	0.00768069,
			"remote_user":	0.0011521,
			"remote_system":	0.00729551
		}
	}
}
