{
	"start":	{
		"connected":	[{
				"socket":	7,
				"local_host":	"10.145.64.217",
				"local_port":	58405,
				"remote_host":	"117.102.109.186",
				"remote_port":	5202
			}],
		"version":	"iperf 3.7",
		"system_info":	"Darwin SAMAC135.local 18.0.0 Darwin Kernel Version 18.0.0: Wed Aug 22 20:13:40 PDT 2018; root:xnu-4903.201.2~1/RELEASE_X86_64 x86_64",
		"timestamp":	{
			"time":	"Wed, 11 Mar 2020 15:42:44 UTC",
			"timesecs":	1583941364
		},
		"connecting_to":	{
			"host":	"iperf.biznetnetworks.com",
			"port":	5202
		},
		"cookie":	"zo3kzjqycttxzltuqp7yf5lp3sjzw7bwjjur",
		"tcp_mss_default":	1367,
		"sock_bufsize":	0,
		"sndbuf_actual":	131072,
		"rcvbuf_actual":	131072,
		"test_start":	{
			"protocol":	"TCP",
			"num_streams":	1,
			"blksize":	131072,
			"omit":	0,
			"duration":	10,
			"bytes":	0,
			"blocks":	0,
			"reverse":	0,
			"tos":	0
		}
	},
	"intervals":	[{
			"streams":	[{
					"socket":	7,
					"start":	0,
					"end":	1.003964,
					"seconds":	1.0039639472961426,
					"bytes":	135333,
					"bits_per_second":	1078389.321564595,
					"omitted":	false,
					"sender":	true
				}],
			"sum":	{
				"start":	0,
				"end":	1.003964,
				"seconds":	1.0039639472961426,
				"bytes":	135333,
				"bits_per_second":	1078389.321564595,
				"omitted":	false,
				"sender":	true
			}
		}, {
			"streams":	[{
					"socket":	7,
					"start":	1.003964,
					"end":	2.004563,
					"seconds":	1.0005990266799927,
					"bytes":	53313,
					"bits_per_second":	426248.66567694821,
					"omitted":	false,
					"sender":	true
				}],
			"sum":	{
				"start":	1.003964,
				"end":	2.004563,
				"seconds":	1.0005990266799927,
				"bytes":	53313,
				"bits_per_second":	426248.66567694821,
				"omitted":	false,
				"sender":	true
			}
		}, {
			"streams":	[{
					"socket":	7,
					"start":	2.004563,
					"end":	3.003991,
					"seconds":	0.99942797422409058,
					"bytes":	240552,
					"bits_per_second":	1925517.4456108527,
					"omitted":	false,
					"sender":	true
				}],
			"sum":	{
				"start":	2.004563,
				"end":	3.003991,
				"seconds":	0.99942797422409058,
				"bytes":	240552,
				"bits_per_second":	1925517.4456108527,
				"omitted":	false,
				"sender":	true
			}
		}, {
			"streams":	[{
					"socket":	7,
					"start":	3.003991,
					"end":	4.003466,
					"seconds":	0.99947500228881836,
					"bytes":	855372,
					"bits_per_second":	6846570.4338071924,
					"omitted":	false,
					"sender":	true
				}],
			"sum":	{
				"start":	3.003991,
				"end":	4.003466,
				"seconds":	0.99947500228881836,
				"bytes":	855372,
				"bits_per_second":	6846570.4338071924,
				"omitted":	false,
				"sender":	true
			}
		}, {
			"streams":	[{
					"socket":	7,
					"start":	4.003466,
					"end":	5.003125,
					"seconds":	0.99965900182724,
					"bytes":	2205438,
					"bits_per_second":	17649522.454907209,
					"omitted":	false,
					"sender":	true
				}],
			"sum":	{
				"start":	4.003466,
				"end":	5.003125,
				"seconds":	0.99965900182724,
				"bytes":	2205438,
				"bits_per_second":	17649522.454907209,
				"omitted":	false,
				"sender":	true
			}
		}, {
			"streams":	[{
					"socket":	7,
					"start":	5.003125,
					"end":	6.003669,
					"seconds":	1.0005439519882202,
					"bytes":	4206376,
					"bits_per_second":	33632713.418666676,
					"omitted":	false,
					"sender":	true
				}],
			"sum":	{
				"start":	5.003125,
				"end":	6.003669,
				"seconds":	1.0005439519882202,
				"bytes":	4206376,
				"bits_per_second":	33632713.418666676,
				"omitted":	false,
				"sender":	true
			}
		}, {
			"streams":	[{
					"socket":	7,
					"start":	6.003669,
					"end":	7.003376,
					"seconds":	0.99970698356628418,
					"bytes":	2535785,
					"bits_per_second":	20292225.955681689,
					"omitted":	false,
					"sender":	true
				}],
			"sum":	{
				"start":	6.003669,
				"end":	7.003376,
				"seconds":	0.99970698356628418,
				"bytes":	2535785,
				"bits_per_second":	20292225.955681689,
				"omitted":	false,
				"sender":	true
			}
		}, {
			"streams":	[{
					"socket":	7,
					"start":	7.003376,
					"end":	8.003032,
					"seconds":	0.99965602159500122,
					"bytes":	1252022,
					"bits_per_second":	10019622.533777859,
					"omitted":	false,
					"sender":	true
				}],
			"sum":	{
				"start":	7.003376,
				"end":	8.003032,
				"seconds":	0.99965602159500122,
				"bytes":	1252022,
				"bits_per_second":	10019622.533777859,
				"omitted":	false,
				"sender":	true
			}
		}, {
			"streams":	[{
					"socket":	7,
					"start":	8.003032,
					"end":	9.004959,
					"seconds":	1.0019270181655884,
					"bytes":	2939374,
					"bits_per_second":	23469765.335855711,
					"omitted":	false,
					"sender":	true
				}],
			"sum":	{
				"start":	8.003032,
				"end":	9.004959,
				"seconds":	1.0019270181655884,
				"bytes":	2939374,
				"bits_per_second":	23469765.335855711,
				"omitted":	false,
				"sender":	true
			}
		}, {
			"streams":	[{
					"socket":	7,
					"start":	9.004959,
					"end":	10.004422,
					"seconds":	0.99946302175521851,
					"bytes":	4789968,
					"bits_per_second":	38340331.924140967,
					"omitted":	false,
					"sender":	true
				}],
			"sum":	{
				"start":	9.004959,
				"end":	10.004422,
				"seconds":	0.99946302175521851,
				"bytes":	4789968,
				"bits_per_second":	38340331.924140967,
				"omitted":	false,
				"sender":	true
			}
		}],
	"end":	{
		"streams":	[{
				"sender":	{
					"socket":	7,
					"start":	0,
					"end":	10.004422,
					"seconds":	10.004422,
					"bytes":	19213533,
					"bits_per_second":	15364032.424861725,
					"sender":	true
				},
				"receiver":	{
					"socket":	7,
					"start":	0,
					"end":	10.004422,
					"seconds":	10.004422,
					"bytes":	18810094,
					"bits_per_second":	15041423.882359222,
					"sender":	true
				}
			}],
		"sum_sent":	{
			"start":	0,
			"end":	10.004422,
			"seconds":	10.004422,
			"bytes":	19213533,
			"bits_per_second":	15364032.424861725,
			"sender":	true
		},
		"sum_received":	{
			"start":	0,
			"end":	10.004422,
			"seconds":	10.004422,
			"bytes":	18810094,
			"bits_per_second":	15041423.882359222,
			"sender":	true
		},
		"cpu_utilization_percent":	{
			"host_total":	6.4609717219452776,
			"host_user":	1.61295359943946,
			"host_system":	4.8479247670229055,
			"remote_total":	0.0202339,
			"remote_user":	0.00303457,
			"remote_system":	0.0212425
		}
	}
}
