{
	"start":	{
		"connected":	[{
				"socket":	7,
				"local_host":	"10.145.64.217",
				"local_port":	58261,
				"remote_host":	"117.102.109.186",
				"remote_port":	5202
			}],
		"version":	"iperf 3.7",
		"system_info":	"Darwin SAMAC135.local 18.0.0 Darwin Kernel Version 18.0.0: Wed Aug 22 20:13:40 PDT 2018; root:xnu-4903.201.2~1/RELEASE_X86_64 x86_64",
		"timestamp":	{
			"time":	"Wed, 11 Mar 2020 15:35:52 UTC",
			"timesecs":	1583940952
		},
		"connecting_to":	{
			"host":	"iperf.biznetnetworks.com",
			"port":	5202
		},
		"cookie":	"iyszrgmghg5g4mbrckke4q5qh3nankbt3bqk",
		"tcp_mss_default":	1367,
		"sock_bufsize":	0,
		"sndbuf_actual":	131072,
		"rcvbuf_actual":	131072,
		"test_start":	{
			"protocol":	"TCP",
			"num_streams":	1,
			"blksize":	131072,
			"omit":	0,
			"duration":	10,
			"bytes":	0,
			"blocks":	0,
			"reverse":	0,
			"tos":	0
		}
	},
	"intervals":	[{
			"streams":	[{
					"socket":	7,
					"start":	0,
					"end":	1.004339,
					"seconds":	1.0043389797210693,
					"bytes":	135333,
					"bits_per_second":	1077986.6378388335,
					"omitted":	false,
					"sender":	true
				}],
			"sum":	{
				"start":	0,
				"end":	1.004339,
				"seconds":	1.0043389797210693,
				"bytes":	135333,
				"bits_per_second":	1077986.6378388335,
				"omitted":	false,
				"sender":	true
			}
		}, {
			"streams":	[{
					"socket":	7,
					"start":	1.004339,
					"end":	2.003141,
					"seconds":	0.99880200624465942,
					"bytes":	54680,
					"bits_per_second":	437964.67895044235,
					"omitted":	false,
					"sender":	true
				}],
			"sum":	{
				"start":	1.004339,
				"end":	2.003141,
				"seconds":	0.99880200624465942,
				"bytes":	54680,
				"bits_per_second":	437964.67895044235,
				"omitted":	false,
				"sender":	true
			}
		}, {
			"streams":	[{
					"socket":	7,
					"start":	2.003141,
					"end":	3.003855,
					"seconds":	1.0007139444351196,
					"bytes":	274687,
					"bits_per_second":	2195928.2292607971,
					"omitted":	false,
					"sender":	true
				}],
			"sum":	{
				"start":	2.003141,
				"end":	3.003855,
				"seconds":	1.0007139444351196,
				"bytes":	274687,
				"bits_per_second":	2195928.2292607971,
				"omitted":	false,
				"sender":	true
			}
		}, {
			"streams":	[{
					"socket":	7,
					"start":	3.003855,
					"end":	4.003889,
					"seconds":	1.000033974647522,
					"bytes":	858126,
					"bits_per_second":	6864774.7716968143,
					"omitted":	false,
					"sender":	true
				}],
			"sum":	{
				"start":	3.003855,
				"end":	4.003889,
				"seconds":	1.000033974647522,
				"bytes":	858126,
				"bits_per_second":	6864774.7716968143,
				"omitted":	false,
				"sender":	true
			}
		}, {
			"streams":	[{
					"socket":	7,
					"start":	4.003889,
					"end":	5.004173,
					"seconds":	1.00028395652771,
					"bytes":	2199960,
					"bits_per_second":	17594683.874660797,
					"omitted":	false,
					"sender":	true
				}],
			"sum":	{
				"start":	4.003889,
				"end":	5.004173,
				"seconds":	1.00028395652771,
				"bytes":	2199960,
				"bits_per_second":	17594683.874660797,
				"omitted":	false,
				"sender":	true
			}
		}, {
			"streams":	[{
					"socket":	7,
					"start":	5.004173,
					"end":	6.001807,
					"seconds":	0.99763399362564087,
					"bytes":	4233746,
					"bits_per_second":	33950294.613466837,
					"omitted":	false,
					"sender":	true
				}],
			"sum":	{
				"start":	5.004173,
				"end":	6.001807,
				"seconds":	0.99763399362564087,
				"bytes":	4233746,
				"bits_per_second":	33950294.613466837,
				"omitted":	false,
				"sender":	true
			}
		}, {
			"streams":	[{
					"socket":	7,
					"start":	6.001807,
					"end":	7.003975,
					"seconds":	1.00216805934906,
					"bytes":	5088322,
					"bits_per_second":	40618512.65389581,
					"omitted":	false,
					"sender":	true
				}],
			"sum":	{
				"start":	6.001807,
				"end":	7.003975,
				"seconds":	1.00216805934906,
				"bytes":	5088322,
				"bits_per_second":	40618512.65389581,
				"omitted":	false,
				"sender":	true
			}
		}, {
			"streams":	[{
					"socket":	7,
					"start":	7.003975,
					"end":	8.002713,
					"seconds":	0.99873799085617065,
					"bytes":	105259,
					"bits_per_second":	843136.04539878538,
					"omitted":	false,
					"sender":	true
				}],
			"sum":	{
				"start":	7.003975,
				"end":	8.002713,
				"seconds":	0.99873799085617065,
				"bytes":	105259,
				"bits_per_second":	843136.04539878538,
				"omitted":	false,
				"sender":	true
			}
		}, {
			"streams":	[{
					"socket":	7,
					"start":	8.002713,
					"end":	9.003611,
					"seconds":	1.000898003578186,
					"bytes":	356787,
					"bits_per_second":	2851735.1316477414,
					"omitted":	false,
					"sender":	true
				}],
			"sum":	{
				"start":	8.002713,
				"end":	9.003611,
				"seconds":	1.000898003578186,
				"bytes":	356787,
				"bits_per_second":	2851735.1316477414,
				"omitted":	false,
				"sender":	true
			}
		}, {
			"streams":	[{
					"socket":	7,
					"start":	9.003611,
					"end":	10.004595,
					"seconds":	1.0009839534759521,
					"bytes":	898119,
					"bits_per_second":	7177889.2908822363,
					"omitted":	false,
					"sender":	true
				}],
			"sum":	{
				"start":	9.003611,
				"end":	10.004595,
				"seconds":	1.0009839534759521,
				"bytes":	898119,
				"bits_per_second":	7177889.2908822363,
				"omitted":	false,
				"sender":	true
			}
		}],
	"end":	{
		"streams":	[{
				"sender":	{
					"socket":	7,
					"start":	0,
					"end":	10.004595,
					"seconds":	10.004595,
					"bytes":	14205019,
					"bits_per_second":	11358795.833314592,
					"sender":	true
				},
				"receiver":	{
					"socket":	7,
					"start":	0,
					"end":	10.004595,
					"seconds":	10.004595,
					"bytes":	12557610,
					"bits_per_second":	10041473.942723319,
					"sender":	true
				}
			}],
		"sum_sent":	{
			"start":	0,
			"end":	10.004595,
			"seconds":	10.004595,
			"bytes":	14205019,
			"bits_per_second":	11358795.833314592,
			"sender":	true
		},
		"sum_received":	{
			"start":	0,
			"end":	10.004595,
			"seconds":	10.004595,
			"bytes":	12557610,
			"bits_per_second":	10041473.942723319,
			"sender":	true
		},
		"cpu_utilization_percent":	{
			"host_total":	6.3393974761873295,
			"host_user":	1.5659520397703828,
			"host_system":	4.7733521057975539,
			"remote_total":	0.0101181,
			"remote_user":	0.00354082,
			"remote_system":	0.0136569
		}
	}
}
