{
	"start":	{
		"connected":	[{
				"socket":	7,
				"local_host":	"10.145.64.217",
				"local_port":	57852,
				"remote_host":	"117.102.109.186",
				"remote_port":	5202
			}],
		"version":	"iperf 3.7",
		"system_info":	"Darwin SAMAC135.local 18.0.0 Darwin Kernel Version 18.0.0: Wed Aug 22 20:13:40 PDT 2018; root:xnu-4903.201.2~1/RELEASE_X86_64 x86_64",
		"timestamp":	{
			"time":	"Wed, 11 Mar 2020 15:18:59 UTC",
			"timesecs":	1583939939
		},
		"connecting_to":	{
			"host":	"iperf.biznetnetworks.com",
			"port":	5202
		},
		"cookie":	"wevscth2dmd5mrd735cmqwh35e3h5mugg6cr",
		"tcp_mss_default":	1367,
		"sock_bufsize":	0,
		"sndbuf_actual":	131072,
		"rcvbuf_actual":	131072,
		"test_start":	{
			"protocol":	"TCP",
			"num_streams":	1,
			"blksize":	131072,
			"omit":	0,
			"duration":	10,
			"bytes":	0,
			"blocks":	0,
			"reverse":	0,
			"tos":	0
		}
	},
	"intervals":	[{
			"streams":	[{
					"socket":	7,
					"start":	0,
					"end":	1.004656,
					"seconds":	1.0046559572219849,
					"bytes":	133966,
					"bits_per_second":	1066761.2054612993,
					"omitted":	false,
					"sender":	true
				}],
			"sum":	{
				"start":	0,
				"end":	1.004656,
				"seconds":	1.0046559572219849,
				"bytes":	133966,
				"bits_per_second":	1066761.2054612993,
				"omitted":	false,
				"sender":	true
			}
		}, {
			"streams":	[{
					"socket":	7,
					"start":	1.004656,
					"end":	2.004052,
					"seconds":	0.999396026134491,
					"bytes":	29914,
					"bits_per_second":	239456.6255437514,
					"omitted":	false,
					"sender":	true
				}],
			"sum":	{
				"start":	1.004656,
				"end":	2.004052,
				"seconds":	0.999396026134491,
				"bytes":	29914,
				"bits_per_second":	239456.6255437514,
				"omitted":	false,
				"sender":	true
			}
		}, {
			"streams":	[{
					"socket":	7,
					"start":	2.004052,
					"end":	3.004052,
					"seconds":	1,
					"bytes":	39643,
					"bits_per_second":	317144,
					"omitted":	false,
					"sender":	true
				}],
			"sum":	{
				"start":	2.004052,
				"end":	3.004052,
				"seconds":	1,
				"bytes":	39643,
				"bits_per_second":	317144,
				"omitted":	false,
				"sender":	true
			}
		}, {
			"streams":	[{
					"socket":	7,
					"start":	3.004052,
					"end":	4.004899,
					"seconds":	1.0008469820022583,
					"bytes":	36909,
					"bits_per_second":	295022.12157275982,
					"omitted":	false,
					"sender":	true
				}],
			"sum":	{
				"start":	3.004052,
				"end":	4.004899,
				"seconds":	1.0008469820022583,
				"bytes":	36909,
				"bits_per_second":	295022.12157275982,
				"omitted":	false,
				"sender":	true
			}
		}, {
			"streams":	[{
					"socket":	7,
					"start":	4.004899,
					"end":	5.00219,
					"seconds":	0.99729102849960327,
					"bytes":	38276,
					"bits_per_second":	307039.76196465082,
					"omitted":	false,
					"sender":	true
				}],
			"sum":	{
				"start":	4.004899,
				"end":	5.00219,
				"seconds":	0.99729102849960327,
				"bytes":	38276,
				"bits_per_second":	307039.76196465082,
				"omitted":	false,
				"sender":	true
			}
		}, {
			"streams":	[{
					"socket":	7,
					"start":	5.00219,
					"end":	6.001181,
					"seconds":	0.99899101257324219,
					"bytes":	41010,
					"bits_per_second":	328411.3629360068,
					"omitted":	false,
					"sender":	true
				}],
			"sum":	{
				"start":	5.00219,
				"end":	6.001181,
				"seconds":	0.99899101257324219,
				"bytes":	41010,
				"bits_per_second":	328411.3629360068,
				"omitted":	false,
				"sender":	true
			}
		}, {
			"streams":	[{
					"socket":	7,
					"start":	6.001181,
					"end":	7.002185,
					"seconds":	1.0010039806365967,
					"bytes":	39643,
					"bits_per_second":	316825.912918258,
					"omitted":	false,
					"sender":	true
				}],
			"sum":	{
				"start":	6.001181,
				"end":	7.002185,
				"seconds":	1.0010039806365967,
				"bytes":	39643,
				"bits_per_second":	316825.912918258,
				"omitted":	false,
				"sender":	true
			}
		}, {
			"streams":	[{
					"socket":	7,
					"start":	7.002185,
					"end":	8.004675,
					"seconds":	1.0024900436401367,
					"bytes":	36909,
					"bits_per_second":	294538.58606698905,
					"omitted":	false,
					"sender":	true
				}],
			"sum":	{
				"start":	7.002185,
				"end":	8.004675,
				"seconds":	1.0024900436401367,
				"bytes":	36909,
				"bits_per_second":	294538.58606698905,
				"omitted":	false,
				"sender":	true
			}
		}, {
			"streams":	[{
					"socket":	7,
					"start":	8.004675,
					"end":	9.004835,
					"seconds":	1.0001599788665771,
					"bytes":	54680,
					"bits_per_second":	437370.03003831964,
					"omitted":	false,
					"sender":	true
				}],
			"sum":	{
				"start":	8.004675,
				"end":	9.004835,
				"seconds":	1.0001599788665771,
				"bytes":	54680,
				"bits_per_second":	437370.03003831964,
				"omitted":	false,
				"sender":	true
			}
		}, {
			"streams":	[{
					"socket":	7,
					"start":	9.004835,
					"end":	10.003678,
					"seconds":	0.99884301424026489,
					"bytes":	76552,
					"bits_per_second":	613125.37733050366,
					"omitted":	false,
					"sender":	true
				}],
			"sum":	{
				"start":	9.004835,
				"end":	10.003678,
				"seconds":	0.99884301424026489,
				"bytes":	76552,
				"bits_per_second":	613125.37733050366,
				"omitted":	false,
				"sender":	true
			}
		}],
	"end":	{
		"streams":	[{
				"sender":	{
					"socket":	7,
					"start":	0,
					"end":	10.003678,
					"seconds":	10.003678,
					"bytes":	527502,
					"bits_per_second":	421846.444877574,
					"sender":	true
				},
				"receiver":	{
					"socket":	7,
					"start":	0,
					"end":	10.003678,
					"seconds":	10.003678,
					"bytes":	433339,
					"bits_per_second":	346543.74121198221,
					"sender":	true
				}
			}],
		"sum_sent":	{
			"start":	0,
			"end":	10.003678,
			"seconds":	10.003678,
			"bytes":	527502,
			"bits_per_second":	421846.444877574,
			"sender":	true
		},
		"sum_received":	{
			"start":	0,
			"end":	10.003678,
			"seconds":	10.003678,
			"bytes":	433339,
			"bits_per_second":	346543.74121198221,
			"sender":	true
		},
		"cpu_utilization_percent":	{
			"host_total":	5.9416488967347707,
			"host_user":	1.5410908229371094,
			"host_system":	4.4003022174811095,
			"remote_total":	0.00502832,
			"remote_user":	0.00201082,
			"remote_system":	0.00502782
		}
	}
}
