{
	"start":	{
		"connected":	[{
				"socket":	7,
				"local_host":	"10.145.64.217",
				"local_port":	58000,
				"remote_host":	"117.102.109.186",
				"remote_port":	5202
			}],
		"version":	"iperf 3.7",
		"system_info":	"Darwin SAMAC135.local 18.0.0 Darwin Kernel Version 18.0.0: Wed Aug 22 20:13:40 PDT 2018; root:xnu-4903.201.2~1/RELEASE_X86_64 x86_64",
		"timestamp":	{
			"time":	"Wed, 11 Mar 2020 15:25:52 UTC",
			"timesecs":	1583940352
		},
		"connecting_to":	{
			"host":	"iperf.biznetnetworks.com",
			"port":	5202
		},
		"cookie":	"ok4nkzcv7iqz4mxjh6jbb37ajrgit6dzgqee",
		"tcp_mss_default":	1367,
		"sock_bufsize":	0,
		"sndbuf_actual":	131072,
		"rcvbuf_actual":	131072,
		"test_start":	{
			"protocol":	"TCP",
			"num_streams":	1,
			"blksize":	131072,
			"omit":	0,
			"duration":	10,
			"bytes":	0,
			"blocks":	0,
			"reverse":	0,
			"tos":	0
		}
	},
	"intervals":	[{
			"streams":	[{
					"socket":	7,
					"start":	0,
					"end":	1.001311,
					"seconds":	1.00131094455719,
					"bytes":	140801,
					"bits_per_second":	1124933.2748461387,
					"omitted":	false,
					"sender":	true
				}],
			"sum":	{
				"start":	0,
				"end":	1.001311,
				"seconds":	1.00131094455719,
				"bytes":	140801,
				"bits_per_second":	1124933.2748461387,
				"omitted":	false,
				"sender":	true
			}
		}, {
			"streams":	[{
					"socket":	7,
					"start":	1.001311,
					"end":	2.004931,
					"seconds":	1.0036200284957886,
					"bytes":	43744,
					"bits_per_second":	348689.73322952021,
					"omitted":	false,
					"sender":	true
				}],
			"sum":	{
				"start":	1.001311,
				"end":	2.004931,
				"seconds":	1.0036200284957886,
				"bytes":	43744,
				"bits_per_second":	348689.73322952021,
				"omitted":	false,
				"sender":	true
			}
		}, {
			"streams":	[{
					"socket":	7,
					"start":	2.004931,
					"end":	3.001664,
					"seconds":	0.99673300981521606,
					"bytes":	289704,
					"bits_per_second":	2325228.4986825758,
					"omitted":	false,
					"sender":	true
				}],
			"sum":	{
				"start":	2.004931,
				"end":	3.001664,
				"seconds":	0.99673300981521606,
				"bytes":	289704,
				"bits_per_second":	2325228.4986825758,
				"omitted":	false,
				"sender":	true
			}
		}, {
			"streams":	[{
					"socket":	7,
					"start":	3.001664,
					"end":	4.000425,
					"seconds":	0.998760998249054,
					"bytes":	1298180,
					"bits_per_second":	10398323.541074295,
					"omitted":	false,
					"sender":	true
				}],
			"sum":	{
				"start":	3.001664,
				"end":	4.000425,
				"seconds":	0.998760998249054,
				"bytes":	1298180,
				"bits_per_second":	10398323.541074295,
				"omitted":	false,
				"sender":	true
			}
		}, {
			"streams":	[{
					"socket":	7,
					"start":	4.000425,
					"end":	5.000044,
					"seconds":	0.9996190071105957,
					"bytes":	2094691,
					"bits_per_second":	16763914.932387818,
					"omitted":	false,
					"sender":	true
				}],
			"sum":	{
				"start":	4.000425,
				"end":	5.000044,
				"seconds":	0.9996190071105957,
				"bytes":	2094691,
				"bits_per_second":	16763914.932387818,
				"omitted":	false,
				"sender":	true
			}
		}, {
			"streams":	[{
					"socket":	7,
					"start":	5.000044,
					"end":	6.000024,
					"seconds":	0.99997997283935547,
					"bytes":	3654288,
					"bits_per_second":	29234889.491828278,
					"omitted":	false,
					"sender":	true
				}],
			"sum":	{
				"start":	5.000044,
				"end":	6.000024,
				"seconds":	0.99997997283935547,
				"bytes":	3654288,
				"bits_per_second":	29234889.491828278,
				"omitted":	false,
				"sender":	true
			}
		}, {
			"streams":	[{
					"socket":	7,
					"start":	6.000024,
					"end":	7.004402,
					"seconds":	1.0043779611587524,
					"bytes":	2063996,
					"bits_per_second":	16439994.343314858,
					"omitted":	false,
					"sender":	true
				}],
			"sum":	{
				"start":	6.000024,
				"end":	7.004402,
				"seconds":	1.0043779611587524,
				"bytes":	2063996,
				"bits_per_second":	16439994.343314858,
				"omitted":	false,
				"sender":	true
			}
		}, {
			"streams":	[{
					"socket":	7,
					"start":	7.004402,
					"end":	8.003815,
					"seconds":	0.999413013458252,
					"bytes":	1410274,
					"bits_per_second":	11288818.384463917,
					"omitted":	false,
					"sender":	true
				}],
			"sum":	{
				"start":	7.004402,
				"end":	8.003815,
				"seconds":	0.999413013458252,
				"bytes":	1410274,
				"bits_per_second":	11288818.384463917,
				"omitted":	false,
				"sender":	true
			}
		}, {
			"streams":	[{
					"socket":	7,
					"start":	8.003815,
					"end":	9.000436,
					"seconds":	0.99662101268768311,
					"bytes":	4771474,
					"bits_per_second":	38301211.3070529,
					"omitted":	false,
					"sender":	true
				}],
			"sum":	{
				"start":	8.003815,
				"end":	9.000436,
				"seconds":	0.99662101268768311,
				"bytes":	4771474,
				"bits_per_second":	38301211.3070529,
				"omitted":	false,
				"sender":	true
			}
		}, {
			"streams":	[{
					"socket":	7,
					"start":	9.000436,
					"end":	10.000038,
					"seconds":	0.99960201978683472,
					"bytes":	1421506,
					"bits_per_second":	11376575.652003076,
					"omitted":	false,
					"sender":	true
				}],
			"sum":	{
				"start":	9.000436,
				"end":	10.000038,
				"seconds":	0.99960201978683472,
				"bytes":	1421506,
				"bits_per_second":	11376575.652003076,
				"omitted":	false,
				"sender":	true
			}
		}],
	"end":	{
		"streams":	[{
				"sender":	{
					"socket":	7,
					"start":	0,
					"end":	10.000038,
					"seconds":	10.000038,
					"bytes":	17188658,
					"bits_per_second":	13750874.146678243,
					"sender":	true
				},
				"receiver":	{
					"socket":	7,
					"start":	0,
					"end":	10.000038,
					"seconds":	10.000038,
					"bytes":	16507892,
					"bits_per_second":	13206263.416199019,
					"sender":	true
				}
			}],
		"sum_sent":	{
			"start":	0,
			"end":	10.000038,
			"seconds":	10.000038,
			"bytes":	17188658,
			"bits_per_second":	13750874.146678243,
			"sender":	true
		},
		"sum_received":	{
			"start":	0,
			"end":	10.000038,
			"seconds":	10.000038,
			"bytes":	16507892,
			"bits_per_second":	13206263.416199019,
			"sender":	true
		},
		"cpu_utilization_percent":	{
			"host_total":	6.2100066026271072,
			"host_user":	1.5614597957423308,
			"host_system":	4.6484528253912707,
			"remote_total":	0.018966,
			"remote_user":	0.00379272,
			"remote_system":	0.0189631
		}
	}
}
