{
	"start":	{
		"connected":	[{
				"socket":	7,
				"local_host":	"10.145.64.217",
				"local_port":	57630,
				"remote_host":	"117.102.109.186",
				"remote_port":	5202
			}],
		"version":	"iperf 3.7",
		"system_info":	"Darwin SAMAC135.local 18.0.0 Darwin Kernel Version 18.0.0: Wed Aug 22 20:13:40 PDT 2018; root:xnu-4903.201.2~1/RELEASE_X86_64 x86_64",
		"timestamp":	{
			"time":	"Wed, 11 Mar 2020 15:08:59 UTC",
			"timesecs":	1583939339
		},
		"connecting_to":	{
			"host":	"iperf.biznetnetworks.com",
			"port":	5202
		},
		"cookie":	"ok6e5nz3cugpwhccob4az6rperflem452wbj",
		"tcp_mss_default":	1367,
		"sock_bufsize":	0,
		"sndbuf_actual":	131072,
		"rcvbuf_actual":	131072,
		"test_start":	{
			"protocol":	"TCP",
			"num_streams":	1,
			"blksize":	131072,
			"omit":	0,
			"duration":	10,
			"bytes":	0,
			"blocks":	0,
			"reverse":	0,
			"tos":	0
		}
	},
	"intervals":	[{
			"streams":	[{
					"socket":	7,
					"start":	0,
					"end":	1.004557,
					"seconds":	1.0045570135116577,
					"bytes":	135333,
					"bits_per_second":	1077752.6665363687,
					"omitted":	false,
					"sender":	true
				}],
			"sum":	{
				"start":	0,
				"end":	1.004557,
				"seconds":	1.0045570135116577,
				"bytes":	135333,
				"bits_per_second":	1077752.6665363687,
				"omitted":	false,
				"sender":	true
			}
		}, {
			"streams":	[{
					"socket":	7,
					"start":	1.004557,
					"end":	2.003584,
					"seconds":	0.99902701377868652,
					"bytes":	53313,
					"bits_per_second":	426919.3866808521,
					"omitted":	false,
					"sender":	true
				}],
			"sum":	{
				"start":	1.004557,
				"end":	2.003584,
				"seconds":	0.99902701377868652,
				"bytes":	53313,
				"bits_per_second":	426919.3866808521,
				"omitted":	false,
				"sender":	true
			}
		}, {
			"streams":	[{
					"socket":	7,
					"start":	2.003584,
					"end":	3.003044,
					"seconds":	0.999459981918335,
					"bytes":	218690,
					"bits_per_second":	1750465.282904095,
					"omitted":	false,
					"sender":	true
				}],
			"sum":	{
				"start":	2.003584,
				"end":	3.003044,
				"seconds":	0.999459981918335,
				"bytes":	218690,
				"bits_per_second":	1750465.282904095,
				"omitted":	false,
				"sender":	true
			}
		}, {
			"streams":	[{
					"socket":	7,
					"start":	3.003044,
					"end":	4.002272,
					"seconds":	0.99922800064086914,
					"bytes":	780227,
					"bits_per_second":	6246638.4008421721,
					"omitted":	false,
					"sender":	true
				}],
			"sum":	{
				"start":	3.003044,
				"end":	4.002272,
				"seconds":	0.99922800064086914,
				"bytes":	780227,
				"bits_per_second":	6246638.4008421721,
				"omitted":	false,
				"sender":	true
			}
		}, {
			"streams":	[{
					"socket":	7,
					"start":	4.002272,
					"end":	5.000178,
					"seconds":	0.99790602922439575,
					"bytes":	2035940,
					"bits_per_second":	16321697.156854717,
					"omitted":	false,
					"sender":	true
				}],
			"sum":	{
				"start":	4.002272,
				"end":	5.000178,
				"seconds":	0.99790602922439575,
				"bytes":	2035940,
				"bits_per_second":	16321697.156854717,
				"omitted":	false,
				"sender":	true
			}
		}, {
			"streams":	[{
					"socket":	7,
					"start":	5.000178,
					"end":	6.003293,
					"seconds":	1.0031150579452515,
					"bytes":	3611671,
					"bits_per_second":	28803642.983073391,
					"omitted":	false,
					"sender":	true
				}],
			"sum":	{
				"start":	5.000178,
				"end":	6.003293,
				"seconds":	1.0031150579452515,
				"bytes":	3611671,
				"bits_per_second":	28803642.983073391,
				"omitted":	false,
				"sender":	true
			}
		}, {
			"streams":	[{
					"socket":	7,
					"start":	6.003293,
					"end":	7.004063,
					"seconds":	1.0007699728012085,
					"bytes":	1217783,
					"bits_per_second":	9734768.4930343013,
					"omitted":	false,
					"sender":	true
				}],
			"sum":	{
				"start":	6.003293,
				"end":	7.004063,
				"seconds":	1.0007699728012085,
				"bytes":	1217783,
				"bits_per_second":	9734768.4930343013,
				"omitted":	false,
				"sender":	true
			}
		}, {
			"streams":	[{
					"socket":	7,
					"start":	7.004063,
					"end":	8.001059,
					"seconds":	0.99699598550796509,
					"bytes":	1389329,
					"bits_per_second":	11148121.117395617,
					"omitted":	false,
					"sender":	true
				}],
			"sum":	{
				"start":	7.004063,
				"end":	8.001059,
				"seconds":	0.99699598550796509,
				"bytes":	1389329,
				"bits_per_second":	11148121.117395617,
				"omitted":	false,
				"sender":	true
			}
		}, {
			"streams":	[{
					"socket":	7,
					"start":	8.001059,
					"end":	9.000893,
					"seconds":	0.99983400106430054,
					"bytes":	415041,
					"bits_per_second":	3320879.2624231488,
					"omitted":	false,
					"sender":	true
				}],
			"sum":	{
				"start":	8.001059,
				"end":	9.000893,
				"seconds":	0.99983400106430054,
				"bytes":	415041,
				"bits_per_second":	3320879.2624231488,
				"omitted":	false,
				"sender":	true
			}
		}, {
			"streams":	[{
					"socket":	7,
					"start":	9.000893,
					"end":	10.000326,
					"seconds":	0.99943298101425171,
					"bytes":	2495112,
					"bits_per_second":	19972220.628283791,
					"omitted":	false,
					"sender":	true
				}],
			"sum":	{
				"start":	9.000893,
				"end":	10.000326,
				"seconds":	0.99943298101425171,
				"bytes":	2495112,
				"bits_per_second":	19972220.628283791,
				"omitted":	false,
				"sender":	true
			}
		}],
	"end":	{
		"streams":	[{
				"sender":	{
					"socket":	7,
					"start":	0,
					"end":	10.000326,
					"seconds":	10.000326,
					"bytes":	12352439,
					"bits_per_second":	9881629.05889268,
					"sender":	true
				},
				"receiver":	{
					"socket":	7,
					"start":	0,
					"end":	10.000326,
					"seconds":	10.000326,
					"bytes":	11343366,
					"bits_per_second":	9074396.9746586271,
					"sender":	true
				}
			}],
		"sum_sent":	{
			"start":	0,
			"end":	10.000326,
			"seconds":	10.000326,
			"bytes":	12352439,
			"bits_per_second":	9881629.05889268,
			"sender":	true
		},
		"sum_received":	{
			"start":	0,
			"end":	10.000326,
			"seconds":	10.000326,
			"bytes":	11343366,
			"bits_per_second":	9074396.9746586271,
			"sender":	true
		},
		"cpu_utilization_percent":	{
			"host_total":	6.2323723525176584,
			"host_user":	1.5718878970701387,
			"host_system":	4.6603310140380136,
			"remote_total":	0.0268882,
			"remote_user":	0.00322605,
			"remote_system":	0.0231201
		}
	}
}
