{
	"start":	{
		"connected":	[{
				"socket":	7,
				"local_host":	"10.145.64.217",
				"local_port":	58626,
				"remote_host":	"117.102.109.186",
				"remote_port":	5202
			}],
		"version":	"iperf 3.7",
		"system_info":	"Darwin SAMAC135.local 18.0.0 Darwin Kernel Version 18.0.0: Wed Aug 22 20:13:40 PDT 2018; root:xnu-4903.201.2~1/RELEASE_X86_64 x86_64",
		"timestamp":	{
			"time":	"Wed, 11 Mar 2020 15:53:08 UTC",
			"timesecs":	1583941988
		},
		"connecting_to":	{
			"host":	"iperf.biznetnetworks.com",
			"port":	5202
		},
		"cookie":	"uyjgiqihqphpbntf7ikp5dhpn4ixqeur5z5b",
		"tcp_mss_default":	1367,
		"sock_bufsize":	0,
		"sndbuf_actual":	131072,
		"rcvbuf_actual":	131072,
		"test_start":	{
			"protocol":	"TCP",
			"num_streams":	1,
			"blksize":	131072,
			"omit":	0,
			"duration":	10,
			"bytes":	0,
			"blocks":	0,
			"reverse":	0,
			"tos":	0
		}
	},
	"intervals":	[{
			"streams":	[{
					"socket":	7,
					"start":	0,
					"end":	1.003367,
					"seconds":	1.0033669471740723,
					"bytes":	133966,
					"bits_per_second":	1068131.6571354705,
					"omitted":	false,
					"sender":	true
				}],
			"sum":	{
				"start":	0,
				"end":	1.003367,
				"seconds":	1.0033669471740723,
				"bytes":	133966,
				"bits_per_second":	1068131.6571354705,
				"omitted":	false,
				"sender":	true
			}
		}, {
			"streams":	[{
					"socket":	7,
					"start":	1.003367,
					"end":	2.002555,
					"seconds":	0.99918800592422485,
					"bytes":	54680,
					"bits_per_second":	437795.48734212288,
					"omitted":	false,
					"sender":	true
				}],
			"sum":	{
				"start":	1.003367,
				"end":	2.002555,
				"seconds":	0.99918800592422485,
				"bytes":	54680,
				"bits_per_second":	437795.48734212288,
				"omitted":	false,
				"sender":	true
			}
		}, {
			"streams":	[{
					"socket":	7,
					"start":	2.002555,
					"end":	3.001532,
					"seconds":	0.99897700548172,
					"bytes":	87328,
					"bits_per_second":	699339.42039347964,
					"omitted":	false,
					"sender":	true
				}],
			"sum":	{
				"start":	2.002555,
				"end":	3.001532,
				"seconds":	0.99897700548172,
				"bytes":	87328,
				"bits_per_second":	699339.42039347964,
				"omitted":	false,
				"sender":	true
			}
		}, {
			"streams":	[{
					"socket":	7,
					"start":	3.001532,
					"end":	4.003015,
					"seconds":	1.0014829635620117,
					"bytes":	60148,
					"bits_per_second":	480471.47830508766,
					"omitted":	false,
					"sender":	true
				}],
			"sum":	{
				"start":	3.001532,
				"end":	4.003015,
				"seconds":	1.0014829635620117,
				"bytes":	60148,
				"bits_per_second":	480471.47830508766,
				"omitted":	false,
				"sender":	true
			}
		}, {
			"streams":	[{
					"socket":	7,
					"start":	4.003015,
					"end":	5.002844,
					"seconds":	0.9998289942741394,
					"bytes":	79286,
					"bits_per_second":	634396.48543147463,
					"omitted":	false,
					"sender":	true
				}],
			"sum":	{
				"start":	4.003015,
				"end":	5.002844,
				"seconds":	0.9998289942741394,
				"bytes":	79286,
				"bits_per_second":	634396.48543147463,
				"omitted":	false,
				"sender":	true
			}
		}, {
			"streams":	[{
					"socket":	7,
					"start":	5.002844,
					"end":	6.004709,
					"seconds":	1.001865029335022,
					"bytes":	86121,
					"bits_per_second":	687685.44646906748,
					"omitted":	false,
					"sender":	true
				}],
			"sum":	{
				"start":	5.002844,
				"end":	6.004709,
				"seconds":	1.001865029335022,
				"bytes":	86121,
				"bits_per_second":	687685.44646906748,
				"omitted":	false,
				"sender":	true
			}
		}, {
			"streams":	[{
					"socket":	7,
					"start":	6.004709,
					"end":	7.003864,
					"seconds":	0.99915498495101929,
					"bytes":	98424,
					"bits_per_second":	788057.92080254655,
					"omitted":	false,
					"sender":	true
				}],
			"sum":	{
				"start":	6.004709,
				"end":	7.003864,
				"seconds":	0.99915498495101929,
				"bytes":	98424,
				"bits_per_second":	788057.92080254655,
				"omitted":	false,
				"sender":	true
			}
		}, {
			"streams":	[{
					"socket":	7,
					"start":	7.003864,
					"end":	8.000357,
					"seconds":	0.99649298191070557,
					"bytes":	88855,
					"bits_per_second":	713341.70225365169,
					"omitted":	false,
					"sender":	true
				}],
			"sum":	{
				"start":	7.003864,
				"end":	8.000357,
				"seconds":	0.99649298191070557,
				"bytes":	88855,
				"bits_per_second":	713341.70225365169,
				"omitted":	false,
				"sender":	true
			}
		}, {
			"streams":	[{
					"socket":	7,
					"start":	8.000357,
					"end":	9.002789,
					"seconds":	1.0024319887161255,
					"bytes":	42377,
					"bits_per_second":	338193.51718234573,
					"omitted":	false,
					"sender":	true
				}],
			"sum":	{
				"start":	8.000357,
				"end":	9.002789,
				"seconds":	1.0024319887161255,
				"bytes":	42377,
				"bits_per_second":	338193.51718234573,
				"omitted":	false,
				"sender":	true
			}
		}, {
			"streams":	[{
					"socket":	7,
					"start":	9.002789,
					"end":	10.000341,
					"seconds":	0.99755197763442993,
					"bytes":	94323,
					"bits_per_second":	756435.77168720751,
					"omitted":	false,
					"sender":	true
				}],
			"sum":	{
				"start":	9.002789,
				"end":	10.000341,
				"seconds":	0.99755197763442993,
				"bytes":	94323,
				"bits_per_second":	756435.77168720751,
				"omitted":	false,
				"sender":	true
			}
		}],
	"end":	{
		"streams":	[{
				"sender":	{
					"socket":	7,
					"start":	0,
					"end":	10.000341,
					"seconds":	10.000341,
					"bytes":	825508,
					"bits_per_second":	660383.880909661,
					"sender":	true
				},
				"receiver":	{
					"socket":	7,
					"start":	0,
					"end":	10.000341,
					"seconds":	10.000341,
					"bytes":	717675,
					"bits_per_second":	574120.422493593,
					"sender":	true
				}
			}],
		"sum_sent":	{
			"start":	0,
			"end":	10.000341,
			"seconds":	10.000341,
			"bytes":	825508,
			"bits_per_second":	660383.880909661,
			"sender":	true
		},
		"sum_received":	{
			"start":	0,
			"end":	10.000341,
			"seconds":	10.000341,
			"bytes":	717675,
			"bits_per_second":	574120.422493593,
			"sender":	true
		},
		"cpu_utilization_percent":	{
			"host_total":	6.0157529441938875,
			"host_user":	1.54460852074004,
			"host_system":	4.47105097248897,
			"remote_total":	0.00948117,
			"remote_user":	0.00189576,
			"remote_system":	0.00473964
		}
	}
}
