{
	"start":	{
		"connected":	[{
				"socket":	7,
				"local_host":	"10.145.64.217",
				"local_port":	58561,
				"remote_host":	"117.102.109.186",
				"remote_port":	5202
			}],
		"version":	"iperf 3.7",
		"system_info":	"Darwin SAMAC135.local 18.0.0 Darwin Kernel Version 18.0.0: Wed Aug 22 20:13:40 PDT 2018; root:xnu-4903.201.2~1/RELEASE_X86_64 x86_64",
		"timestamp":	{
			"time":	"Wed, 11 Mar 2020 15:49:36 UTC",
			"timesecs":	1583941776
		},
		"connecting_to":	{
			"host":	"iperf.biznetnetworks.com",
			"port":	5202
		},
		"cookie":	"zsfyczaqz2nep2uilte7imksrcpjw52qeley",
		"tcp_mss_default":	1367,
		"sock_bufsize":	0,
		"sndbuf_actual":	131072,
		"rcvbuf_actual":	131072,
		"test_start":	{
			"protocol":	"TCP",
			"num_streams":	1,
			"blksize":	131072,
			"omit":	0,
			"duration":	10,
			"bytes":	0,
			"blocks":	0,
			"reverse":	0,
			"tos":	0
		}
	},
	"intervals":	[{
			"streams":	[{
					"socket":	7,
					"start":	0,
					"end":	1.005019,
					"seconds":	1.005018949508667,
					"bytes":	135333,
					"bits_per_second":	1077257.30000344,
					"omitted":	false,
					"sender":	true
				}],
			"sum":	{
				"start":	0,
				"end":	1.005019,
				"seconds":	1.005018949508667,
				"bytes":	135333,
				"bits_per_second":	1077257.30000344,
				"omitted":	false,
				"sender":	true
			}
		}, {
			"streams":	[{
					"socket":	7,
					"start":	1.005019,
					"end":	2.004611,
					"seconds":	0.99959200620651245,
					"bytes":	56047,
					"bits_per_second":	448559.009291804,
					"omitted":	false,
					"sender":	true
				}],
			"sum":	{
				"start":	1.005019,
				"end":	2.004611,
				"seconds":	0.99959200620651245,
				"bytes":	56047,
				"bits_per_second":	448559.009291804,
				"omitted":	false,
				"sender":	true
			}
		}, {
			"streams":	[{
					"socket":	7,
					"start":	2.004611,
					"end":	3.004925,
					"seconds":	1.0003139972686768,
					"bytes":	287000,
					"bits_per_second":	2295279.2885725377,
					"omitted":	false,
					"sender":	true
				}],
			"sum":	{
				"start":	2.004611,
				"end":	3.004925,
				"seconds":	1.0003139972686768,
				"bytes":	287000,
				"bits_per_second":	2295279.2885725377,
				"omitted":	false,
				"sender":	true
			}
		}, {
			"streams":	[{
					"socket":	7,
					"start":	3.004925,
					"end":	4.000063,
					"seconds":	0.99513798952102661,
					"bytes":	580655,
					"bits_per_second":	4667935.55156689,
					"omitted":	false,
					"sender":	true
				}],
			"sum":	{
				"start":	3.004925,
				"end":	4.000063,
				"seconds":	0.99513798952102661,
				"bytes":	580655,
				"bits_per_second":	4667935.55156689,
				"omitted":	false,
				"sender":	true
			}
		}, {
			"streams":	[{
					"socket":	7,
					"start":	4.000063,
					"end":	5.003736,
					"seconds":	1.0036729574203491,
					"bytes":	38666,
					"bits_per_second":	308196.00918115611,
					"omitted":	false,
					"sender":	true
				}],
			"sum":	{
				"start":	4.000063,
				"end":	5.003736,
				"seconds":	1.0036729574203491,
				"bytes":	38666,
				"bits_per_second":	308196.00918115611,
				"omitted":	false,
				"sender":	true
			}
		}, {
			"streams":	[{
					"socket":	7,
					"start":	5.003736,
					"end":	6.003628,
					"seconds":	0.999891996383667,
					"bytes":	255539,
					"bits_per_second":	2044532.8169379409,
					"omitted":	false,
					"sender":	true
				}],
			"sum":	{
				"start":	5.003736,
				"end":	6.003628,
				"seconds":	0.999891996383667,
				"bytes":	255539,
				"bits_per_second":	2044532.8169379409,
				"omitted":	false,
				"sender":	true
			}
		}, {
			"streams":	[{
					"socket":	7,
					"start":	6.003628,
					"end":	7.003902,
					"seconds":	1.0002739429473877,
					"bytes":	686014,
					"bits_per_second":	5486608.9821642619,
					"omitted":	false,
					"sender":	true
				}],
			"sum":	{
				"start":	6.003628,
				"end":	7.003902,
				"seconds":	1.0002739429473877,
				"bytes":	686014,
				"bits_per_second":	5486608.9821642619,
				"omitted":	false,
				"sender":	true
			}
		}, {
			"streams":	[{
					"socket":	7,
					"start":	7.003902,
					"end":	8.004563,
					"seconds":	1.0006610155105591,
					"bytes":	456548,
					"bits_per_second":	3649971.3123494415,
					"omitted":	false,
					"sender":	true
				}],
			"sum":	{
				"start":	7.003902,
				"end":	8.004563,
				"seconds":	1.0006610155105591,
				"bytes":	456548,
				"bits_per_second":	3649971.3123494415,
				"omitted":	false,
				"sender":	true
			}
		}, {
			"streams":	[{
					"socket":	7,
					"start":	8.004563,
					"end":	9.004147,
					"seconds":	0.99958401918411255,
					"bytes":	458035,
					"bits_per_second":	3665804.9045150643,
					"omitted":	false,
					"sender":	true
				}],
			"sum":	{
				"start":	8.004563,
				"end":	9.004147,
				"seconds":	0.99958401918411255,
				"bytes":	458035,
				"bits_per_second":	3665804.9045150643,
				"omitted":	false,
				"sender":	true
			}
		}, {
			"streams":	[{
					"socket":	7,
					"start":	9.004147,
					"end":	10.002385,
					"seconds":	0.99823802709579468,
					"bytes":	653356,
					"bits_per_second":	5236073.8201956032,
					"omitted":	false,
					"sender":	true
				}],
			"sum":	{
				"start":	9.004147,
				"end":	10.002385,
				"seconds":	0.99823802709579468,
				"bytes":	653356,
				"bits_per_second":	5236073.8201956032,
				"omitted":	false,
				"sender":	true
			}
		}],
	"end":	{
		"streams":	[{
				"sender":	{
					"socket":	7,
					"start":	0,
					"end":	10.002385,
					"seconds":	10.002385,
					"bytes":	3607193,
					"bits_per_second":	2885066.3116846629,
					"sender":	true
				},
				"receiver":	{
					"socket":	7,
					"start":	0,
					"end":	10.002385,
					"seconds":	10.002385,
					"bytes":	3373756,
					"bits_per_second":	2698361.2408440588,
					"sender":	true
				}
			}],
		"sum_sent":	{
			"start":	0,
			"end":	10.002385,
			"seconds":	10.002385,
			"bytes":	3607193,
			"bits_per_second":	2885066.3116846629,
			"sender":	true
		},
		"sum_received":	{
			"start":	0,
			"end":	10.002385,
			"seconds":	10.002385,
			"bytes":	3373756,
			"bits_per_second":	2698361.2408440588,
			"sender":	true
		},
		"cpu_utilization_percent":	{
			"host_total":	6.0044661241010653,
			"host_user":	1.5260688087052106,
			"host_system":	4.4781933284540791,
			"remote_total":	0.00952691,
			"remote_user":	0.00142904,
			"remote_system":	0.00762057
		}
	}
}
