{
	"start":	{
		"connected":	[{
				"socket":	7,
				"local_host":	"10.145.64.217",
				"local_port":	58335,
				"remote_host":	"117.102.109.186",
				"remote_port":	5202
			}],
		"version":	"iperf 3.7",
		"system_info":	"Darwin SAMAC135.local 18.0.0 Darwin Kernel Version 18.0.0: Wed Aug 22 20:13:40 PDT 2018; root:xnu-4903.201.2~1/RELEASE_X86_64 x86_64",
		"timestamp":	{
			"time":	"Wed, 11 Mar 2020 15:39:25 UTC",
			"timesecs":	1583941165
		},
		"connecting_to":	{
			"host":	"iperf.biznetnetworks.com",
			"port":	5202
		},
		"cookie":	"2m4oexvbtqe32ye627ocisnbw3o6pvkadjao",
		"tcp_mss_default":	1367,
		"sock_bufsize":	0,
		"sndbuf_actual":	131072,
		"rcvbuf_actual":	131072,
		"test_start":	{
			"protocol":	"TCP",
			"num_streams":	1,
			"blksize":	131072,
			"omit":	0,
			"duration":	10,
			"bytes":	0,
			"blocks":	0,
			"reverse":	0,
			"tos":	0
		}
	},
	"intervals":	[{
			"streams":	[{
					"socket":	7,
					"start":	0,
					"end":	1.000234,
					"seconds":	1.0002340078353882,
					"bytes":	135333,
					"bits_per_second":	1082410.7074133572,
					"omitted":	false,
					"sender":	true
				}],
			"sum":	{
				"start":	0,
				"end":	1.000234,
				"seconds":	1.0002340078353882,
				"bytes":	135333,
				"bits_per_second":	1082410.7074133572,
				"omitted":	false,
				"sender":	true
			}
		}, {
			"streams":	[{
					"socket":	7,
					"start":	1.000234,
					"end":	2.004302,
					"seconds":	1.0040680170059204,
					"bytes":	45111,
					"bits_per_second":	359425.84953173751,
					"omitted":	false,
					"sender":	true
				}],
			"sum":	{
				"start":	1.000234,
				"end":	2.004302,
				"seconds":	1.0040680170059204,
				"bytes":	45111,
				"bits_per_second":	359425.84953173751,
				"omitted":	false,
				"sender":	true
			}
		}, {
			"streams":	[{
					"socket":	7,
					"start":	2.004302,
					"end":	3.000524,
					"seconds":	0.99622201919555664,
					"bytes":	209101,
					"bits_per_second":	1679151.8032805403,
					"omitted":	false,
					"sender":	true
				}],
			"sum":	{
				"start":	2.004302,
				"end":	3.000524,
				"seconds":	0.99622201919555664,
				"bytes":	209101,
				"bits_per_second":	1679151.8032805403,
				"omitted":	false,
				"sender":	true
			}
		}, {
			"streams":	[{
					"socket":	7,
					"start":	3.000524,
					"end":	4.004546,
					"seconds":	1.0040220022201538,
					"bytes":	650432,
					"bits_per_second":	5182611.5249404944,
					"omitted":	false,
					"sender":	true
				}],
			"sum":	{
				"start":	3.000524,
				"end":	4.004546,
				"seconds":	1.0040220022201538,
				"bytes":	650432,
				"bits_per_second":	5182611.5249404944,
				"omitted":	false,
				"sender":	true
			}
		}, {
			"streams":	[{
					"socket":	7,
					"start":	4.004546,
					"end":	5.004527,
					"seconds":	0.99998098611831665,
					"bytes":	1321479,
					"bits_per_second":	10572033.015384907,
					"omitted":	false,
					"sender":	true
				}],
			"sum":	{
				"start":	4.004546,
				"end":	5.004527,
				"seconds":	0.99998098611831665,
				"bytes":	1321479,
				"bits_per_second":	10572033.015384907,
				"omitted":	false,
				"sender":	true
			}
		}, {
			"streams":	[{
					"socket":	7,
					"start":	5.004527,
					"end":	6.002801,
					"seconds":	0.998274028301239,
					"bytes":	2778071,
					"bits_per_second":	22262993.296359222,
					"omitted":	false,
					"sender":	true
				}],
			"sum":	{
				"start":	5.004527,
				"end":	6.002801,
				"seconds":	0.998274028301239,
				"bytes":	2778071,
				"bits_per_second":	22262993.296359222,
				"omitted":	false,
				"sender":	true
			}
		}, {
			"streams":	[{
					"socket":	7,
					"start":	6.002801,
					"end":	7.001042,
					"seconds":	0.99824100732803345,
					"bytes":	0,
					"bits_per_second":	0,
					"omitted":	false,
					"sender":	true
				}],
			"sum":	{
				"start":	6.002801,
				"end":	7.001042,
				"seconds":	0.99824100732803345,
				"bytes":	0,
				"bits_per_second":	0,
				"omitted":	false,
				"sender":	true
			}
		}, {
			"streams":	[{
					"socket":	7,
					"start":	7.001042,
					"end":	8.004228,
					"seconds":	1.0031859874725342,
					"bytes":	0,
					"bits_per_second":	0,
					"omitted":	false,
					"sender":	true
				}],
			"sum":	{
				"start":	7.001042,
				"end":	8.004228,
				"seconds":	1.0031859874725342,
				"bytes":	0,
				"bits_per_second":	0,
				"omitted":	false,
				"sender":	true
			}
		}, {
			"streams":	[{
					"socket":	7,
					"start":	8.004228,
					"end":	9.004317,
					"seconds":	1.0000890493392944,
					"bytes":	0,
					"bits_per_second":	0,
					"omitted":	false,
					"sender":	true
				}],
			"sum":	{
				"start":	8.004228,
				"end":	9.004317,
				"seconds":	1.0000890493392944,
				"bytes":	0,
				"bits_per_second":	0,
				"omitted":	false,
				"sender":	true
			}
		}, {
			"streams":	[{
					"socket":	7,
					"start":	9.004317,
					"end":	10.003349,
					"seconds":	0.99903202056884766,
					"bytes":	0,
					"bits_per_second":	0,
					"omitted":	false,
					"sender":	true
				}],
			"sum":	{
				"start":	9.004317,
				"end":	10.003349,
				"seconds":	0.99903202056884766,
				"bytes":	0,
				"bits_per_second":	0,
				"omitted":	false,
				"sender":	true
			}
		}],
	"end":	{
		"streams":	[{
				"sender":	{
					"socket":	7,
					"start":	0,
					"end":	10.003349,
					"seconds":	10.003349,
					"bytes":	5139527,
					"bits_per_second":	4110245.0789230685,
					"sender":	true
				},
				"receiver":	{
					"socket":	7,
					"start":	0,
					"end":	10.003349,
					"seconds":	10.003349,
					"bytes":	4713416,
					"bits_per_second":	3769470.4043615791,
					"sender":	true
				}
			}],
		"sum_sent":	{
			"start":	0,
			"end":	10.003349,
			"seconds":	10.003349,
			"bytes":	5139527,
			"bits_per_second":	4110245.0789230685,
			"sender":	true
		},
		"sum_received":	{
			"start":	0,
			"end":	10.003349,
			"seconds":	10.003349,
			"bytes":	4713416,
			"bits_per_second":	3769470.4043615791,
			"sender":	true
		},
		"cpu_utilization_percent":	{
			"host_total":	5.817734001071579,
			"host_user":	1.4659838492133823,
			"host_system":	4.3516563332586768,
			"remote_total":	0.00948512,
			"remote_user":	0.00142229,
			"remote_system":	0.00426736
		}
	}
}
