{
	"start":	{
		"connected":	[{
				"socket":	7,
				"local_host":	"10.145.64.217",
				"local_port":	57489,
				"remote_host":	"117.102.109.186",
				"remote_port":	5202
			}],
		"version":	"iperf 3.7",
		"system_info":	"Darwin SAMAC135.local 18.0.0 Darwin Kernel Version 18.0.0: Wed Aug 22 20:13:40 PDT 2018; root:xnu-4903.201.2~1/RELEASE_X86_64 x86_64",
		"timestamp":	{
			"time":	"Wed, 11 Mar 2020 15:02:31 UTC",
			"timesecs":	1583938951
		},
		"connecting_to":	{
			"host":	"iperf.biznetnetworks.com",
			"port":	5202
		},
		"cookie":	"2dz7ihrbaczapdyzxu5tofzshjwlarppetwp",
		"tcp_mss_default":	1367,
		"sock_bufsize":	0,
		"sndbuf_actual":	131072,
		"rcvbuf_actual":	131072,
		"test_start":	{
			"protocol":	"TCP",
			"num_streams":	1,
			"blksize":	131072,
			"omit":	0,
			"duration":	10,
			"bytes":	0,
			"blocks":	0,
			"reverse":	0,
			"tos":	0
		}
	},
	"intervals":	[{
			"streams":	[{
					"socket":	7,
					"start":	0,
					"end":	1.000555,
					"seconds":	1.0005550384521484,
					"bytes":	142168,
					"bits_per_second":	1136713.0805312451,
					"omitted":	false,
					"sender":	true
				}],
			"sum":	{
				"start":	0,
				"end":	1.000555,
				"seconds":	1.0005550384521484,
				"bytes":	142168,
				"bits_per_second":	1136713.0805312451,
				"omitted":	false,
				"sender":	true
			}
		}, {
			"streams":	[{
					"socket":	7,
					"start":	1.000555,
					"end":	2.004642,
					"seconds":	1.004086971282959,
					"bytes":	77919,
					"bits_per_second":	620814.74795307836,
					"omitted":	false,
					"sender":	true
				}],
			"sum":	{
				"start":	1.000555,
				"end":	2.004642,
				"seconds":	1.004086971282959,
				"bytes":	77919,
				"bits_per_second":	620814.74795307836,
				"omitted":	false,
				"sender":	true
			}
		}, {
			"streams":	[{
					"socket":	7,
					"start":	2.004642,
					"end":	3.004011,
					"seconds":	0.99936902523040771,
					"bytes":	396280,
					"bits_per_second":	3172241.6044154372,
					"omitted":	false,
					"sender":	true
				}],
			"sum":	{
				"start":	2.004642,
				"end":	3.004011,
				"seconds":	0.99936902523040771,
				"bytes":	396280,
				"bits_per_second":	3172241.6044154372,
				"omitted":	false,
				"sender":	true
			}
		}, {
			"streams":	[{
					"socket":	7,
					"start":	3.004011,
					"end":	4.001674,
					"seconds":	0.99766302108764648,
					"bytes":	851391,
					"bits_per_second":	6827082.74841594,
					"omitted":	false,
					"sender":	true
				}],
			"sum":	{
				"start":	3.004011,
				"end":	4.001674,
				"seconds":	0.99766302108764648,
				"bytes":	851391,
				"bits_per_second":	6827082.74841594,
				"omitted":	false,
				"sender":	true
			}
		}, {
			"streams":	[{
					"socket":	7,
					"start":	4.001674,
					"end":	5.002436,
					"seconds":	1.0007619857788086,
					"bytes":	775489,
					"bits_per_second":	6199188.306670161,
					"omitted":	false,
					"sender":	true
				}],
			"sum":	{
				"start":	4.001674,
				"end":	5.002436,
				"seconds":	1.0007619857788086,
				"bytes":	775489,
				"bits_per_second":	6199188.306670161,
				"omitted":	false,
				"sender":	true
			}
		}, {
			"streams":	[{
					"socket":	7,
					"start":	5.002436,
					"end":	6.004364,
					"seconds":	1.0019279718399048,
					"bytes":	629887,
					"bits_per_second":	5029399.4594705086,
					"omitted":	false,
					"sender":	true
				}],
			"sum":	{
				"start":	5.002436,
				"end":	6.004364,
				"seconds":	1.0019279718399048,
				"bytes":	629887,
				"bits_per_second":	5029399.4594705086,
				"omitted":	false,
				"sender":	true
			}
		}, {
			"streams":	[{
					"socket":	7,
					"start":	6.004364,
					"end":	7.002878,
					"seconds":	0.99851399660110474,
					"bytes":	1292902,
					"bits_per_second":	10358608.928074947,
					"omitted":	false,
					"sender":	true
				}],
			"sum":	{
				"start":	6.004364,
				"end":	7.002878,
				"seconds":	0.99851399660110474,
				"bytes":	1292902,
				"bits_per_second":	10358608.928074947,
				"omitted":	false,
				"sender":	true
			}
		}, {
			"streams":	[{
					"socket":	7,
					"start":	7.002878,
					"end":	8.004331,
					"seconds":	1.0014530420303345,
					"bytes":	1328634,
					"bits_per_second":	10613649.920570156,
					"omitted":	false,
					"sender":	true
				}],
			"sum":	{
				"start":	7.002878,
				"end":	8.004331,
				"seconds":	1.0014530420303345,
				"bytes":	1328634,
				"bits_per_second":	10613649.920570156,
				"omitted":	false,
				"sender":	true
			}
		}, {
			"streams":	[{
					"socket":	7,
					"start":	8.004331,
					"end":	9.000726,
					"seconds":	0.99639499187469482,
					"bytes":	1416112,
					"bits_per_second":	11369884.526100373,
					"omitted":	false,
					"sender":	true
				}],
			"sum":	{
				"start":	8.004331,
				"end":	9.000726,
				"seconds":	0.99639499187469482,
				"bytes":	1416112,
				"bits_per_second":	11369884.526100373,
				"omitted":	false,
				"sender":	true
			}
		}, {
			"streams":	[{
					"socket":	7,
					"start":	9.000726,
					"end":	10.000092,
					"seconds":	0.99936598539352417,
					"bytes":	1375202,
					"bits_per_second":	11008595.610413788,
					"omitted":	false,
					"sender":	true
				}],
			"sum":	{
				"start":	9.000726,
				"end":	10.000092,
				"seconds":	0.99936598539352417,
				"bytes":	1375202,
				"bits_per_second":	11008595.610413788,
				"omitted":	false,
				"sender":	true
			}
		}],
	"end":	{
		"streams":	[{
				"sender":	{
					"socket":	7,
					"start":	0,
					"end":	10.000092,
					"seconds":	10.000092,
					"bytes":	8285984,
					"bits_per_second":	6628726.2157188151,
					"sender":	true
				},
				"receiver":	{
					"socket":	7,
					"start":	0,
					"end":	10.000092,
					"seconds":	10.000092,
					"bytes":	7283376,
					"bits_per_second":	5826647.1948458068,
					"sender":	true
				}
			}],
		"sum_sent":	{
			"start":	0,
			"end":	10.000092,
			"seconds":	10.000092,
			"bytes":	8285984,
			"bits_per_second":	6628726.2157188151,
			"sender":	true
		},
		"sum_received":	{
			"start":	0,
			"end":	10.000092,
			"seconds":	10.000092,
			"bytes":	7283376,
			"bits_per_second":	5826647.1948458068,
			"sender":	true
		},
		"cpu_utilization_percent":	{
			"host_total":	6.1437247733246592,
			"host_user":	1.5769291467017121,
			"host_system":	4.5667101830687962,
			"remote_total":	0.00762181,
			"remote_user":	0.00304796,
			"remote_system":	0.0129548
		}
	}
}
