{
	"start":	{
		"connected":	[{
				"socket":	7,
				"local_host":	"10.145.64.217",
				"local_port":	58914,
				"remote_host":	"89.84.1.222",
				"remote_port":	5202
			}],
		"version":	"iperf 3.7",
		"system_info":	"Darwin SAMAC135.local 18.0.0 Darwin Kernel Version 18.0.0: Wed Aug 22 20:13:40 PDT 2018; root:xnu-4903.201.2~1/RELEASE_X86_64 x86_64",
		"timestamp":	{
			"time":	"Wed, 11 Mar 2020 16:06:28 UTC",
			"timesecs":	1583942788
		},
		"connecting_to":	{
			"host":	"bouygues.iperf.fr",
			"port":	5202
		},
		"cookie":	"k3wnpio275xrief2b2nnj24mvb4rpzmzlgom",
		"tcp_mss_default":	1367,
		"sock_bufsize":	0,
		"sndbuf_actual":	131072,
		"rcvbuf_actual":	131072,
		"test_start":	{
			"protocol":	"TCP",
			"num_streams":	1,
			"blksize":	131072,
			"omit":	0,
			"duration":	10,
			"bytes":	0,
			"blocks":	0,
			"reverse":	0,
			"tos":	0
		}
	},
	"intervals":	[{
			"streams":	[{
					"socket":	7,
					"start":	0,
					"end":	1.004493,
					"seconds":	1.0044929981231689,
					"bytes":	180444,
					"bits_per_second":	1437095.1342589592,
					"omitted":	false,
					"sender":	true
				}],
			"sum":	{
				"start":	0,
				"end":	1.004493,
				"seconds":	1.0044929981231689,
				"bytes":	180444,
				"bits_per_second":	1437095.1342589592,
				"omitted":	false,
				"sender":	true
			}
		}, {
			"streams":	[{
					"socket":	7,
					"start":	1.004493,
					"end":	2.003027,
					"seconds":	0.99853402376174927,
					"bytes":	2213110,
					"bits_per_second":	17730873.038557965,
					"omitted":	false,
					"sender":	true
				}],
			"sum":	{
				"start":	1.004493,
				"end":	2.003027,
				"seconds":	0.99853402376174927,
				"bytes":	2213110,
				"bits_per_second":	17730873.038557965,
				"omitted":	false,
				"sender":	true
			}
		}, {
			"streams":	[{
					"socket":	7,
					"start":	2.003027,
					"end":	3.003782,
					"seconds":	1.0007549524307251,
					"bytes":	3066418,
					"bits_per_second":	24512837.97338802,
					"omitted":	false,
					"sender":	true
				}],
			"sum":	{
				"start":	2.003027,
				"end":	3.003782,
				"seconds":	1.0007549524307251,
				"bytes":	3066418,
				"bits_per_second":	24512837.97338802,
				"omitted":	false,
				"sender":	true
			}
		}, {
			"streams":	[{
					"socket":	7,
					"start":	3.003782,
					"end":	4.002236,
					"seconds":	0.99845397472381592,
					"bytes":	0,
					"bits_per_second":	0,
					"omitted":	false,
					"sender":	true
				}],
			"sum":	{
				"start":	3.003782,
				"end":	4.002236,
				"seconds":	0.99845397472381592,
				"bytes":	0,
				"bits_per_second":	0,
				"omitted":	false,
				"sender":	true
			}
		}, {
			"streams":	[{
					"socket":	7,
					"start":	4.002236,
					"end":	5.00211,
					"seconds":	0.99987399578094482,
					"bytes":	0,
					"bits_per_second":	0,
					"omitted":	false,
					"sender":	true
				}],
			"sum":	{
				"start":	4.002236,
				"end":	5.00211,
				"seconds":	0.99987399578094482,
				"bytes":	0,
				"bits_per_second":	0,
				"omitted":	false,
				"sender":	true
			}
		}, {
			"streams":	[{
					"socket":	7,
					"start":	5.00211,
					"end":	6.002259,
					"seconds":	1.0001490116119385,
					"bytes":	0,
					"bits_per_second":	0,
					"omitted":	false,
					"sender":	true
				}],
			"sum":	{
				"start":	5.00211,
				"end":	6.002259,
				"seconds":	1.0001490116119385,
				"bytes":	0,
				"bits_per_second":	0,
				"omitted":	false,
				"sender":	true
			}
		}, {
			"streams":	[{
					"socket":	7,
					"start":	6.002259,
					"end":	7.002008,
					"seconds":	0.99974900484085083,
					"bytes":	165073,
					"bits_per_second":	1320915.54340704,
					"omitted":	false,
					"sender":	true
				}],
			"sum":	{
				"start":	6.002259,
				"end":	7.002008,
				"seconds":	0.99974900484085083,
				"bytes":	165073,
				"bits_per_second":	1320915.54340704,
				"omitted":	false,
				"sender":	true
			}
		}, {
			"streams":	[{
					"socket":	7,
					"start":	7.002008,
					"end":	8.004119,
					"seconds":	1.0021109580993652,
					"bytes":	345811,
					"bits_per_second":	2760660.3616499784,
					"omitted":	false,
					"sender":	true
				}],
			"sum":	{
				"start":	7.002008,
				"end":	8.004119,
				"seconds":	1.0021109580993652,
				"bytes":	345811,
				"bits_per_second":	2760660.3616499784,
				"omitted":	false,
				"sender":	true
			}
		}, {
			"streams":	[{
					"socket":	7,
					"start":	8.004119,
					"end":	9.001523,
					"seconds":	0.99740397930145264,
					"bytes":	526195,
					"bits_per_second":	4220516.5483179949,
					"omitted":	false,
					"sender":	true
				}],
			"sum":	{
				"start":	8.004119,
				"end":	9.001523,
				"seconds":	0.99740397930145264,
				"bytes":	526195,
				"bits_per_second":	4220516.5483179949,
				"omitted":	false,
				"sender":	true
			}
		}, {
			"streams":	[{
					"socket":	7,
					"start":	9.001523,
					"end":	10.002268,
					"seconds":	1.0007450580596924,
					"bytes":	971767,
					"bits_per_second":	7768348.1296155341,
					"omitted":	false,
					"sender":	true
				}],
			"sum":	{
				"start":	9.001523,
				"end":	10.002268,
				"seconds":	1.0007450580596924,
				"bytes":	971767,
				"bits_per_second":	7768348.1296155341,
				"omitted":	false,
				"sender":	true
			}
		}],
	"end":	{
		"streams":	[{
				"sender":	{
					"socket":	7,
					"start":	0,
					"end":	10.002268,
					"seconds":	10.002268,
					"bytes":	7468818,
					"bits_per_second":	5973699.564938671,
					"sender":	true
				},
				"receiver":	{
					"socket":	7,
					"start":	0,
					"end":	10.174072,
					"seconds":	10.002268,
					"bytes":	7264238,
					"bits_per_second":	5711961.1498719482,
					"sender":	true
				}
			}],
		"sum_sent":	{
			"start":	0,
			"end":	10.002268,
			"seconds":	10.002268,
			"bytes":	7468818,
			"bits_per_second":	5973699.564938671,
			"sender":	true
		},
		"sum_received":	{
			"start":	0,
			"end":	10.174072,
			"seconds":	10.174072,
			"bytes":	7264238,
			"bits_per_second":	5711961.1498719482,
			"sender":	true
		},
		"cpu_utilization_percent":	{
			"host_total":	3.4664203609609014,
			"host_user":	0.86308816788632647,
			"host_system":	2.6032309866759014,
			"remote_total":	0.0067129923625606361,
			"remote_user":	0,
			"remote_system":	0.0067129923625606361
		},
		"receiver_tcp_congestion":	"cubic"
	}
}
