{
	"start":	{
		"connected":	[{
				"socket":	7,
				"local_host":	"10.145.64.217",
				"local_port":	58468,
				"remote_host":	"62.210.18.40",
				"remote_port":	5208
			}],
		"version":	"iperf 3.7",
		"system_info":	"Darwin SAMAC135.local 18.0.0 Darwin Kernel Version 18.0.0: Wed Aug 22 20:13:40 PDT 2018; root:xnu-4903.201.2~1/RELEASE_X86_64 x86_64",
		"timestamp":	{
			"time":	"Wed, 11 Mar 2020 15:45:51 UTC",
			"timesecs":	1583941551
		},
		"connecting_to":	{
			"host":	"ping.online.net",
			"port":	5208
		},
		"cookie":	"y4pyl4qs5vy23rn7pq4ujwlfsublbea37zcw",
		"tcp_mss_default":	1367,
		"sock_bufsize":	0,
		"sndbuf_actual":	131072,
		"rcvbuf_actual":	131072,
		"test_start":	{
			"protocol":	"TCP",
			"num_streams":	1,
			"blksize":	131072,
			"omit":	0,
			"duration":	10,
			"bytes":	0,
			"blocks":	0,
			"reverse":	0,
			"tos":	0
		}
	},
	"intervals":	[{
			"streams":	[{
					"socket":	7,
					"start":	0,
					"end":	1.002313,
					"seconds":	1.0023130178451538,
					"bytes":	159939,
					"bits_per_second":	1276559.2955689521,
					"omitted":	false,
					"sender":	true
				}],
			"sum":	{
				"start":	0,
				"end":	1.002313,
				"seconds":	1.0023130178451538,
				"bytes":	159939,
				"bits_per_second":	1276559.2955689521,
				"omitted":	false,
				"sender":	true
			}
		}, {
			"streams":	[{
					"socket":	7,
					"start":	1.002313,
					"end":	2.002029,
					"seconds":	0.99971598386764526,
					"bytes":	1803150,
					"bits_per_second":	14429298.153454138,
					"omitted":	false,
					"sender":	true
				}],
			"sum":	{
				"start":	1.002313,
				"end":	2.002029,
				"seconds":	0.99971598386764526,
				"bytes":	1803150,
				"bits_per_second":	14429298.153454138,
				"omitted":	false,
				"sender":	true
			}
		}, {
			"streams":	[{
					"socket":	7,
					"start":	2.002029,
					"end":	3.004097,
					"seconds":	1.002068042755127,
					"bytes":	1160960,
					"bits_per_second":	9268512.3202453125,
					"omitted":	false,
					"sender":	true
				}],
			"sum":	{
				"start":	2.002029,
				"end":	3.004097,
				"seconds":	1.002068042755127,
				"bytes":	1160960,
				"bits_per_second":	9268512.3202453125,
				"omitted":	false,
				"sender":	true
			}
		}, {
			"streams":	[{
					"socket":	7,
					"start":	3.004097,
					"end":	4.002852,
					"seconds":	0.99875497817993164,
					"bytes":	598292,
					"bits_per_second":	4792302.5212072721,
					"omitted":	false,
					"sender":	true
				}],
			"sum":	{
				"start":	3.004097,
				"end":	4.002852,
				"seconds":	0.99875497817993164,
				"bytes":	598292,
				"bits_per_second":	4792302.5212072721,
				"omitted":	false,
				"sender":	true
			}
		}, {
			"streams":	[{
					"socket":	7,
					"start":	4.002852,
					"end":	5.000635,
					"seconds":	0.99778300523757935,
					"bytes":	2172460,
					"bits_per_second":	17418296.271604437,
					"omitted":	false,
					"sender":	true
				}],
			"sum":	{
				"start":	4.002852,
				"end":	5.000635,
				"seconds":	0.99778300523757935,
				"bytes":	2172460,
				"bits_per_second":	17418296.271604437,
				"omitted":	false,
				"sender":	true
			}
		}, {
			"streams":	[{
					"socket":	7,
					"start":	5.000635,
					"end":	6.004901,
					"seconds":	1.0042660236358643,
					"bytes":	0,
					"bits_per_second":	0,
					"omitted":	false,
					"sender":	true
				}],
			"sum":	{
				"start":	5.000635,
				"end":	6.004901,
				"seconds":	1.0042660236358643,
				"bytes":	0,
				"bits_per_second":	0,
				"omitted":	false,
				"sender":	true
			}
		}, {
			"streams":	[{
					"socket":	7,
					"start":	6.004901,
					"end":	7.004063,
					"seconds":	0.99916201829910278,
					"bytes":	0,
					"bits_per_second":	0,
					"omitted":	false,
					"sender":	true
				}],
			"sum":	{
				"start":	6.004901,
				"end":	7.004063,
				"seconds":	0.99916201829910278,
				"bytes":	0,
				"bits_per_second":	0,
				"omitted":	false,
				"sender":	true
			}
		}, {
			"streams":	[{
					"socket":	7,
					"start":	7.004063,
					"end":	8.001786,
					"seconds":	0.99772298336029053,
					"bytes":	0,
					"bits_per_second":	0,
					"omitted":	false,
					"sender":	true
				}],
			"sum":	{
				"start":	7.004063,
				"end":	8.001786,
				"seconds":	0.99772298336029053,
				"bytes":	0,
				"bits_per_second":	0,
				"omitted":	false,
				"sender":	true
			}
		}, {
			"streams":	[{
					"socket":	7,
					"start":	8.001786,
					"end":	9.002659,
					"seconds":	1.0008729696273804,
					"bytes":	0,
					"bits_per_second":	0,
					"omitted":	false,
					"sender":	true
				}],
			"sum":	{
				"start":	8.001786,
				"end":	9.002659,
				"seconds":	1.0008729696273804,
				"bytes":	0,
				"bits_per_second":	0,
				"omitted":	false,
				"sender":	true
			}
		}, {
			"streams":	[{
					"socket":	7,
					"start":	9.002659,
					"end":	10.004416,
					"seconds":	1.001757025718689,
					"bytes":	0,
					"bits_per_second":	0,
					"omitted":	false,
					"sender":	true
				}],
			"sum":	{
				"start":	9.002659,
				"end":	10.004416,
				"seconds":	1.001757025718689,
				"bytes":	0,
				"bits_per_second":	0,
				"omitted":	false,
				"sender":	true
			}
		}],
	"end":	{
		"streams":	[{
				"sender":	{
					"socket":	7,
					"start":	0,
					"end":	10.004416,
					"seconds":	10.004416,
					"bytes":	5894801,
					"bits_per_second":	4713759.2039355412,
					"sender":	true
				},
				"receiver":	{
					"socket":	7,
					"start":	0,
					"end":	10.004416,
					"seconds":	10.004416,
					"bytes":	4243168,
					"bits_per_second":	3393036.0352868172,
					"sender":	true
				}
			}],
		"sum_sent":	{
			"start":	0,
			"end":	10.004416,
			"seconds":	10.004416,
			"bytes":	5894801,
			"bits_per_second":	4713759.2039355412,
			"sender":	true
		},
		"sum_received":	{
			"start":	0,
			"end":	10.004416,
			"seconds":	10.004416,
			"bytes":	4243168,
			"bits_per_second":	3393036.0352868172,
			"sender":	true
		},
		"cpu_utilization_percent":	{
			"host_total":	4.1073256515326984,
			"host_user":	1.0277810736445003,
			"host_system":	3.079445325932145,
			"remote_total":	0.041221,
			"remote_user":	0.005121,
			"remote_system":	0.036101
		}
	}
}
