{
	"start":	{
		"connected":	[{
				"socket":	7,
				"local_host":	"10.145.64.217",
				"local_port":	57560,
				"remote_host":	"62.210.18.40",
				"remote_port":	5208
			}],
		"version":	"iperf 3.7",
		"system_info":	"Darwin SAMAC135.local 18.0.0 Darwin Kernel Version 18.0.0: Wed Aug 22 20:13:40 PDT 2018; root:xnu-4903.201.2~1/RELEASE_X86_64 x86_64",
		"timestamp":	{
			"time":	"Wed, 11 Mar 2020 15:05:39 UTC",
			"timesecs":	1583939139
		},
		"connecting_to":	{
			"host":	"ping.online.net",
			"port":	5208
		},
		"cookie":	"ukbp2np3x5dpx7fvmayjc7yg3v5njb335mhj",
		"tcp_mss_default":	1367,
		"sock_bufsize":	0,
		"sndbuf_actual":	131072,
		"rcvbuf_actual":	131072,
		"test_start":	{
			"protocol":	"TCP",
			"num_streams":	1,
			"blksize":	131072,
			"omit":	0,
			"duration":	10,
			"bytes":	0,
			"blocks":	0,
			"reverse":	0,
			"tos":	0
		}
	},
	"intervals":	[{
			"streams":	[{
					"socket":	7,
					"start":	0,
					"end":	1.004614,
					"seconds":	1.004613995552063,
					"bytes":	183178,
					"bits_per_second":	1458693.5942443339,
					"omitted":	false,
					"sender":	true
				}],
			"sum":	{
				"start":	0,
				"end":	1.004614,
				"seconds":	1.004613995552063,
				"bytes":	183178,
				"bits_per_second":	1458693.5942443339,
				"omitted":	false,
				"sender":	true
			}
		}, {
			"streams":	[{
					"socket":	7,
					"start":	1.004614,
					"end":	2.002996,
					"seconds":	0.99838197231292725,
					"bytes":	2745840,
					"bits_per_second":	22002320.363528032,
					"omitted":	false,
					"sender":	true
				}],
			"sum":	{
				"start":	1.004614,
				"end":	2.002996,
				"seconds":	0.99838197231292725,
				"bytes":	2745840,
				"bits_per_second":	22002320.363528032,
				"omitted":	false,
				"sender":	true
			}
		}, {
			"streams":	[{
					"socket":	7,
					"start":	2.002996,
					"end":	3.004733,
					"seconds":	1.0017369985580444,
					"bytes":	4610161,
					"bits_per_second":	36817336.339866616,
					"omitted":	false,
					"sender":	true
				}],
			"sum":	{
				"start":	2.002996,
				"end":	3.004733,
				"seconds":	1.0017369985580444,
				"bytes":	4610161,
				"bits_per_second":	36817336.339866616,
				"omitted":	false,
				"sender":	true
			}
		}, {
			"streams":	[{
					"socket":	7,
					"start":	3.004733,
					"end":	4.002987,
					"seconds":	0.99825400114059448,
					"bytes":	4710565,
					"bits_per_second":	37750432.211583488,
					"omitted":	false,
					"sender":	true
				}],
			"sum":	{
				"start":	3.004733,
				"end":	4.002987,
				"seconds":	0.99825400114059448,
				"bytes":	4710565,
				"bits_per_second":	37750432.211583488,
				"omitted":	false,
				"sender":	true
			}
		}, {
			"streams":	[{
					"socket":	7,
					"start":	4.002987,
					"end":	5.000178,
					"seconds":	0.99719101190567017,
					"bytes":	5279471,
					"bits_per_second":	42354741.965920687,
					"omitted":	false,
					"sender":	true
				}],
			"sum":	{
				"start":	4.002987,
				"end":	5.000178,
				"seconds":	0.99719101190567017,
				"bytes":	5279471,
				"bits_per_second":	42354741.965920687,
				"omitted":	false,
				"sender":	true
			}
		}, {
			"streams":	[{
					"socket":	7,
					"start":	5.000178,
					"end":	6.001654,
					"seconds":	1.0014760494232178,
					"bytes":	5379145,
					"bits_per_second":	42969734.54810445,
					"omitted":	false,
					"sender":	true
				}],
			"sum":	{
				"start":	5.000178,
				"end":	6.001654,
				"seconds":	1.0014760494232178,
				"bytes":	5379145,
				"bits_per_second":	42969734.54810445,
				"omitted":	false,
				"sender":	true
			}
		}, {
			"streams":	[{
					"socket":	7,
					"start":	6.001654,
					"end":	7.000794,
					"seconds":	0.99914002418518066,
					"bytes":	6781687,
					"bits_per_second":	54300192.852593258,
					"omitted":	false,
					"sender":	true
				}],
			"sum":	{
				"start":	6.001654,
				"end":	7.000794,
				"seconds":	0.99914002418518066,
				"bytes":	6781687,
				"bits_per_second":	54300192.852593258,
				"omitted":	false,
				"sender":	true
			}
		}, {
			"streams":	[{
					"socket":	7,
					"start":	7.000794,
					"end":	8.00377,
					"seconds":	1.0029759407043457,
					"bytes":	5800181,
					"bits_per_second":	46263769.764421582,
					"omitted":	false,
					"sender":	true
				}],
			"sum":	{
				"start":	7.000794,
				"end":	8.00377,
				"seconds":	1.0029759407043457,
				"bytes":	5800181,
				"bits_per_second":	46263769.764421582,
				"omitted":	false,
				"sender":	true
			}
		}, {
			"streams":	[{
					"socket":	7,
					"start":	8.00377,
					"end":	9.000083,
					"seconds":	0.99631297588348389,
					"bytes":	5947817,
					"bits_per_second":	47758623.195493393,
					"omitted":	false,
					"sender":	true
				}],
			"sum":	{
				"start":	8.00377,
				"end":	9.000083,
				"seconds":	0.99631297588348389,
				"bytes":	5947817,
				"bits_per_second":	47758623.195493393,
				"omitted":	false,
				"sender":	true
			}
		}, {
			"streams":	[{
					"socket":	7,
					"start":	9.000083,
					"end":	10.000084,
					"seconds":	1.0000009536743164,
					"bytes":	6448139,
					"bits_per_second":	51585062.804650493,
					"omitted":	false,
					"sender":	true
				}],
			"sum":	{
				"start":	9.000083,
				"end":	10.000084,
				"seconds":	1.0000009536743164,
				"bytes":	6448139,
				"bits_per_second":	51585062.804650493,
				"omitted":	false,
				"sender":	true
			}
		}],
	"end":	{
		"streams":	[{
				"sender":	{
					"socket":	7,
					"start":	0,
					"end":	10.000084,
					"seconds":	10.000084,
					"bytes":	47886184,
					"bits_per_second":	38308625.40754658,
					"sender":	true
				},
				"receiver":	{
					"socket":	7,
					"start":	0,
					"end":	10.000084,
					"seconds":	10.000084,
					"bytes":	46982423,
					"bits_per_second":	37585622.680769481,
					"sender":	true
				}
			}],
		"sum_sent":	{
			"start":	0,
			"end":	10.000084,
			"seconds":	10.000084,
			"bytes":	47886184,
			"bits_per_second":	38308625.40754658,
			"sender":	true
		},
		"sum_received":	{
			"start":	0,
			"end":	10.000084,
			"seconds":	10.000084,
			"bytes":	46982423,
			"bits_per_second":	37585622.680769481,
			"sender":	true
		},
		"cpu_utilization_percent":	{
			"host_total":	6.441796151986007,
			"host_user":	1.3578594831253932,
			"host_system":	5.0838366684969767,
			"remote_total":	0.915221,
			"remote_user":	0.088936,
			"remote_system":	0.826282
		}
	}
}
