{
	"start":	{
		"connected":	[{
				"socket":	7,
				"local_host":	"10.145.64.217",
				"local_port":	58555,
				"remote_host":	"62.210.18.40",
				"remote_port":	5208
			}],
		"version":	"iperf 3.7",
		"system_info":	"Darwin SAMAC135.local 18.0.0 Darwin Kernel Version 18.0.0: Wed Aug 22 20:13:40 PDT 2018; root:xnu-4903.201.2~1/RELEASE_X86_64 x86_64",
		"timestamp":	{
			"time":	"Wed, 11 Mar 2020 15:49:22 UTC",
			"timesecs":	1583941762
		},
		"connecting_to":	{
			"host":	"ping.online.net",
			"port":	5208
		},
		"cookie":	"k2d4yujmyddjn72fxv65sjseuox7r6kgfh2y",
		"tcp_mss_default":	1367,
		"sock_bufsize":	0,
		"sndbuf_actual":	131072,
		"rcvbuf_actual":	131072,
		"test_start":	{
			"protocol":	"TCP",
			"num_streams":	1,
			"blksize":	131072,
			"omit":	0,
			"duration":	10,
			"bytes":	0,
			"blocks":	0,
			"reverse":	0,
			"tos":	0
		}
	},
	"intervals":	[{
			"streams":	[{
					"socket":	7,
					"start":	0,
					"end":	1.004414,
					"seconds":	1.0044139623641968,
					"bytes":	199572,
					"bits_per_second":	1589559.7431182337,
					"omitted":	false,
					"sender":	true
				}],
			"sum":	{
				"start":	0,
				"end":	1.004414,
				"seconds":	1.0044139623641968,
				"bytes":	199572,
				"bits_per_second":	1589559.7431182337,
				"omitted":	false,
				"sender":	true
			}
		}, {
			"streams":	[{
					"socket":	7,
					"start":	1.004414,
					"end":	2.003918,
					"seconds":	0.999504029750824,
					"bytes":	3306957,
					"bits_per_second":	26468783.729261588,
					"omitted":	false,
					"sender":	true
				}],
			"sum":	{
				"start":	1.004414,
				"end":	2.003918,
				"seconds":	0.999504029750824,
				"bytes":	3306957,
				"bits_per_second":	26468783.729261588,
				"omitted":	false,
				"sender":	true
			}
		}, {
			"streams":	[{
					"socket":	7,
					"start":	2.003918,
					"end":	3.004329,
					"seconds":	1.0004110336303711,
					"bytes":	3960199,
					"bits_per_second":	31668575.150587175,
					"omitted":	false,
					"sender":	true
				}],
			"sum":	{
				"start":	2.003918,
				"end":	3.004329,
				"seconds":	1.0004110336303711,
				"bytes":	3960199,
				"bits_per_second":	31668575.150587175,
				"omitted":	false,
				"sender":	true
			}
		}, {
			"streams":	[{
					"socket":	7,
					"start":	3.004329,
					"end":	4.001217,
					"seconds":	0.99688798189163208,
					"bytes":	4135118,
					"bits_per_second":	33184213.874489363,
					"omitted":	false,
					"sender":	true
				}],
			"sum":	{
				"start":	3.004329,
				"end":	4.001217,
				"seconds":	0.99688798189163208,
				"bytes":	4135118,
				"bits_per_second":	33184213.874489363,
				"omitted":	false,
				"sender":	true
			}
		}, {
			"streams":	[{
					"socket":	7,
					"start":	4.001217,
					"end":	5.001144,
					"seconds":	0.99992698431015015,
					"bytes":	4906023,
					"bits_per_second":	39251049.942488879,
					"omitted":	false,
					"sender":	true
				}],
			"sum":	{
				"start":	4.001217,
				"end":	5.001144,
				"seconds":	0.99992698431015015,
				"bytes":	4906023,
				"bits_per_second":	39251049.942488879,
				"omitted":	false,
				"sender":	true
			}
		}, {
			"streams":	[{
					"socket":	7,
					"start":	5.001144,
					"end":	6.000095,
					"seconds":	0.9989510178565979,
					"bytes":	5171558,
					"bits_per_second":	41415908.54852017,
					"omitted":	false,
					"sender":	true
				}],
			"sum":	{
				"start":	5.001144,
				"end":	6.000095,
				"seconds":	0.9989510178565979,
				"bytes":	5171558,
				"bits_per_second":	41415908.54852017,
				"omitted":	false,
				"sender":	true
			}
		}, {
			"streams":	[{
					"socket":	7,
					"start":	6.000095,
					"end":	7.002142,
					"seconds":	1.0020469427108765,
					"bytes":	6249924,
					"bits_per_second":	49897255.177222244,
					"omitted":	false,
					"sender":	true
				}],
			"sum":	{
				"start":	6.000095,
				"end":	7.002142,
				"seconds":	1.0020469427108765,
				"bytes":	6249924,
				"bits_per_second":	49897255.177222244,
				"omitted":	false,
				"sender":	true
			}
		}, {
			"streams":	[{
					"socket":	7,
					"start":	7.002142,
					"end":	8.000027,
					"seconds":	0.99788498878479,
					"bytes":	5428357,
					"bits_per_second":	43518898.959372662,
					"omitted":	false,
					"sender":	true
				}],
			"sum":	{
				"start":	7.002142,
				"end":	8.000027,
				"seconds":	0.99788498878479,
				"bytes":	5428357,
				"bits_per_second":	43518898.959372662,
				"omitted":	false,
				"sender":	true
			}
		}, {
			"streams":	[{
					"socket":	7,
					"start":	8.000027,
					"end":	9.004642,
					"seconds":	1.0046149492263794,
					"bytes":	5484404,
					"bits_per_second":	43673680.183424361,
					"omitted":	false,
					"sender":	true
				}],
			"sum":	{
				"start":	8.000027,
				"end":	9.004642,
				"seconds":	1.0046149492263794,
				"bytes":	5484404,
				"bits_per_second":	43673680.183424361,
				"omitted":	false,
				"sender":	true
			}
		}, {
			"streams":	[{
					"socket":	7,
					"start":	9.004642,
					"end":	10.000101,
					"seconds":	0.99545902013778687,
					"bytes":	6538361,
					"bits_per_second":	52545496.039364755,
					"omitted":	false,
					"sender":	true
				}],
			"sum":	{
				"start":	9.004642,
				"end":	10.000101,
				"seconds":	0.99545902013778687,
				"bytes":	6538361,
				"bits_per_second":	52545496.039364755,
				"omitted":	false,
				"sender":	true
			}
		}],
	"end":	{
		"streams":	[{
				"sender":	{
					"socket":	7,
					"start":	0,
					"end":	10.000101,
					"seconds":	10.000101,
					"bytes":	45380473,
					"bits_per_second":	36304011.729481526,
					"sender":	true
				},
				"receiver":	{
					"socket":	7,
					"start":	0,
					"end":	10.000101,
					"seconds":	10.000101,
					"bytes":	44387857,
					"bits_per_second":	35509926.9497378,
					"sender":	true
				}
			}],
		"sum_sent":	{
			"start":	0,
			"end":	10.000101,
			"seconds":	10.000101,
			"bytes":	45380473,
			"bits_per_second":	36304011.729481526,
			"sender":	true
		},
		"sum_received":	{
			"start":	0,
			"end":	10.000101,
			"seconds":	10.000101,
			"bytes":	44387857,
			"bits_per_second":	35509926.9497378,
			"sender":	true
		},
		"cpu_utilization_percent":	{
			"host_total":	6.0030853131640241,
			"host_user":	1.2594368241993807,
			"host_system":	4.7435118174819779,
			"remote_total":	1.178494,
			"remote_user":	0.08561,
			"remote_system":	1.092884
		}
	}
}
