{
	"start":	{
		"connected":	[{
				"socket":	7,
				"local_host":	"10.145.64.217",
				"local_port":	58688,
				"remote_host":	"62.210.18.40",
				"remote_port":	5208
			}],
		"version":	"iperf 3.7",
		"system_info":	"Darwin SAMAC135.local 18.0.0 Darwin Kernel Version 18.0.0: Wed Aug 22 20:13:40 PDT 2018; root:xnu-4903.201.2~1/RELEASE_X86_64 x86_64",
		"timestamp":	{
			"time":	"Wed, 11 Mar 2020 15:56:26 UTC",
			"timesecs":	1583942186
		},
		"connecting_to":	{
			"host":	"ping.online.net",
			"port":	5208
		},
		"cookie":	"ragtnlvxsyxeg54p6zekr342emrpbe7d4vom",
		"tcp_mss_default":	1367,
		"sock_bufsize":	0,
		"sndbuf_actual":	131072,
		"rcvbuf_actual":	131072,
		"test_start":	{
			"protocol":	"TCP",
			"num_streams":	1,
			"blksize":	131072,
			"omit":	0,
			"duration":	10,
			"bytes":	0,
			"blocks":	0,
			"reverse":	0,
			"tos":	0
		}
	},
	"intervals":	[{
			"streams":	[{
					"socket":	7,
					"start":	0,
					"end":	1.003449,
					"seconds":	1.0034489631652832,
					"bytes":	190013,
					"bits_per_second":	1514879.2373106631,
					"omitted":	false,
					"sender":	true
				}],
			"sum":	{
				"start":	0,
				"end":	1.003449,
				"seconds":	1.0034489631652832,
				"bytes":	190013,
				"bits_per_second":	1514879.2373106631,
				"omitted":	false,
				"sender":	true
			}
		}, {
			"streams":	[{
					"socket":	7,
					"start":	1.003449,
					"end":	2.004789,
					"seconds":	1.0013400316238403,
					"bytes":	3264570,
					"bits_per_second":	26081609.818043157,
					"omitted":	false,
					"sender":	true
				}],
			"sum":	{
				"start":	1.003449,
				"end":	2.004789,
				"seconds":	1.0013400316238403,
				"bytes":	3264570,
				"bits_per_second":	26081609.818043157,
				"omitted":	false,
				"sender":	true
			}
		}, {
			"streams":	[{
					"socket":	7,
					"start":	2.004789,
					"end":	3.004498,
					"seconds":	0.99970901012420654,
					"bytes":	3715429,
					"bits_per_second":	29732083.735353231,
					"omitted":	false,
					"sender":	true
				}],
			"sum":	{
				"start":	2.004789,
				"end":	3.004498,
				"seconds":	0.99970901012420654,
				"bytes":	3715429,
				"bits_per_second":	29732083.735353231,
				"omitted":	false,
				"sender":	true
			}
		}, {
			"streams":	[{
					"socket":	7,
					"start":	3.004498,
					"end":	4.004527,
					"seconds":	1.0000289678573608,
					"bytes":	3928868,
					"bits_per_second":	31430033.539271589,
					"omitted":	false,
					"sender":	true
				}],
			"sum":	{
				"start":	3.004498,
				"end":	4.004527,
				"seconds":	1.0000289678573608,
				"bytes":	3928868,
				"bits_per_second":	31430033.539271589,
				"omitted":	false,
				"sender":	true
			}
		}, {
			"streams":	[{
					"socket":	7,
					"start":	4.004527,
					"end":	5.001506,
					"seconds":	0.9969789981842041,
					"bytes":	4506879,
					"bits_per_second":	36164284.36874494,
					"omitted":	false,
					"sender":	true
				}],
			"sum":	{
				"start":	4.004527,
				"end":	5.001506,
				"seconds":	0.9969789981842041,
				"bytes":	4506879,
				"bits_per_second":	36164284.36874494,
				"omitted":	false,
				"sender":	true
			}
		}, {
			"streams":	[{
					"socket":	7,
					"start":	5.001506,
					"end":	6.00002,
					"seconds":	0.99851399660110474,
					"bytes":	4162805,
					"bits_per_second":	33352001.187124025,
					"omitted":	false,
					"sender":	true
				}],
			"sum":	{
				"start":	5.001506,
				"end":	6.00002,
				"seconds":	0.99851399660110474,
				"bytes":	4162805,
				"bits_per_second":	33352001.187124025,
				"omitted":	false,
				"sender":	true
			}
		}, {
			"streams":	[{
					"socket":	7,
					"start":	6.00002,
					"end":	7.00434,
					"seconds":	1.0043200254440308,
					"bytes":	4348237,
					"bits_per_second":	34636266.44765988,
					"omitted":	false,
					"sender":	true
				}],
			"sum":	{
				"start":	6.00002,
				"end":	7.00434,
				"seconds":	1.0043200254440308,
				"bytes":	4348237,
				"bits_per_second":	34636266.44765988,
				"omitted":	false,
				"sender":	true
			}
		}, {
			"streams":	[{
					"socket":	7,
					"start":	7.00434,
					"end":	8.002401,
					"seconds":	0.99806100130081177,
					"bytes":	4329219,
					"bits_per_second":	34701037.266119488,
					"omitted":	false,
					"sender":	true
				}],
			"sum":	{
				"start":	7.00434,
				"end":	8.002401,
				"seconds":	0.99806100130081177,
				"bytes":	4329219,
				"bits_per_second":	34701037.266119488,
				"omitted":	false,
				"sender":	true
			}
		}, {
			"streams":	[{
					"socket":	7,
					"start":	8.002401,
					"end":	9.003915,
					"seconds":	1.0015139579772949,
					"bytes":	4515101,
					"bits_per_second":	36066205.280804373,
					"omitted":	false,
					"sender":	true
				}],
			"sum":	{
				"start":	8.002401,
				"end":	9.003915,
				"seconds":	1.0015139579772949,
				"bytes":	4515101,
				"bits_per_second":	36066205.280804373,
				"omitted":	false,
				"sender":	true
			}
		}, {
			"streams":	[{
					"socket":	7,
					"start":	9.003915,
					"end":	10.000687,
					"seconds":	0.99677199125289917,
					"bytes":	3260735,
					"bits_per_second":	26170358.145006843,
					"omitted":	false,
					"sender":	true
				}],
			"sum":	{
				"start":	9.003915,
				"end":	10.000687,
				"seconds":	0.99677199125289917,
				"bytes":	3260735,
				"bits_per_second":	26170358.145006843,
				"omitted":	false,
				"sender":	true
			}
		}],
	"end":	{
		"streams":	[{
				"sender":	{
					"socket":	7,
					"start":	0,
					"end":	10.000687,
					"seconds":	10.000687,
					"bytes":	36221856,
					"bits_per_second":	28975494.183549594,
					"sender":	true
				},
				"receiver":	{
					"socket":	7,
					"start":	0,
					"end":	10.000687,
					"seconds":	10.000687,
					"bytes":	35481852,
					"bits_per_second":	28383531.651375555,
					"sender":	true
				}
			}],
		"sum_sent":	{
			"start":	0,
			"end":	10.000687,
			"seconds":	10.000687,
			"bytes":	36221856,
			"bits_per_second":	28975494.183549594,
			"sender":	true
		},
		"sum_received":	{
			"start":	0,
			"end":	10.000687,
			"seconds":	10.000687,
			"bytes":	35481852,
			"bits_per_second":	28383531.651375555,
			"sender":	true
		},
		"cpu_utilization_percent":	{
			"host_total":	5.4940290867544013,
			"host_user":	1.18383401964363,
			"host_system":	4.3101677379836332,
			"remote_total":	1.216048,
			"remote_user":	0.091812,
			"remote_system":	1.124226
		}
	}
}
