{
	"start":	{
		"connected":	[{
				"socket":	7,
				"local_host":	"10.145.64.217",
				"local_port":	58399,
				"remote_host":	"62.210.18.40",
				"remote_port":	5208
			}],
		"version":	"iperf 3.7",
		"system_info":	"Darwin SAMAC135.local 18.0.0 Darwin Kernel Version 18.0.0: Wed Aug 22 20:13:40 PDT 2018; root:xnu-4903.201.2~1/RELEASE_X86_64 x86_64",
		"timestamp":	{
			"time":	"Wed, 11 Mar 2020 15:42:30 UTC",
			"timesecs":	1583941350
		},
		"connecting_to":	{
			"host":	"ping.online.net",
			"port":	5208
		},
		"cookie":	"qam52luifkklsrgmsa67dwymnhuvok7f4vbw",
		"tcp_mss_default":	1367,
		"sock_bufsize":	0,
		"sndbuf_actual":	131072,
		"rcvbuf_actual":	131072,
		"test_start":	{
			"protocol":	"TCP",
			"num_streams":	1,
			"blksize":	131072,
			"omit":	0,
			"duration":	10,
			"bytes":	0,
			"blocks":	0,
			"reverse":	0,
			"tos":	0
		}
	},
	"intervals":	[{
			"streams":	[{
					"socket":	7,
					"start":	0,
					"end":	1.003311,
					"seconds":	1.0033110380172729,
					"bytes":	190013,
					"bits_per_second":	1515087.487728636,
					"omitted":	false,
					"sender":	true
				}],
			"sum":	{
				"start":	0,
				"end":	1.003311,
				"seconds":	1.0033110380172729,
				"bytes":	190013,
				"bits_per_second":	1515087.487728636,
				"omitted":	false,
				"sender":	true
			}
		}, {
			"streams":	[{
					"socket":	7,
					"start":	1.003311,
					"end":	2.001788,
					"seconds":	0.99847698211669922,
					"bytes":	2344132,
					"bits_per_second":	18781660.805284537,
					"omitted":	false,
					"sender":	true
				}],
			"sum":	{
				"start":	1.003311,
				"end":	2.001788,
				"seconds":	0.99847698211669922,
				"bytes":	2344132,
				"bits_per_second":	18781660.805284537,
				"omitted":	false,
				"sender":	true
			}
		}, {
			"streams":	[{
					"socket":	7,
					"start":	2.001788,
					"end":	3.001387,
					"seconds":	0.99959897994995117,
					"bytes":	54793,
					"bits_per_second":	438519.85525430151,
					"omitted":	false,
					"sender":	true
				}],
			"sum":	{
				"start":	2.001788,
				"end":	3.001387,
				"seconds":	0.99959897994995117,
				"bytes":	54793,
				"bits_per_second":	438519.85525430151,
				"omitted":	false,
				"sender":	true
			}
		}, {
			"streams":	[{
					"socket":	7,
					"start":	3.001387,
					"end":	4.004517,
					"seconds":	1.0031299591064453,
					"bytes":	53313,
					"bits_per_second":	425173.22519199358,
					"omitted":	false,
					"sender":	true
				}],
			"sum":	{
				"start":	3.001387,
				"end":	4.004517,
				"seconds":	1.0031299591064453,
				"bytes":	53313,
				"bits_per_second":	425173.22519199358,
				"omitted":	false,
				"sender":	true
			}
		}, {
			"streams":	[{
					"socket":	7,
					"start":	4.004517,
					"end":	5.002603,
					"seconds":	0.99808597564697266,
					"bytes":	83387,
					"bits_per_second":	668375.28657546709,
					"omitted":	false,
					"sender":	true
				}],
			"sum":	{
				"start":	4.004517,
				"end":	5.002603,
				"seconds":	0.99808597564697266,
				"bytes":	83387,
				"bits_per_second":	668375.28657546709,
				"omitted":	false,
				"sender":	true
			}
		}, {
			"streams":	[{
					"socket":	7,
					"start":	5.002603,
					"end":	6.000473,
					"seconds":	0.99787002801895142,
					"bytes":	116195,
					"bits_per_second":	931544.16296622739,
					"omitted":	false,
					"sender":	true
				}],
			"sum":	{
				"start":	5.002603,
				"end":	6.000473,
				"seconds":	0.99787002801895142,
				"bytes":	116195,
				"bits_per_second":	931544.16296622739,
				"omitted":	false,
				"sender":	true
			}
		}, {
			"streams":	[{
					"socket":	7,
					"start":	6.000473,
					"end":	7.004292,
					"seconds":	1.0038189888000488,
					"bytes":	217353,
					"bits_per_second":	1732208.7143206624,
					"omitted":	false,
					"sender":	true
				}],
			"sum":	{
				"start":	6.000473,
				"end":	7.004292,
				"seconds":	1.0038189888000488,
				"bytes":	217353,
				"bits_per_second":	1732208.7143206624,
				"omitted":	false,
				"sender":	true
			}
		}, {
			"streams":	[{
					"socket":	7,
					"start":	7.004292,
					"end":	8.003129,
					"seconds":	0.99883699417114258,
					"bytes":	400451,
					"bits_per_second":	3207338.1529670176,
					"omitted":	false,
					"sender":	true
				}],
			"sum":	{
				"start":	7.004292,
				"end":	8.003129,
				"seconds":	0.99883699417114258,
				"bytes":	400451,
				"bits_per_second":	3207338.1529670176,
				"omitted":	false,
				"sender":	true
			}
		}, {
			"streams":	[{
					"socket":	7,
					"start":	8.003129,
					"end":	9.002918,
					"seconds":	0.99978899955749512,
					"bytes":	822774,
					"bits_per_second":	6583581.1385334972,
					"omitted":	false,
					"sender":	true
				}],
			"sum":	{
				"start":	8.003129,
				"end":	9.002918,
				"seconds":	0.99978899955749512,
				"bytes":	822774,
				"bits_per_second":	6583581.1385334972,
				"omitted":	false,
				"sender":	true
			}
		}, {
			"streams":	[{
					"socket":	7,
					"start":	9.002918,
					"end":	10.004848,
					"seconds":	1.0019299983978271,
					"bytes":	1067447,
					"bits_per_second":	8523126.3797426187,
					"omitted":	false,
					"sender":	true
				}],
			"sum":	{
				"start":	9.002918,
				"end":	10.004848,
				"seconds":	1.0019299983978271,
				"bytes":	1067447,
				"bits_per_second":	8523126.3797426187,
				"omitted":	false,
				"sender":	true
			}
		}],
	"end":	{
		"streams":	[{
				"sender":	{
					"socket":	7,
					"start":	0,
					"end":	10.004848,
					"seconds":	10.004848,
					"bytes":	5349858,
					"bits_per_second":	4277812.5164920045,
					"sender":	true
				},
				"receiver":	{
					"socket":	7,
					"start":	0,
					"end":	10.004848,
					"seconds":	10.004848,
					"bytes":	5104378,
					"bits_per_second":	4081523.6773212343,
					"sender":	true
				}
			}],
		"sum_sent":	{
			"start":	0,
			"end":	10.004848,
			"seconds":	10.004848,
			"bytes":	5349858,
			"bits_per_second":	4277812.5164920045,
			"sender":	true
		},
		"sum_received":	{
			"start":	0,
			"end":	10.004848,
			"seconds":	10.004848,
			"bytes":	5104378,
			"bits_per_second":	4081523.6773212343,
			"sender":	true
		},
		"cpu_utilization_percent":	{
			"host_total":	4.0246359807912917,
			"host_user":	1.0060096456287735,
			"host_system":	3.0185810777173518,
			"remote_total":	0.02378,
			"remote_user":	0.00402,
			"remote_system":	0.019761
		}
	}
}
