{
	"start":	{
		"connected":	[{
				"socket":	7,
				"local_host":	"10.145.64.217",
				"local_port":	57618,
				"remote_host":	"62.210.18.40",
				"remote_port":	5208
			}],
		"version":	"iperf 3.7",
		"system_info":	"Darwin SAMAC135.local 18.0.0 Darwin Kernel Version 18.0.0: Wed Aug 22 20:13:40 PDT 2018; root:xnu-4903.201.2~1/RELEASE_X86_64 x86_64",
		"timestamp":	{
			"time":	"Wed, 11 Mar 2020 15:08:46 UTC",
			"timesecs":	1583939326
		},
		"connecting_to":	{
			"host":	"ping.online.net",
			"port":	5208
		},
		"cookie":	"jtwo2uzei4o4bnkzmljieolbwsiafqtkpuyw",
		"tcp_mss_default":	1367,
		"sock_bufsize":	0,
		"sndbuf_actual":	131072,
		"rcvbuf_actual":	131072,
		"test_start":	{
			"protocol":	"TCP",
			"num_streams":	1,
			"blksize":	131072,
			"omit":	0,
			"duration":	10,
			"bytes":	0,
			"blocks":	0,
			"reverse":	0,
			"tos":	0
		}
	},
	"intervals":	[{
			"streams":	[{
					"socket":	7,
					"start":	0,
					"end":	1.003004,
					"seconds":	1.0030039548873901,
					"bytes":	192747,
					"bits_per_second":	1537357.846383688,
					"omitted":	false,
					"sender":	true
				}],
			"sum":	{
				"start":	0,
				"end":	1.003004,
				"seconds":	1.0030039548873901,
				"bytes":	192747,
				"bits_per_second":	1537357.846383688,
				"omitted":	false,
				"sender":	true
			}
		}, {
			"streams":	[{
					"socket":	7,
					"start":	1.003004,
					"end":	2.00194,
					"seconds":	0.9989359974861145,
					"bytes":	2687509,
					"bits_per_second":	21522972.496842928,
					"omitted":	false,
					"sender":	true
				}],
			"sum":	{
				"start":	1.003004,
				"end":	2.00194,
				"seconds":	0.9989359974861145,
				"bytes":	2687509,
				"bits_per_second":	21522972.496842928,
				"omitted":	false,
				"sender":	true
			}
		}, {
			"streams":	[{
					"socket":	7,
					"start":	2.00194,
					"end":	3.003868,
					"seconds":	1.0019279718399048,
					"bytes":	1368554,
					"bits_per_second":	10927364.349250266,
					"omitted":	false,
					"sender":	true
				}],
			"sum":	{
				"start":	2.00194,
				"end":	3.003868,
				"seconds":	1.0019279718399048,
				"bytes":	1368554,
				"bits_per_second":	10927364.349250266,
				"omitted":	false,
				"sender":	true
			}
		}, {
			"streams":	[{
					"socket":	7,
					"start":	3.003868,
					"end":	4.000294,
					"seconds":	0.996425986289978,
					"bytes":	0,
					"bits_per_second":	0,
					"omitted":	false,
					"sender":	true
				}],
			"sum":	{
				"start":	3.003868,
				"end":	4.000294,
				"seconds":	0.996425986289978,
				"bytes":	0,
				"bits_per_second":	0,
				"omitted":	false,
				"sender":	true
			}
		}, {
			"streams":	[{
					"socket":	7,
					"start":	4.000294,
					"end":	5.003388,
					"seconds":	1.003093957901001,
					"bytes":	158412,
					"bits_per_second":	1263387.1333966046,
					"omitted":	false,
					"sender":	true
				}],
			"sum":	{
				"start":	4.000294,
				"end":	5.003388,
				"seconds":	1.003093957901001,
				"bytes":	158412,
				"bits_per_second":	1263387.1333966046,
				"omitted":	false,
				"sender":	true
			}
		}, {
			"streams":	[{
					"socket":	7,
					"start":	5.003388,
					"end":	6.000377,
					"seconds":	0.99698901176452637,
					"bytes":	62882,
					"bits_per_second":	504575.27020249062,
					"omitted":	false,
					"sender":	true
				}],
			"sum":	{
				"start":	5.003388,
				"end":	6.000377,
				"seconds":	0.99698901176452637,
				"bytes":	62882,
				"bits_per_second":	504575.27020249062,
				"omitted":	false,
				"sender":	true
			}
		}, {
			"streams":	[{
					"socket":	7,
					"start":	6.000377,
					"end":	7.003884,
					"seconds":	1.0035070180892944,
					"bytes":	118929,
					"bits_per_second":	948106.97169966309,
					"omitted":	false,
					"sender":	true
				}],
			"sum":	{
				"start":	6.000377,
				"end":	7.003884,
				"seconds":	1.0035070180892944,
				"bytes":	118929,
				"bits_per_second":	948106.97169966309,
				"omitted":	false,
				"sender":	true
			}
		}, {
			"streams":	[{
					"socket":	7,
					"start":	7.003884,
					"end":	8.004092,
					"seconds":	1.0002080202102661,
					"bytes":	140801,
					"bits_per_second":	1126173.7331032436,
					"omitted":	false,
					"sender":	true
				}],
			"sum":	{
				"start":	7.003884,
				"end":	8.004092,
				"seconds":	1.0002080202102661,
				"bytes":	140801,
				"bits_per_second":	1126173.7331032436,
				"omitted":	false,
				"sender":	true
			}
		}, {
			"streams":	[{
					"socket":	7,
					"start":	8.004092,
					"end":	9.005071,
					"seconds":	1.000978946685791,
					"bytes":	269279,
					"bits_per_second":	2152125.1841835361,
					"omitted":	false,
					"sender":	true
				}],
			"sum":	{
				"start":	8.004092,
				"end":	9.005071,
				"seconds":	1.000978946685791,
				"bytes":	269279,
				"bits_per_second":	2152125.1841835361,
				"omitted":	false,
				"sender":	true
			}
		}, {
			"streams":	[{
					"socket":	7,
					"start":	9.005071,
					"end":	10.004922,
					"seconds":	0.99985098838806152,
					"bytes":	624589,
					"bits_per_second":	4997456.6790753417,
					"omitted":	false,
					"sender":	true
				}],
			"sum":	{
				"start":	9.005071,
				"end":	10.004922,
				"seconds":	0.99985098838806152,
				"bytes":	624589,
				"bits_per_second":	4997456.6790753417,
				"omitted":	false,
				"sender":	true
			}
		}],
	"end":	{
		"streams":	[{
				"sender":	{
					"socket":	7,
					"start":	0,
					"end":	10.004922,
					"seconds":	10.004922,
					"bytes":	5623702,
					"bits_per_second":	4496748.3004865,
					"sender":	true
				},
				"receiver":	{
					"socket":	7,
					"start":	0,
					"end":	10.004922,
					"seconds":	10.004922,
					"bytes":	5488679,
					"bits_per_second":	4388783.0409872262,
					"sender":	true
				}
			}],
		"sum_sent":	{
			"start":	0,
			"end":	10.004922,
			"seconds":	10.004922,
			"bytes":	5623702,
			"bits_per_second":	4496748.3004865,
			"sender":	true
		},
		"sum_received":	{
			"start":	0,
			"end":	10.004922,
			"seconds":	10.004922,
			"bytes":	5488679,
			"bits_per_second":	4388783.0409872262,
			"sender":	true
		},
		"cpu_utilization_percent":	{
			"host_total":	3.6584099281480151,
			"host_user":	0.90623960898801093,
			"host_system":	2.75213390937258,
			"remote_total":	0.031969,
			"remote_user":	0.009755,
			"remote_system":	0.022215
		}
	}
}
