{
	"start":	{
		"connected":	[{
				"socket":	7,
				"local_host":	"10.145.64.217",
				"local_port":	58752,
				"remote_host":	"62.210.18.40",
				"remote_port":	5208
			}],
		"version":	"iperf 3.7",
		"system_info":	"Darwin SAMAC135.local 18.0.0 Darwin Kernel Version 18.0.0: Wed Aug 22 20:13:40 PDT 2018; root:xnu-4903.201.2~1/RELEASE_X86_64 x86_64",
		"timestamp":	{
			"time":	"Wed, 11 Mar 2020 15:59:46 UTC",
			"timesecs":	1583942386
		},
		"connecting_to":	{
			"host":	"ping.online.net",
			"port":	5208
		},
		"cookie":	"visxcvrjjsyguan3lhhko32movubdtmim7yz",
		"tcp_mss_default":	1367,
		"sock_bufsize":	0,
		"sndbuf_actual":	131072,
		"rcvbuf_actual":	131072,
		"test_start":	{
			"protocol":	"TCP",
			"num_streams":	1,
			"blksize":	131072,
			"omit":	0,
			"duration":	10,
			"bytes":	0,
			"blocks":	0,
			"reverse":	0,
			"tos":	0
		}
	},
	"intervals":	[{
			"streams":	[{
					"socket":	7,
					"start":	0,
					"end":	1.004879,
					"seconds":	1.0048789978027344,
					"bytes":	181811,
					"bits_per_second":	1447426.0116694442,
					"omitted":	false,
					"sender":	true
				}],
			"sum":	{
				"start":	0,
				"end":	1.004879,
				"seconds":	1.0048789978027344,
				"bytes":	181811,
				"bits_per_second":	1447426.0116694442,
				"omitted":	false,
				"sender":	true
			}
		}, {
			"streams":	[{
					"socket":	7,
					"start":	1.004879,
					"end":	2.004885,
					"seconds":	1.0000059604644775,
					"bytes":	2658152,
					"bits_per_second":	21265089.250190914,
					"omitted":	false,
					"sender":	true
				}],
			"sum":	{
				"start":	1.004879,
				"end":	2.004885,
				"seconds":	1.0000059604644775,
				"bytes":	2658152,
				"bits_per_second":	21265089.250190914,
				"omitted":	false,
				"sender":	true
			}
		}, {
			"streams":	[{
					"socket":	7,
					"start":	2.004885,
					"end":	3.003215,
					"seconds":	0.99832999706268311,
					"bytes":	0,
					"bits_per_second":	0,
					"omitted":	false,
					"sender":	true
				}],
			"sum":	{
				"start":	2.004885,
				"end":	3.003215,
				"seconds":	0.99832999706268311,
				"bytes":	0,
				"bits_per_second":	0,
				"omitted":	false,
				"sender":	true
			}
		}, {
			"streams":	[{
					"socket":	7,
					"start":	3.003215,
					"end":	4.00391,
					"seconds":	1.0006949901580811,
					"bytes":	0,
					"bits_per_second":	0,
					"omitted":	false,
					"sender":	true
				}],
			"sum":	{
				"start":	3.003215,
				"end":	4.00391,
				"seconds":	1.0006949901580811,
				"bytes":	0,
				"bits_per_second":	0,
				"omitted":	false,
				"sender":	true
			}
		}, {
			"streams":	[{
					"socket":	7,
					"start":	4.00391,
					"end":	5.004635,
					"seconds":	1.0007250308990479,
					"bytes":	0,
					"bits_per_second":	0,
					"omitted":	false,
					"sender":	true
				}],
			"sum":	{
				"start":	4.00391,
				"end":	5.004635,
				"seconds":	1.0007250308990479,
				"bytes":	0,
				"bits_per_second":	0,
				"omitted":	false,
				"sender":	true
			}
		}, {
			"streams":	[{
					"socket":	7,
					"start":	5.004635,
					"end":	6.00408,
					"seconds":	0.99944502115249634,
					"bytes":	93459,
					"bits_per_second":	748087.17255685793,
					"omitted":	false,
					"sender":	true
				}],
			"sum":	{
				"start":	5.004635,
				"end":	6.00408,
				"seconds":	0.99944502115249634,
				"bytes":	93459,
				"bits_per_second":	748087.17255685793,
				"omitted":	false,
				"sender":	true
			}
		}, {
			"streams":	[{
					"socket":	7,
					"start":	6.00408,
					"end":	7.004227,
					"seconds":	1.0001469850540161,
					"bytes":	221454,
					"bits_per_second":	1771371.6348445697,
					"omitted":	false,
					"sender":	true
				}],
			"sum":	{
				"start":	6.00408,
				"end":	7.004227,
				"seconds":	1.0001469850540161,
				"bytes":	221454,
				"bits_per_second":	1771371.6348445697,
				"omitted":	false,
				"sender":	true
			}
		}, {
			"streams":	[{
					"socket":	7,
					"start":	7.004227,
					"end":	8.004061,
					"seconds":	0.99983400106430054,
					"bytes":	405919,
					"bits_per_second":	3247891.1464735824,
					"omitted":	false,
					"sender":	true
				}],
			"sum":	{
				"start":	7.004227,
				"end":	8.004061,
				"seconds":	0.99983400106430054,
				"bytes":	405919,
				"bits_per_second":	3247891.1464735824,
				"omitted":	false,
				"sender":	true
			}
		}, {
			"streams":	[{
					"socket":	7,
					"start":	8.004061,
					"end":	9.003339,
					"seconds":	0.99927800893783569,
					"bytes":	660131,
					"bits_per_second":	5284863.6243015034,
					"omitted":	false,
					"sender":	true
				}],
			"sum":	{
				"start":	8.004061,
				"end":	9.003339,
				"seconds":	0.99927800893783569,
				"bytes":	660131,
				"bits_per_second":	5284863.6243015034,
				"omitted":	false,
				"sender":	true
			}
		}, {
			"streams":	[{
					"socket":	7,
					"start":	9.003339,
					"end":	10.003717,
					"seconds":	1.0003780126571655,
					"bytes":	997740,
					"bits_per_second":	7978903.8733455688,
					"omitted":	false,
					"sender":	true
				}],
			"sum":	{
				"start":	9.003339,
				"end":	10.003717,
				"seconds":	1.0003780126571655,
				"bytes":	997740,
				"bits_per_second":	7978903.8733455688,
				"omitted":	false,
				"sender":	true
			}
		}],
	"end":	{
		"streams":	[{
				"sender":	{
					"socket":	7,
					"start":	0,
					"end":	10.003717,
					"seconds":	10.003717,
					"bytes":	5218666,
					"bits_per_second":	4173381.55407635,
					"sender":	true
				},
				"receiver":	{
					"socket":	7,
					"start":	0,
					"end":	10.003717,
					"seconds":	10.003717,
					"bytes":	4993651,
					"bits_per_second":	3993436.4396753726,
					"sender":	true
				}
			}],
		"sum_sent":	{
			"start":	0,
			"end":	10.003717,
			"seconds":	10.003717,
			"bytes":	5218666,
			"bits_per_second":	4173381.55407635,
			"sender":	true
		},
		"sum_received":	{
			"start":	0,
			"end":	10.003717,
			"seconds":	10.003717,
			"bytes":	4993651,
			"bits_per_second":	3993436.4396753726,
			"sender":	true
		},
		"cpu_utilization_percent":	{
			"host_total":	3.6611825093249277,
			"host_user":	0.91827962248120576,
			"host_system":	2.742811980670075,
			"remote_total":	0.036291,
			"remote_user":	9.9e-05,
			"remote_system":	0.036191
		}
	}
}
