{
	"start":	{
		"connected":	[{
				"socket":	7,
				"local_host":	"10.145.64.217",
				"local_port":	58330,
				"remote_host":	"62.210.18.40",
				"remote_port":	5208
			}],
		"version":	"iperf 3.7",
		"system_info":	"Darwin SAMAC135.local 18.0.0 Darwin Kernel Version 18.0.0: Wed Aug 22 20:13:40 PDT 2018; root:xnu-4903.201.2~1/RELEASE_X86_64 x86_64",
		"timestamp":	{
			"time":	"Wed, 11 Mar 2020 15:39:11 UTC",
			"timesecs":	1583941151
		},
		"connecting_to":	{
			"host":	"ping.online.net",
			"port":	5208
		},
		"cookie":	"yc4e4aufg6gfk55c6clurillukxtl4fnpmrf",
		"tcp_mss_default":	1367,
		"sock_bufsize":	0,
		"sndbuf_actual":	131072,
		"rcvbuf_actual":	131072,
		"test_start":	{
			"protocol":	"TCP",
			"num_streams":	1,
			"blksize":	131072,
			"omit":	0,
			"duration":	10,
			"bytes":	0,
			"blocks":	0,
			"reverse":	0,
			"tos":	0
		}
	},
	"intervals":	[{
			"streams":	[{
					"socket":	7,
					"start":	0,
					"end":	1.003754,
					"seconds":	1.0037540197372437,
					"bytes":	192747,
					"bits_per_second":	1536209.04093978,
					"omitted":	false,
					"sender":	true
				}],
			"sum":	{
				"start":	0,
				"end":	1.003754,
				"seconds":	1.0037540197372437,
				"bytes":	192747,
				"bits_per_second":	1536209.04093978,
				"omitted":	false,
				"sender":	true
			}
		}, {
			"streams":	[{
					"socket":	7,
					"start":	1.003754,
					"end":	2.004742,
					"seconds":	1.0009880065917969,
					"bytes":	2815367,
					"bits_per_second":	22500705.154986795,
					"omitted":	false,
					"sender":	true
				}],
			"sum":	{
				"start":	1.003754,
				"end":	2.004742,
				"seconds":	1.0009880065917969,
				"bytes":	2815367,
				"bits_per_second":	22500705.154986795,
				"omitted":	false,
				"sender":	true
			}
		}, {
			"streams":	[{
					"socket":	7,
					"start":	2.004742,
					"end":	3.003692,
					"seconds":	0.99895000457763672,
					"bytes":	0,
					"bits_per_second":	0,
					"omitted":	false,
					"sender":	true
				}],
			"sum":	{
				"start":	2.004742,
				"end":	3.003692,
				"seconds":	0.99895000457763672,
				"bytes":	0,
				"bits_per_second":	0,
				"omitted":	false,
				"sender":	true
			}
		}, {
			"streams":	[{
					"socket":	7,
					"start":	3.003692,
					"end":	4.003494,
					"seconds":	0.99980199337005615,
					"bytes":	0,
					"bits_per_second":	0,
					"omitted":	false,
					"sender":	true
				}],
			"sum":	{
				"start":	3.003692,
				"end":	4.003494,
				"seconds":	0.99980199337005615,
				"bytes":	0,
				"bits_per_second":	0,
				"omitted":	false,
				"sender":	true
			}
		}, {
			"streams":	[{
					"socket":	7,
					"start":	4.003494,
					"end":	5.002093,
					"seconds":	0.99859899282455444,
					"bytes":	0,
					"bits_per_second":	0,
					"omitted":	false,
					"sender":	true
				}],
			"sum":	{
				"start":	4.003494,
				"end":	5.002093,
				"seconds":	0.99859899282455444,
				"bytes":	0,
				"bits_per_second":	0,
				"omitted":	false,
				"sender":	true
			}
		}, {
			"streams":	[{
					"socket":	7,
					"start":	5.002093,
					"end":	6.002748,
					"seconds":	1.0006550550460815,
					"bytes":	29200,
					"bits_per_second":	233447.07931270322,
					"omitted":	false,
					"sender":	true
				}],
			"sum":	{
				"start":	5.002093,
				"end":	6.002748,
				"seconds":	1.0006550550460815,
				"bytes":	29200,
				"bits_per_second":	233447.07931270322,
				"omitted":	false,
				"sender":	true
			}
		}, {
			"streams":	[{
					"socket":	7,
					"start":	6.002748,
					"end":	7.002799,
					"seconds":	1.0000510215759277,
					"bytes":	188646,
					"bits_per_second":	1509091.0037987679,
					"omitted":	false,
					"sender":	true
				}],
			"sum":	{
				"start":	6.002748,
				"end":	7.002799,
				"seconds":	1.0000510215759277,
				"bytes":	188646,
				"bits_per_second":	1509091.0037987679,
				"omitted":	false,
				"sender":	true
			}
		}, {
			"streams":	[{
					"socket":	7,
					"start":	7.002799,
					"end":	8.00264,
					"seconds":	0.99984097480773926,
					"bytes":	382690,
					"bits_per_second":	3062006.9362417394,
					"omitted":	false,
					"sender":	true
				}],
			"sum":	{
				"start":	7.002799,
				"end":	8.00264,
				"seconds":	0.99984097480773926,
				"bytes":	382690,
				"bits_per_second":	3062006.9362417394,
				"omitted":	false,
				"sender":	true
			}
		}, {
			"streams":	[{
					"socket":	7,
					"start":	8.00264,
					"end":	9.001577,
					"seconds":	0.99893701076507568,
					"bytes":	815939,
					"bits_per_second":	6534458.0585723268,
					"omitted":	false,
					"sender":	true
				}],
			"sum":	{
				"start":	8.00264,
				"end":	9.001577,
				"seconds":	0.99893701076507568,
				"bytes":	815939,
				"bits_per_second":	6534458.0585723268,
				"omitted":	false,
				"sender":	true
			}
		}, {
			"streams":	[{
					"socket":	7,
					"start":	9.001577,
					"end":	10.004588,
					"seconds":	1.0030109882354736,
					"bytes":	1067447,
					"bits_per_second":	8513940.6249407828,
					"omitted":	false,
					"sender":	true
				}],
			"sum":	{
				"start":	9.001577,
				"end":	10.004588,
				"seconds":	1.0030109882354736,
				"bytes":	1067447,
				"bits_per_second":	8513940.6249407828,
				"omitted":	false,
				"sender":	true
			}
		}],
	"end":	{
		"streams":	[{
				"sender":	{
					"socket":	7,
					"start":	0,
					"end":	10.004588,
					"seconds":	10.004588,
					"bytes":	5492036,
					"bits_per_second":	4391613.9275300493,
					"sender":	true
				},
				"receiver":	{
					"socket":	7,
					"start":	0,
					"end":	10.004588,
					"seconds":	10.004588,
					"bytes":	5257482,
					"bits_per_second":	4204056.7787499093,
					"sender":	true
				}
			}],
		"sum_sent":	{
			"start":	0,
			"end":	10.004588,
			"seconds":	10.004588,
			"bytes":	5492036,
			"bits_per_second":	4391613.9275300493,
			"sender":	true
		},
		"sum_received":	{
			"start":	0,
			"end":	10.004588,
			"seconds":	10.004588,
			"bytes":	5257482,
			"bits_per_second":	4204056.7787499093,
			"sender":	true
		},
		"cpu_utilization_percent":	{
			"host_total":	3.7138337353792945,
			"host_user":	0.940012569077792,
			"host_system":	2.7737300992257752,
			"remote_total":	0.016582,
			"remote_user":	0.004725,
			"remote_system":	0.011856
		}
	}
}
