{
	"start":	{
		"connected":	[{
				"socket":	7,
				"local_host":	"10.145.64.217",
				"local_port":	58254,
				"remote_host":	"62.210.18.40",
				"remote_port":	5208
			}],
		"version":	"iperf 3.7",
		"system_info":	"Darwin SAMAC135.local 18.0.0 Darwin Kernel Version 18.0.0: Wed Aug 22 20:13:40 PDT 2018; root:xnu-4903.201.2~1/RELEASE_X86_64 x86_64",
		"timestamp":	{
			"time":	"Wed, 11 Mar 2020 15:35:39 UTC",
			"timesecs":	1583940939
		},
		"connecting_to":	{
			"host":	"ping.online.net",
			"port":	5208
		},
		"cookie":	"sm37sszvksxr23na4pud7kqbo5do7ixn56yd",
		"tcp_mss_default":	1367,
		"sock_bufsize":	0,
		"sndbuf_actual":	131072,
		"rcvbuf_actual":	131072,
		"test_start":	{
			"protocol":	"TCP",
			"num_streams":	1,
			"blksize":	131072,
			"omit":	0,
			"duration":	10,
			"bytes":	0,
			"blocks":	0,
			"reverse":	0,
			"tos":	0
		}
	},
	"intervals":	[{
			"streams":	[{
					"socket":	7,
					"start":	0,
					"end":	1.00494,
					"seconds":	1.0049400329589844,
					"bytes":	207764,
					"bits_per_second":	1653941.4746032287,
					"omitted":	false,
					"sender":	true
				}],
			"sum":	{
				"start":	0,
				"end":	1.00494,
				"seconds":	1.0049400329589844,
				"bytes":	207764,
				"bits_per_second":	1653941.4746032287,
				"omitted":	false,
				"sender":	true
			}
		}, {
			"streams":	[{
					"socket":	7,
					"start":	1.00494,
					"end":	2.003522,
					"seconds":	0.99858200550079346,
					"bytes":	3151129,
					"bits_per_second":	25244829.0286961,
					"omitted":	false,
					"sender":	true
				}],
			"sum":	{
				"start":	1.00494,
				"end":	2.003522,
				"seconds":	0.99858200550079346,
				"bytes":	3151129,
				"bits_per_second":	25244829.0286961,
				"omitted":	false,
				"sender":	true
			}
		}, {
			"streams":	[{
					"socket":	7,
					"start":	2.003522,
					"end":	3.00175,
					"seconds":	0.99822801351547241,
					"bytes":	4547902,
					"bits_per_second":	36447801.010781854,
					"omitted":	false,
					"sender":	true
				}],
			"sum":	{
				"start":	2.003522,
				"end":	3.00175,
				"seconds":	0.99822801351547241,
				"bytes":	4547902,
				"bits_per_second":	36447801.010781854,
				"omitted":	false,
				"sender":	true
			}
		}, {
			"streams":	[{
					"socket":	7,
					"start":	3.00175,
					"end":	4.004663,
					"seconds":	1.0029129981994629,
					"bytes":	3812763,
					"bits_per_second":	30413509.501582544,
					"omitted":	false,
					"sender":	true
				}],
			"sum":	{
				"start":	3.00175,
				"end":	4.004663,
				"seconds":	1.0029129981994629,
				"bytes":	3812763,
				"bits_per_second":	30413509.501582544,
				"omitted":	false,
				"sender":	true
			}
		}, {
			"streams":	[{
					"socket":	7,
					"start":	4.004663,
					"end":	5.000251,
					"seconds":	0.99558800458908081,
					"bytes":	5388514,
					"bits_per_second":	43299147.640687428,
					"omitted":	false,
					"sender":	true
				}],
			"sum":	{
				"start":	4.004663,
				"end":	5.000251,
				"seconds":	0.99558800458908081,
				"bytes":	5388514,
				"bits_per_second":	43299147.640687428,
				"omitted":	false,
				"sender":	true
			}
		}, {
			"streams":	[{
					"socket":	7,
					"start":	5.000251,
					"end":	6.00234,
					"seconds":	1.0020890235900879,
					"bytes":	3304389,
					"bits_per_second":	26380003.550276868,
					"omitted":	false,
					"sender":	true
				}],
			"sum":	{
				"start":	5.000251,
				"end":	6.00234,
				"seconds":	1.0020890235900879,
				"bytes":	3304389,
				"bits_per_second":	26380003.550276868,
				"omitted":	false,
				"sender":	true
			}
		}, {
			"streams":	[{
					"socket":	7,
					"start":	6.00234,
					"end":	7.001101,
					"seconds":	0.998760998249054,
					"bytes":	4033867,
					"bits_per_second":	32310969.347596437,
					"omitted":	false,
					"sender":	true
				}],
			"sum":	{
				"start":	6.00234,
				"end":	7.001101,
				"seconds":	0.998760998249054,
				"bytes":	4033867,
				"bits_per_second":	32310969.347596437,
				"omitted":	false,
				"sender":	true
			}
		}, {
			"streams":	[{
					"socket":	7,
					"start":	7.001101,
					"end":	8.001366,
					"seconds":	1.0002650022506714,
					"bytes":	4309991,
					"bits_per_second":	34470793.162229583,
					"omitted":	false,
					"sender":	true
				}],
			"sum":	{
				"start":	7.001101,
				"end":	8.001366,
				"seconds":	1.0002650022506714,
				"bytes":	4309991,
				"bits_per_second":	34470793.162229583,
				"omitted":	false,
				"sender":	true
			}
		}, {
			"streams":	[{
					"socket":	7,
					"start":	8.001366,
					"end":	9.000092,
					"seconds":	0.9987260103225708,
					"bytes":	4587612,
					"bits_per_second":	36747712.20601961,
					"omitted":	false,
					"sender":	true
				}],
			"sum":	{
				"start":	8.001366,
				"end":	9.000092,
				"seconds":	0.9987260103225708,
				"bytes":	4587612,
				"bits_per_second":	36747712.20601961,
				"omitted":	false,
				"sender":	true
			}
		}, {
			"streams":	[{
					"socket":	7,
					"start":	9.000092,
					"end":	10.001153,
					"seconds":	1.001060962677002,
					"bytes":	5236887,
					"bits_per_second":	41850693.975685164,
					"omitted":	false,
					"sender":	true
				}],
			"sum":	{
				"start":	9.000092,
				"end":	10.001153,
				"seconds":	1.001060962677002,
				"bytes":	5236887,
				"bits_per_second":	41850693.975685164,
				"omitted":	false,
				"sender":	true
			}
		}],
	"end":	{
		"streams":	[{
				"sender":	{
					"socket":	7,
					"start":	0,
					"end":	10.001153,
					"seconds":	10.001153,
					"bytes":	38580818,
					"bits_per_second":	30861096.115617868,
					"sender":	true
				},
				"receiver":	{
					"socket":	7,
					"start":	0,
					"end":	10.001153,
					"seconds":	10.001153,
					"bytes":	37614372,
					"bits_per_second":	30088028.450319678,
					"sender":	true
				}
			}],
		"sum_sent":	{
			"start":	0,
			"end":	10.001153,
			"seconds":	10.001153,
			"bytes":	38580818,
			"bits_per_second":	30861096.115617868,
			"sender":	true
		},
		"sum_received":	{
			"start":	0,
			"end":	10.001153,
			"seconds":	10.001153,
			"bytes":	37614372,
			"bits_per_second":	30088028.450319678,
			"sender":	true
		},
		"cpu_utilization_percent":	{
			"host_total":	6.0863181834443676,
			"host_user":	1.2801136139778524,
			"host_system":	4.8061049398622124,
			"remote_total":	0.639058,
			"remote_user":	0.073413,
			"remote_system":	0.565647
		}
	}
}
