{
	"start":	{
		"connected":	[{
				"socket":	7,
				"local_host":	"10.145.64.217",
				"local_port":	58118,
				"remote_host":	"62.210.18.40",
				"remote_port":	5208
			}],
		"version":	"iperf 3.7",
		"system_info":	"Darwin SAMAC135.local 18.0.0 Darwin Kernel Version 18.0.0: Wed Aug 22 20:13:40 PDT 2018; root:xnu-4903.201.2~1/RELEASE_X86_64 x86_64",
		"timestamp":	{
			"time":	"Wed, 11 Mar 2020 15:29:00 UTC",
			"timesecs":	1583940540
		},
		"connecting_to":	{
			"host":	"ping.online.net",
			"port":	5208
		},
		"cookie":	"dreknkh5ifgh3ycslq5rojasy4s6tm34wfqz",
		"tcp_mss_default":	1367,
		"sock_bufsize":	0,
		"sndbuf_actual":	131072,
		"rcvbuf_actual":	131072,
		"test_start":	{
			"protocol":	"TCP",
			"num_streams":	1,
			"blksize":	131072,
			"omit":	0,
			"duration":	10,
			"bytes":	0,
			"blocks":	0,
			"reverse":	0,
			"tos":	0
		}
	},
	"intervals":	[{
			"streams":	[{
					"socket":	7,
					"start":	0,
					"end":	1.003436,
					"seconds":	1.0034359693527222,
					"bytes":	177710,
					"bits_per_second":	1416811.8778092745,
					"omitted":	false,
					"sender":	true
				}],
			"sum":	{
				"start":	0,
				"end":	1.003436,
				"seconds":	1.0034359693527222,
				"bytes":	177710,
				"bits_per_second":	1416811.8778092745,
				"omitted":	false,
				"sender":	true
			}
		}, {
			"streams":	[{
					"socket":	7,
					"start":	1.003436,
					"end":	2.00467,
					"seconds":	1.0012340545654297,
					"bytes":	2514857,
					"bits_per_second":	20094058.834956709,
					"omitted":	false,
					"sender":	true
				}],
			"sum":	{
				"start":	1.003436,
				"end":	2.00467,
				"seconds":	1.0012340545654297,
				"bytes":	2514857,
				"bits_per_second":	20094058.834956709,
				"omitted":	false,
				"sender":	true
			}
		}, {
			"streams":	[{
					"socket":	7,
					"start":	2.00467,
					"end":	3.001742,
					"seconds":	0.99707198143005371,
					"bytes":	1013544,
					"bits_per_second":	8132163.1246427866,
					"omitted":	false,
					"sender":	true
				}],
			"sum":	{
				"start":	2.00467,
				"end":	3.001742,
				"seconds":	0.99707198143005371,
				"bytes":	1013544,
				"bits_per_second":	8132163.1246427866,
				"omitted":	false,
				"sender":	true
			}
		}, {
			"streams":	[{
					"socket":	7,
					"start":	3.001742,
					"end":	4.004679,
					"seconds":	1.0029369592666626,
					"bytes":	144742,
					"bits_per_second":	1154545.1479290095,
					"omitted":	false,
					"sender":	true
				}],
			"sum":	{
				"start":	3.001742,
				"end":	4.004679,
				"seconds":	1.0029369592666626,
				"bytes":	144742,
				"bits_per_second":	1154545.1479290095,
				"omitted":	false,
				"sender":	true
			}
		}, {
			"streams":	[{
					"socket":	7,
					"start":	4.004679,
					"end":	5.004999,
					"seconds":	1.0003199577331543,
					"bytes":	46478,
					"bits_per_second":	371705.07008837257,
					"omitted":	false,
					"sender":	true
				}],
			"sum":	{
				"start":	4.004679,
				"end":	5.004999,
				"seconds":	1.0003199577331543,
				"bytes":	46478,
				"bits_per_second":	371705.07008837257,
				"omitted":	false,
				"sender":	true
			}
		}, {
			"streams":	[{
					"socket":	7,
					"start":	5.004999,
					"end":	6.002789,
					"seconds":	0.99778997898101807,
					"bytes":	103892,
					"bits_per_second":	832976.89644947974,
					"omitted":	false,
					"sender":	true
				}],
			"sum":	{
				"start":	5.004999,
				"end":	6.002789,
				"seconds":	0.99778997898101807,
				"bytes":	103892,
				"bits_per_second":	832976.89644947974,
				"omitted":	false,
				"sender":	true
			}
		}, {
			"streams":	[{
					"socket":	7,
					"start":	6.002789,
					"end":	7.003456,
					"seconds":	1.0006669759750366,
					"bytes":	121663,
					"bits_per_second":	972655.26230804762,
					"omitted":	false,
					"sender":	true
				}],
			"sum":	{
				"start":	6.002789,
				"end":	7.003456,
				"seconds":	1.0006669759750366,
				"bytes":	121663,
				"bits_per_second":	972655.26230804762,
				"omitted":	false,
				"sender":	true
			}
		}, {
			"streams":	[{
					"socket":	7,
					"start":	7.003456,
					"end":	8.003367,
					"seconds":	0.99991101026535034,
					"bytes":	199582,
					"bits_per_second":	1596798.0986390871,
					"omitted":	false,
					"sender":	true
				}],
			"sum":	{
				"start":	7.003456,
				"end":	8.003367,
				"seconds":	0.99991101026535034,
				"bytes":	199582,
				"bits_per_second":	1596798.0986390871,
				"omitted":	false,
				"sender":	true
			}
		}, {
			"streams":	[{
					"socket":	7,
					"start":	8.003367,
					"end":	9.004371,
					"seconds":	1.0010039806365967,
					"bytes":	523451,
					"bits_per_second":	4183407.9394338238,
					"omitted":	false,
					"sender":	true
				}],
			"sum":	{
				"start":	8.003367,
				"end":	9.004371,
				"seconds":	1.0010039806365967,
				"bytes":	523451,
				"bits_per_second":	4183407.9394338238,
				"omitted":	false,
				"sender":	true
			}
		}, {
			"streams":	[{
					"socket":	7,
					"start":	9.004371,
					"end":	10.003054,
					"seconds":	0.998682975769043,
					"bytes":	705242,
					"bits_per_second":	5649376.3655632427,
					"omitted":	false,
					"sender":	true
				}],
			"sum":	{
				"start":	9.004371,
				"end":	10.003054,
				"seconds":	0.998682975769043,
				"bytes":	705242,
				"bits_per_second":	5649376.3655632427,
				"omitted":	false,
				"sender":	true
			}
		}],
	"end":	{
		"streams":	[{
				"sender":	{
					"socket":	7,
					"start":	0,
					"end":	10.003054,
					"seconds":	10.003054,
					"bytes":	5551161,
					"bits_per_second":	4439572.95441972,
					"sender":	true
				},
				"receiver":	{
					"socket":	7,
					"start":	0,
					"end":	10.003054,
					"seconds":	10.003054,
					"bytes":	5377952,
					"bits_per_second":	4301048.0599225,
					"sender":	true
				}
			}],
		"sum_sent":	{
			"start":	0,
			"end":	10.003054,
			"seconds":	10.003054,
			"bytes":	5551161,
			"bits_per_second":	4439572.95441972,
			"sender":	true
		},
		"sum_received":	{
			"start":	0,
			"end":	10.003054,
			"seconds":	10.003054,
			"bytes":	5377952,
			"bits_per_second":	4301048.0599225,
			"sender":	true
		},
		"cpu_utilization_percent":	{
			"host_total":	3.6825369687385043,
			"host_user":	0.92066152454753336,
			"host_system":	2.76178450298128,
			"remote_total":	0.046892,
			"remote_user":	0,
			"remote_system":	0.046896
		}
	}
}
