{
	"start":	{
		"connected":	[{
				"socket":	7,
				"local_host":	"10.145.64.217",
				"local_port":	57926,
				"remote_host":	"62.210.18.40",
				"remote_port":	5208
			}],
		"version":	"iperf 3.7",
		"system_info":	"Darwin SAMAC135.local 18.0.0 Darwin Kernel Version 18.0.0: Wed Aug 22 20:13:40 PDT 2018; root:xnu-4903.201.2~1/RELEASE_X86_64 x86_64",
		"timestamp":	{
			"time":	"Wed, 11 Mar 2020 15:22:06 UTC",
			"timesecs":	1583940126
		},
		"connecting_to":	{
			"host":	"ping.online.net",
			"port":	5208
		},
		"cookie":	"4qsfp4f54labnkyhafntdn43djnsyu6pieho",
		"tcp_mss_default":	1367,
		"sock_bufsize":	0,
		"sndbuf_actual":	131072,
		"rcvbuf_actual":	131072,
		"test_start":	{
			"protocol":	"TCP",
			"num_streams":	1,
			"blksize":	131072,
			"omit":	0,
			"duration":	10,
			"bytes":	0,
			"blocks":	0,
			"reverse":	0,
			"tos":	0
		}
	},
	"intervals":	[{
			"streams":	[{
					"socket":	7,
					"start":	0,
					"end":	1.004174,
					"seconds":	1.0041739940643311,
					"bytes":	159939,
					"bits_per_second":	1274193.5237948711,
					"omitted":	false,
					"sender":	true
				}],
			"sum":	{
				"start":	0,
				"end":	1.004174,
				"seconds":	1.0041739940643311,
				"bytes":	159939,
				"bits_per_second":	1274193.5237948711,
				"omitted":	false,
				"sender":	true
			}
		}, {
			"streams":	[{
					"socket":	7,
					"start":	1.004174,
					"end":	2.002652,
					"seconds":	0.9984779953956604,
					"bytes":	1651663,
					"bits_per_second":	13233445.364776466,
					"omitted":	false,
					"sender":	true
				}],
			"sum":	{
				"start":	1.004174,
				"end":	2.002652,
				"seconds":	0.9984779953956604,
				"bytes":	1651663,
				"bits_per_second":	13233445.364776466,
				"omitted":	false,
				"sender":	true
			}
		}, {
			"streams":	[{
					"socket":	7,
					"start":	2.002652,
					"end":	3.001868,
					"seconds":	0.99921602010726929,
					"bytes":	4359163,
					"bits_per_second":	34900665.419932149,
					"omitted":	false,
					"sender":	true
				}],
			"sum":	{
				"start":	2.002652,
				"end":	3.001868,
				"seconds":	0.99921602010726929,
				"bytes":	4359163,
				"bits_per_second":	34900665.419932149,
				"omitted":	false,
				"sender":	true
			}
		}, {
			"streams":	[{
					"socket":	7,
					"start":	3.001868,
					"end":	4.002538,
					"seconds":	1.0006699562072754,
					"bytes":	5083723,
					"bits_per_second":	40642555.267818794,
					"omitted":	false,
					"sender":	true
				}],
			"sum":	{
				"start":	3.001868,
				"end":	4.002538,
				"seconds":	1.0006699562072754,
				"bytes":	5083723,
				"bits_per_second":	40642555.267818794,
				"omitted":	false,
				"sender":	true
			}
		}, {
			"streams":	[{
					"socket":	7,
					"start":	4.002538,
					"end":	5.003519,
					"seconds":	1.0009809732437134,
					"bytes":	5310992,
					"bits_per_second":	42446297.3180363,
					"omitted":	false,
					"sender":	true
				}],
			"sum":	{
				"start":	4.002538,
				"end":	5.003519,
				"seconds":	1.0009809732437134,
				"bytes":	5310992,
				"bits_per_second":	42446297.3180363,
				"omitted":	false,
				"sender":	true
			}
		}, {
			"streams":	[{
					"socket":	7,
					"start":	5.003519,
					"end":	6.000231,
					"seconds":	0.99671202898025513,
					"bytes":	5570525,
					"bits_per_second":	44711209.159975752,
					"omitted":	false,
					"sender":	true
				}],
			"sum":	{
				"start":	5.003519,
				"end":	6.000231,
				"seconds":	0.99671202898025513,
				"bytes":	5570525,
				"bits_per_second":	44711209.159975752,
				"omitted":	false,
				"sender":	true
			}
		}, {
			"streams":	[{
					"socket":	7,
					"start":	6.000231,
					"end":	7.004403,
					"seconds":	1.0041719675064087,
					"bytes":	5731831,
					"bits_per_second":	45664138.697147362,
					"omitted":	false,
					"sender":	true
				}],
			"sum":	{
				"start":	6.000231,
				"end":	7.004403,
				"seconds":	1.0041719675064087,
				"bytes":	5731831,
				"bits_per_second":	45664138.697147362,
				"omitted":	false,
				"sender":	true
			}
		}, {
			"streams":	[{
					"socket":	7,
					"start":	7.004403,
					"end":	8.000095,
					"seconds":	0.99569201469421387,
					"bytes":	5309428,
					"bits_per_second":	42659199.203324527,
					"omitted":	false,
					"sender":	true
				}],
			"sum":	{
				"start":	7.004403,
				"end":	8.000095,
				"seconds":	0.99569201469421387,
				"bytes":	5309428,
				"bits_per_second":	42659199.203324527,
				"omitted":	false,
				"sender":	true
			}
		}, {
			"streams":	[{
					"socket":	7,
					"start":	8.000095,
					"end":	9.001152,
					"seconds":	1.0010570287704468,
					"bytes":	5301226,
					"bits_per_second":	42365026.947655573,
					"omitted":	false,
					"sender":	true
				}],
			"sum":	{
				"start":	8.000095,
				"end":	9.001152,
				"seconds":	1.0010570287704468,
				"bytes":	5301226,
				"bits_per_second":	42365026.947655573,
				"omitted":	false,
				"sender":	true
			}
		}, {
			"streams":	[{
					"socket":	7,
					"start":	9.001152,
					"end":	10.000243,
					"seconds":	0.99909102916717529,
					"bytes":	6120059,
					"bits_per_second":	49005016.130324572,
					"omitted":	false,
					"sender":	true
				}],
			"sum":	{
				"start":	9.001152,
				"end":	10.000243,
				"seconds":	0.99909102916717529,
				"bytes":	6120059,
				"bits_per_second":	49005016.130324572,
				"omitted":	false,
				"sender":	true
			}
		}],
	"end":	{
		"streams":	[{
				"sender":	{
					"socket":	7,
					"start":	0,
					"end":	10.000243,
					"seconds":	10.000243,
					"bytes":	44598549,
					"bits_per_second":	35677972.225274928,
					"sender":	true
				},
				"receiver":	{
					"socket":	7,
					"start":	0,
					"end":	10.000243,
					"seconds":	10.000243,
					"bytes":	43675650,
					"bits_per_second":	34939670.965995528,
					"sender":	true
				}
			}],
		"sum_sent":	{
			"start":	0,
			"end":	10.000243,
			"seconds":	10.000243,
			"bytes":	44598549,
			"bits_per_second":	35677972.225274928,
			"sender":	true
		},
		"sum_received":	{
			"start":	0,
			"end":	10.000243,
			"seconds":	10.000243,
			"bytes":	43675650,
			"bits_per_second":	34939670.965995528,
			"sender":	true
		},
		"cpu_utilization_percent":	{
			"host_total":	7.6748028596946742,
			"host_user":	1.6731215071729495,
			"host_system":	6.0015753737935977,
			"remote_total":	0.689031,
			"remote_user":	0.041326,
			"remote_system":	0.647708
		}
	}
}
