{
	"start":	{
		"connected":	[{
				"socket":	7,
				"local_host":	"10.145.64.217",
				"local_port":	57994,
				"remote_host":	"62.210.18.40",
				"remote_port":	5208
			}],
		"version":	"iperf 3.7",
		"system_info":	"Darwin SAMAC135.local 18.0.0 Darwin Kernel Version 18.0.0: Wed Aug 22 20:13:40 PDT 2018; root:xnu-4903.201.2~1/RELEASE_X86_64 x86_64",
		"timestamp":	{
			"time":	"Wed, 11 Mar 2020 15:25:39 UTC",
			"timesecs":	1583940339
		},
		"connecting_to":	{
			"host":	"ping.online.net",
			"port":	5208
		},
		"cookie":	"d6fjx5kdbmv6ds54nizuuzugxxytuyaxxjmg",
		"tcp_mss_default":	1367,
		"sock_bufsize":	0,
		"sndbuf_actual":	131072,
		"rcvbuf_actual":	131072,
		"test_start":	{
			"protocol":	"TCP",
			"num_streams":	1,
			"blksize":	131072,
			"omit":	0,
			"duration":	10,
			"bytes":	0,
			"blocks":	0,
			"reverse":	0,
			"tos":	0
		}
	},
	"intervals":	[{
			"streams":	[{
					"socket":	7,
					"start":	0,
					"end":	1.00454,
					"seconds":	1.004539966583252,
					"bytes":	190013,
					"bits_per_second":	1513233.9683510445,
					"omitted":	false,
					"sender":	true
				}],
			"sum":	{
				"start":	0,
				"end":	1.00454,
				"seconds":	1.004539966583252,
				"bytes":	190013,
				"bits_per_second":	1513233.9683510445,
				"omitted":	false,
				"sender":	true
			}
		}, {
			"streams":	[{
					"socket":	7,
					"start":	1.00454,
					"end":	2.004564,
					"seconds":	1.0000239610671997,
					"bytes":	2344152,
					"bits_per_second":	18752766.66369779,
					"omitted":	false,
					"sender":	true
				}],
			"sum":	{
				"start":	1.00454,
				"end":	2.004564,
				"seconds":	1.0000239610671997,
				"bytes":	2344152,
				"bits_per_second":	18752766.66369779,
				"omitted":	false,
				"sender":	true
			}
		}, {
			"streams":	[{
					"socket":	7,
					"start":	2.004564,
					"end":	3.004194,
					"seconds":	0.99962997436523438,
					"bytes":	3687429,
					"bits_per_second":	29510351.586577982,
					"omitted":	false,
					"sender":	true
				}],
			"sum":	{
				"start":	2.004564,
				"end":	3.004194,
				"seconds":	0.99962997436523438,
				"bytes":	3687429,
				"bits_per_second":	29510351.586577982,
				"omitted":	false,
				"sender":	true
			}
		}, {
			"streams":	[{
					"socket":	7,
					"start":	3.004194,
					"end":	4.004869,
					"seconds":	1.0006749629974365,
					"bytes":	4839020,
					"bits_per_second":	38686048.348847486,
					"omitted":	false,
					"sender":	true
				}],
			"sum":	{
				"start":	3.004194,
				"end":	4.004869,
				"seconds":	1.0006749629974365,
				"bytes":	4839020,
				"bits_per_second":	38686048.348847486,
				"omitted":	false,
				"sender":	true
			}
		}, {
			"streams":	[{
					"socket":	7,
					"start":	4.004869,
					"end":	5.0043,
					"seconds":	0.99943101406097412,
					"bytes":	4244455,
					"bits_per_second":	33974971.280937664,
					"omitted":	false,
					"sender":	true
				}],
			"sum":	{
				"start":	4.004869,
				"end":	5.0043,
				"seconds":	0.99943101406097412,
				"bytes":	4244455,
				"bits_per_second":	33974971.280937664,
				"omitted":	false,
				"sender":	true
			}
		}, {
			"streams":	[{
					"socket":	7,
					"start":	5.0043,
					"end":	6.001954,
					"seconds":	0.9976540207862854,
					"bytes":	4437162,
					"bits_per_second":	35580767.741529636,
					"omitted":	false,
					"sender":	true
				}],
			"sum":	{
				"start":	5.0043,
				"end":	6.001954,
				"seconds":	0.9976540207862854,
				"bytes":	4437162,
				"bits_per_second":	35580767.741529636,
				"omitted":	false,
				"sender":	true
			}
		}, {
			"streams":	[{
					"socket":	7,
					"start":	6.001954,
					"end":	7.002635,
					"seconds":	1.0006810426712036,
					"bytes":	5491019,
					"bits_per_second":	43898255.414871074,
					"omitted":	false,
					"sender":	true
				}],
			"sum":	{
				"start":	6.001954,
				"end":	7.002635,
				"seconds":	1.0006810426712036,
				"bytes":	5491019,
				"bits_per_second":	43898255.414871074,
				"omitted":	false,
				"sender":	true
			}
		}, {
			"streams":	[{
					"socket":	7,
					"start":	7.002635,
					"end":	8.001308,
					"seconds":	0.99867302179336548,
					"bytes":	4501531,
					"bits_per_second":	36060098.965456247,
					"omitted":	false,
					"sender":	true
				}],
			"sum":	{
				"start":	7.002635,
				"end":	8.001308,
				"seconds":	0.99867302179336548,
				"bytes":	4501531,
				"bits_per_second":	36060098.965456247,
				"omitted":	false,
				"sender":	true
			}
		}, {
			"streams":	[{
					"socket":	7,
					"start":	8.001308,
					"end":	9.003698,
					"seconds":	1.0023900270462036,
					"bytes":	4526137,
					"bits_per_second":	36122761.622738093,
					"omitted":	false,
					"sender":	true
				}],
			"sum":	{
				"start":	8.001308,
				"end":	9.003698,
				"seconds":	1.0023900270462036,
				"bytes":	4526137,
				"bits_per_second":	36122761.622738093,
				"omitted":	false,
				"sender":	true
			}
		}, {
			"streams":	[{
					"socket":	7,
					"start":	9.003698,
					"end":	10.000191,
					"seconds":	0.99649298191070557,
					"bytes":	4539807,
					"bits_per_second":	36446273.741298109,
					"omitted":	false,
					"sender":	true
				}],
			"sum":	{
				"start":	9.003698,
				"end":	10.000191,
				"seconds":	0.99649298191070557,
				"bytes":	4539807,
				"bits_per_second":	36446273.741298109,
				"omitted":	false,
				"sender":	true
			}
		}],
	"end":	{
		"streams":	[{
				"sender":	{
					"socket":	7,
					"start":	0,
					"end":	10.000191,
					"seconds":	10.000191,
					"bytes":	38800725,
					"bits_per_second":	31039987.1362457,
					"sender":	true
				},
				"receiver":	{
					"socket":	7,
					"start":	0,
					"end":	10.000191,
					"seconds":	10.000191,
					"bytes":	37697759,
					"bits_per_second":	30157631.189244289,
					"sender":	true
				}
			}],
		"sum_sent":	{
			"start":	0,
			"end":	10.000191,
			"seconds":	10.000191,
			"bytes":	38800725,
			"bits_per_second":	31039987.1362457,
			"sender":	true
		},
		"sum_received":	{
			"start":	0,
			"end":	10.000191,
			"seconds":	10.000191,
			"bytes":	37697759,
			"bits_per_second":	30157631.189244289,
			"sender":	true
		},
		"cpu_utilization_percent":	{
			"host_total":	6.5211015452396532,
			"host_user":	1.4651857572241842,
			"host_system":	5.0558069944984023,
			"remote_total":	0.768089,
			"remote_user":	0.026437,
			"remote_system":	0.741652
		}
	}
}
