{
	"start":	{
		"connected":	[{
				"socket":	7,
				"local_host":	"10.145.64.217",
				"local_port":	58188,
				"remote_host":	"62.210.18.40",
				"remote_port":	5208
			}],
		"version":	"iperf 3.7",
		"system_info":	"Darwin SAMAC135.local 18.0.0 Darwin Kernel Version 18.0.0: Wed Aug 22 20:13:40 PDT 2018; root:xnu-4903.201.2~1/RELEASE_X86_64 x86_64",
		"timestamp":	{
			"time":	"Wed, 11 Mar 2020 15:32:20 UTC",
			"timesecs":	1583940740
		},
		"connecting_to":	{
			"host":	"ping.online.net",
			"port":	5208
		},
		"cookie":	"6acupi32ywlq5tz24hzmjgbdvrs5ycq6dsyd",
		"tcp_mss_default":	1367,
		"sock_bufsize":	0,
		"sndbuf_actual":	131072,
		"rcvbuf_actual":	131072,
		"test_start":	{
			"protocol":	"TCP",
			"num_streams":	1,
			"blksize":	131072,
			"omit":	0,
			"duration":	10,
			"bytes":	0,
			"blocks":	0,
			"reverse":	0,
			"tos":	0
		}
	},
	"intervals":	[{
			"streams":	[{
					"socket":	7,
					"start":	0,
					"end":	1.001413,
					"seconds":	1.0014129877090454,
					"bytes":	173609,
					"bits_per_second":	1386912.3099525133,
					"omitted":	false,
					"sender":	true
				}],
			"sum":	{
				"start":	0,
				"end":	1.001413,
				"seconds":	1.0014129877090454,
				"bytes":	173609,
				"bits_per_second":	1386912.3099525133,
				"omitted":	false,
				"sender":	true
			}
		}, {
			"streams":	[{
					"socket":	7,
					"start":	1.001413,
					"end":	2.000146,
					"seconds":	0.99873298406600952,
					"bytes":	1810235,
					"bits_per_second":	14500252.050394729,
					"omitted":	false,
					"sender":	true
				}],
			"sum":	{
				"start":	1.001413,
				"end":	2.000146,
				"seconds":	0.99873298406600952,
				"bytes":	1810235,
				"bits_per_second":	14500252.050394729,
				"omitted":	false,
				"sender":	true
			}
		}, {
			"streams":	[{
					"socket":	7,
					"start":	2.000146,
					"end":	3.004552,
					"seconds":	1.0044059753417969,
					"bytes":	2089213,
					"bits_per_second":	16640386.865791362,
					"omitted":	false,
					"sender":	true
				}],
			"sum":	{
				"start":	2.000146,
				"end":	3.004552,
				"seconds":	1.0044059753417969,
				"bytes":	2089213,
				"bits_per_second":	16640386.865791362,
				"omitted":	false,
				"sender":	true
			}
		}, {
			"streams":	[{
					"socket":	7,
					"start":	3.004552,
					"end":	4.002974,
					"seconds":	0.99842202663421631,
					"bytes":	2213123,
					"bits_per_second":	17732966.148278326,
					"omitted":	false,
					"sender":	true
				}],
			"sum":	{
				"start":	3.004552,
				"end":	4.002974,
				"seconds":	0.99842202663421631,
				"bytes":	2213123,
				"bits_per_second":	17732966.148278326,
				"omitted":	false,
				"sender":	true
			}
		}, {
			"streams":	[{
					"socket":	7,
					"start":	4.002974,
					"end":	5.001428,
					"seconds":	0.99845397472381592,
					"bytes":	2899327,
					"bits_per_second":	23230530.98808676,
					"omitted":	false,
					"sender":	true
				}],
			"sum":	{
				"start":	4.002974,
				"end":	5.001428,
				"seconds":	0.99845397472381592,
				"bytes":	2899327,
				"bits_per_second":	23230530.98808676,
				"omitted":	false,
				"sender":	true
			}
		}, {
			"streams":	[{
					"socket":	7,
					"start":	5.001428,
					"end":	6.001122,
					"seconds":	0.99969398975372314,
					"bytes":	2526176,
					"bits_per_second":	20215594.178953335,
					"omitted":	false,
					"sender":	true
				}],
			"sum":	{
				"start":	5.001428,
				"end":	6.001122,
				"seconds":	0.99969398975372314,
				"bytes":	2526176,
				"bits_per_second":	20215594.178953335,
				"omitted":	false,
				"sender":	true
			}
		}, {
			"streams":	[{
					"socket":	7,
					"start":	6.001122,
					"end":	7.002733,
					"seconds":	1.0016109943389893,
					"bytes":	2670968,
					"bits_per_second":	21333376.051948782,
					"omitted":	false,
					"sender":	true
				}],
			"sum":	{
				"start":	6.001122,
				"end":	7.002733,
				"seconds":	1.0016109943389893,
				"bytes":	2670968,
				"bits_per_second":	21333376.051948782,
				"omitted":	false,
				"sender":	true
			}
		}, {
			"streams":	[{
					"socket":	7,
					"start":	7.002733,
					"end":	8.000804,
					"seconds":	0.998071014881134,
					"bytes":	2569960,
					"bits_per_second":	20599415.966857396,
					"omitted":	false,
					"sender":	true
				}],
			"sum":	{
				"start":	7.002733,
				"end":	8.000804,
				"seconds":	0.998071014881134,
				"bytes":	2569960,
				"bits_per_second":	20599415.966857396,
				"omitted":	false,
				"sender":	true
			}
		}, {
			"streams":	[{
					"socket":	7,
					"start":	8.000804,
					"end":	9.000081,
					"seconds":	0.99927699565887451,
					"bytes":	2743569,
					"bits_per_second":	21964432.37996107,
					"omitted":	false,
					"sender":	true
				}],
			"sum":	{
				"start":	8.000804,
				"end":	9.000081,
				"seconds":	0.99927699565887451,
				"bytes":	2743569,
				"bits_per_second":	21964432.37996107,
				"omitted":	false,
				"sender":	true
			}
		}, {
			"streams":	[{
					"socket":	7,
					"start":	9.000081,
					"end":	10.00429,
					"seconds":	1.004209041595459,
					"bytes":	2922646,
					"bits_per_second":	23283168.176670328,
					"omitted":	false,
					"sender":	true
				}],
			"sum":	{
				"start":	9.000081,
				"end":	10.00429,
				"seconds":	1.004209041595459,
				"bytes":	2922646,
				"bits_per_second":	23283168.176670328,
				"omitted":	false,
				"sender":	true
			}
		}],
	"end":	{
		"streams":	[{
				"sender":	{
					"socket":	7,
					"start":	0,
					"end":	10.00429,
					"seconds":	10.00429,
					"bytes":	22618826,
					"bits_per_second":	18087301.34772183,
					"sender":	true
				},
				"receiver":	{
					"socket":	7,
					"start":	0,
					"end":	10.00429,
					"seconds":	10.00429,
					"bytes":	21988172,
					"bits_per_second":	17582994.495361492,
					"sender":	true
				}
			}],
		"sum_sent":	{
			"start":	0,
			"end":	10.00429,
			"seconds":	10.00429,
			"bytes":	22618826,
			"bits_per_second":	18087301.34772183,
			"sender":	true
		},
		"sum_received":	{
			"start":	0,
			"end":	10.00429,
			"seconds":	10.00429,
			"bytes":	21988172,
			"bits_per_second":	17582994.495361492,
			"sender":	true
		},
		"cpu_utilization_percent":	{
			"host_total":	5.1252752370275454,
			"host_user":	1.20865822878467,
			"host_system":	3.9165807391567222,
			"remote_total":	0.133942,
			"remote_user":	0.007866,
			"remote_system":	0.126075
		}
	}
}
