{
	"start":	{
		"connected":	[{
				"socket":	7,
				"local_host":	"10.145.64.217",
				"local_port":	58785,
				"remote_host":	"216.218.207.42",
				"remote_port":	5201
			}],
		"version":	"iperf 3.7",
		"system_info":	"Darwin SAMAC135.local 18.0.0 Darwin Kernel Version 18.0.0: Wed Aug 22 20:13:40 PDT 2018; root:xnu-4903.201.2~1/RELEASE_X86_64 x86_64",
		"timestamp":	{
			"time":	"Wed, 11 Mar 2020 16:01:24 UTC",
			"timesecs":	1583942484
		},
		"connecting_to":	{
			"host":	"iperf.he.net",
			"port":	5201
		},
		"cookie":	"piddmyhpge2prcmn64yyiblvzjk7bob2wq63",
		"tcp_mss_default":	1367,
		"sock_bufsize":	0,
		"sndbuf_actual":	131072,
		"rcvbuf_actual":	131072,
		"test_start":	{
			"protocol":	"TCP",
			"num_streams":	1,
			"blksize":	131072,
			"omit":	0,
			"duration":	10,
			"bytes":	0,
			"blocks":	0,
			"reverse":	0,
			"tos":	0
		}
	},
	"intervals":	[{
			"streams":	[{
					"socket":	7,
					"start":	0,
					"end":	1.00438,
					"seconds":	1.0043799877166748,
					"bytes":	143535,
					"bits_per_second":	1143272.4805782549,
					"omitted":	false,
					"sender":	true
				}],
			"sum":	{
				"start":	0,
				"end":	1.00438,
				"seconds":	1.0043799877166748,
				"bytes":	143535,
				"bits_per_second":	1143272.4805782549,
				"omitted":	false,
				"sender":	true
			}
		}, {
			"streams":	[{
					"socket":	7,
					"start":	1.00438,
					"end":	2.003168,
					"seconds":	0.99878799915313721,
					"bytes":	214529,
					"bits_per_second":	1718314.5987488604,
					"omitted":	false,
					"sender":	true
				}],
			"sum":	{
				"start":	1.00438,
				"end":	2.003168,
				"seconds":	0.99878799915313721,
				"bytes":	214529,
				"bits_per_second":	1718314.5987488604,
				"omitted":	false,
				"sender":	true
			}
		}, {
			"streams":	[{
					"socket":	7,
					"start":	2.003168,
					"end":	3.00251,
					"seconds":	0.99934202432632446,
					"bytes":	1359355,
					"bits_per_second":	10882000.091341037,
					"omitted":	false,
					"sender":	true
				}],
			"sum":	{
				"start":	2.003168,
				"end":	3.00251,
				"seconds":	0.99934202432632446,
				"bytes":	1359355,
				"bits_per_second":	10882000.091341037,
				"omitted":	false,
				"sender":	true
			}
		}, {
			"streams":	[{
					"socket":	7,
					"start":	3.00251,
					"end":	4.000419,
					"seconds":	0.99790900945663452,
					"bytes":	3022144,
					"bits_per_second":	24227812.12604199,
					"omitted":	false,
					"sender":	true
				}],
			"sum":	{
				"start":	3.00251,
				"end":	4.000419,
				"seconds":	0.99790900945663452,
				"bytes":	3022144,
				"bits_per_second":	24227812.12604199,
				"omitted":	false,
				"sender":	true
			}
		}, {
			"streams":	[{
					"socket":	7,
					"start":	4.000419,
					"end":	5.004677,
					"seconds":	1.0042580366134644,
					"bytes":	932294,
					"bits_per_second":	7426728.7172038788,
					"omitted":	false,
					"sender":	true
				}],
			"sum":	{
				"start":	4.000419,
				"end":	5.004677,
				"seconds":	1.0042580366134644,
				"bytes":	932294,
				"bits_per_second":	7426728.7172038788,
				"omitted":	false,
				"sender":	true
			}
		}, {
			"streams":	[{
					"socket":	7,
					"start":	5.004677,
					"end":	6.004627,
					"seconds":	0.99994999170303345,
					"bytes":	0,
					"bits_per_second":	0,
					"omitted":	false,
					"sender":	true
				}],
			"sum":	{
				"start":	5.004677,
				"end":	6.004627,
				"seconds":	0.99994999170303345,
				"bytes":	0,
				"bits_per_second":	0,
				"omitted":	false,
				"sender":	true
			}
		}, {
			"streams":	[{
					"socket":	7,
					"start":	6.004627,
					"end":	7.003809,
					"seconds":	0.99918198585510254,
					"bytes":	0,
					"bits_per_second":	0,
					"omitted":	false,
					"sender":	true
				}],
			"sum":	{
				"start":	6.004627,
				"end":	7.003809,
				"seconds":	0.99918198585510254,
				"bytes":	0,
				"bits_per_second":	0,
				"omitted":	false,
				"sender":	true
			}
		}, {
			"streams":	[{
					"socket":	7,
					"start":	7.003809,
					"end":	8.004942,
					"seconds":	1.0011329650878906,
					"bytes":	0,
					"bits_per_second":	0,
					"omitted":	false,
					"sender":	true
				}],
			"sum":	{
				"start":	7.003809,
				"end":	8.004942,
				"seconds":	1.0011329650878906,
				"bytes":	0,
				"bits_per_second":	0,
				"omitted":	false,
				"sender":	true
			}
		}, {
			"streams":	[{
					"socket":	7,
					"start":	8.004942,
					"end":	9.004875,
					"seconds":	0.99993300437927246,
					"bytes":	0,
					"bits_per_second":	0,
					"omitted":	false,
					"sender":	true
				}],
			"sum":	{
				"start":	8.004942,
				"end":	9.004875,
				"seconds":	0.99993300437927246,
				"bytes":	0,
				"bits_per_second":	0,
				"omitted":	false,
				"sender":	true
			}
		}, {
			"streams":	[{
					"socket":	7,
					"start":	9.004875,
					"end":	10.002861,
					"seconds":	0.99798601865768433,
					"bytes":	0,
					"bits_per_second":	0,
					"omitted":	false,
					"sender":	true
				}],
			"sum":	{
				"start":	9.004875,
				"end":	10.002861,
				"seconds":	0.99798601865768433,
				"bytes":	0,
				"bits_per_second":	0,
				"omitted":	false,
				"sender":	true
			}
		}],
	"end":	{
		"streams":	[{
				"sender":	{
					"socket":	7,
					"start":	0,
					"end":	10.002861,
					"seconds":	10.002861,
					"bytes":	5671857,
					"bits_per_second":	4536187.7966713728,
					"sender":	true
				},
				"receiver":	{
					"socket":	7,
					"start":	0,
					"end":	10.002861,
					"seconds":	10.002861,
					"bytes":	5342236,
					"bits_per_second":	4272566.4187475964,
					"sender":	true
				}
			}],
		"sum_sent":	{
			"start":	0,
			"end":	10.002861,
			"seconds":	10.002861,
			"bytes":	5671857,
			"bits_per_second":	4536187.7966713728,
			"sender":	true
		},
		"sum_received":	{
			"start":	0,
			"end":	10.002861,
			"seconds":	10.002861,
			"bytes":	5342236,
			"bits_per_second":	4272566.4187475964,
			"sender":	true
		},
		"cpu_utilization_percent":	{
			"host_total":	5.1122075372161841,
			"host_user":	1.2983653177655965,
			"host_system":	3.8135539927262054,
			"remote_total":	0.093041,
			"remote_user":	0.026485,
			"remote_system":	0.066563
		}
	}
}
