{
	"start":	{
		"connected":	[{
				"socket":	7,
				"local_host":	"10.145.64.217",
				"local_port":	58113,
				"remote_host":	"89.84.1.222",
				"remote_port":	5202
			}],
		"version":	"iperf 3.7",
		"system_info":	"Darwin SAMAC135.local 18.0.0 Darwin Kernel Version 18.0.0: Wed Aug 22 20:13:40 PDT 2018; root:xnu-4903.201.2~1/RELEASE_X86_64 x86_64",
		"timestamp":	{
			"time":	"Wed, 11 Mar 2020 15:28:47 UTC",
			"timesecs":	1583940527
		},
		"connecting_to":	{
			"host":	"bouygues.iperf.fr",
			"port":	5202
		},
		"cookie":	"vvo2omzfbekbq2v4uq2ww4yutly7jlytvvnc",
		"tcp_mss_default":	1367,
		"sock_bufsize":	0,
		"sndbuf_actual":	131072,
		"rcvbuf_actual":	131072,
		"test_start":	{
			"protocol":	"TCP",
			"num_streams":	1,
			"blksize":	131072,
			"omit":	0,
			"duration":	10,
			"bytes":	0,
			"blocks":	0,
			"reverse":	0,
			"tos":	0
		}
	},
	"intervals":	[{
			"streams":	[{
					"socket":	7,
					"start":	0,
					"end":	1.004721,
					"seconds":	1.0047210454940796,
					"bytes":	184545,
					"bits_per_second":	1469422.7881670261,
					"omitted":	false,
					"sender":	true
				}],
			"sum":	{
				"start":	0,
				"end":	1.004721,
				"seconds":	1.0047210454940796,
				"bytes":	184545,
				"bits_per_second":	1469422.7881670261,
				"omitted":	false,
				"sender":	true
			}
		}, {
			"streams":	[{
					"socket":	7,
					"start":	1.004721,
					"end":	2.001952,
					"seconds":	0.99723100662231445,
					"bytes":	1136664,
					"bits_per_second":	9118561.235675605,
					"omitted":	false,
					"sender":	true
				}],
			"sum":	{
				"start":	1.004721,
				"end":	2.001952,
				"seconds":	0.99723100662231445,
				"bytes":	1136664,
				"bits_per_second":	9118561.235675605,
				"omitted":	false,
				"sender":	true
			}
		}, {
			"streams":	[{
					"socket":	7,
					"start":	2.001952,
					"end":	3.00428,
					"seconds":	1.0023280382156372,
					"bytes":	4664884,
					"bits_per_second":	37232393.564921215,
					"omitted":	false,
					"sender":	true
				}],
			"sum":	{
				"start":	2.001952,
				"end":	3.00428,
				"seconds":	1.0023280382156372,
				"bytes":	4664884,
				"bits_per_second":	37232393.564921215,
				"omitted":	false,
				"sender":	true
			}
		}, {
			"streams":	[{
					"socket":	7,
					"start":	3.00428,
					"end":	4.000748,
					"seconds":	0.99646800756454468,
					"bytes":	627453,
					"bits_per_second":	5037416.1156145912,
					"omitted":	false,
					"sender":	true
				}],
			"sum":	{
				"start":	3.00428,
				"end":	4.000748,
				"seconds":	0.99646800756454468,
				"bytes":	627453,
				"bits_per_second":	5037416.1156145912,
				"omitted":	false,
				"sender":	true
			}
		}, {
			"streams":	[{
					"socket":	7,
					"start":	4.000748,
					"end":	5.004562,
					"seconds":	1.0038139820098877,
					"bytes":	0,
					"bits_per_second":	0,
					"omitted":	false,
					"sender":	true
				}],
			"sum":	{
				"start":	4.000748,
				"end":	5.004562,
				"seconds":	1.0038139820098877,
				"bytes":	0,
				"bits_per_second":	0,
				"omitted":	false,
				"sender":	true
			}
		}, {
			"streams":	[{
					"socket":	7,
					"start":	5.004562,
					"end":	6.001403,
					"seconds":	0.99684101343154907,
					"bytes":	1691776,
					"bits_per_second":	13577097.869809272,
					"omitted":	false,
					"sender":	true
				}],
			"sum":	{
				"start":	5.004562,
				"end":	6.001403,
				"seconds":	0.99684101343154907,
				"bytes":	1691776,
				"bits_per_second":	13577097.869809272,
				"omitted":	false,
				"sender":	true
			}
		}, {
			"streams":	[{
					"socket":	7,
					"start":	6.001403,
					"end":	7.000643,
					"seconds":	0.999239981174469,
					"bytes":	2538469,
					"bits_per_second":	20323198.013084941,
					"omitted":	false,
					"sender":	true
				}],
			"sum":	{
				"start":	6.001403,
				"end":	7.000643,
				"seconds":	0.999239981174469,
				"bytes":	2538469,
				"bits_per_second":	20323198.013084941,
				"omitted":	false,
				"sender":	true
			}
		}, {
			"streams":	[{
					"socket":	7,
					"start":	7.000643,
					"end":	8.000111,
					"seconds":	0.99946802854537964,
					"bytes":	2386722,
					"bits_per_second":	19103938.75008586,
					"omitted":	false,
					"sender":	true
				}],
			"sum":	{
				"start":	7.000643,
				"end":	8.000111,
				"seconds":	0.99946802854537964,
				"bytes":	2386722,
				"bits_per_second":	19103938.75008586,
				"omitted":	false,
				"sender":	true
			}
		}, {
			"streams":	[{
					"socket":	7,
					"start":	8.000111,
					"end":	9.000027,
					"seconds":	0.99991601705551147,
					"bytes":	2903358,
					"bits_per_second":	23228814.82426592,
					"omitted":	false,
					"sender":	true
				}],
			"sum":	{
				"start":	8.000111,
				"end":	9.000027,
				"seconds":	0.99991601705551147,
				"bytes":	2903358,
				"bits_per_second":	23228814.82426592,
				"omitted":	false,
				"sender":	true
			}
		}, {
			"streams":	[{
					"socket":	7,
					"start":	9.000027,
					"end":	10.003426,
					"seconds":	1.0033990144729614,
					"bytes":	2862498,
					"bits_per_second":	22822410.297092319,
					"omitted":	false,
					"sender":	true
				}],
			"sum":	{
				"start":	9.000027,
				"end":	10.003426,
				"seconds":	1.0033990144729614,
				"bytes":	2862498,
				"bits_per_second":	22822410.297092319,
				"omitted":	false,
				"sender":	true
			}
		}],
	"end":	{
		"streams":	[{
				"sender":	{
					"socket":	7,
					"start":	0,
					"end":	10.003426,
					"seconds":	10.003426,
					"bytes":	18996369,
					"bits_per_second":	15191890.458328977,
					"sender":	true
				},
				"receiver":	{
					"socket":	7,
					"start":	0,
					"end":	10.1989,
					"seconds":	10.003426,
					"bytes":	18413490,
					"bits_per_second":	14443510.574669817,
					"sender":	true
				}
			}],
		"sum_sent":	{
			"start":	0,
			"end":	10.003426,
			"seconds":	10.003426,
			"bytes":	18996369,
			"bits_per_second":	15191890.458328977,
			"sender":	true
		},
		"sum_received":	{
			"start":	0,
			"end":	10.1989,
			"seconds":	10.1989,
			"bytes":	18413490,
			"bits_per_second":	14443510.574669817,
			"sender":	true
		},
		"cpu_utilization_percent":	{
			"host_total":	4.6226385205146308,
			"host_user":	1.0742482722741302,
			"host_system":	3.5483172049092784,
			"remote_total":	0.03796651712943605,
			"remote_user":	0.0059776628894276894,
			"remote_system":	0.031988854240008358
		},
		"receiver_tcp_congestion":	"cubic"
	}
}
