{
	"start":	{
		"connected":	[{
				"socket":	7,
				"local_host":	"10.145.64.217",
				"local_port":	58614,
				"remote_host":	"89.84.1.222",
				"remote_port":	5202
			}],
		"version":	"iperf 3.7",
		"system_info":	"Darwin SAMAC135.local 18.0.0 Darwin Kernel Version 18.0.0: Wed Aug 22 20:13:40 PDT 2018; root:xnu-4903.201.2~1/RELEASE_X86_64 x86_64",
		"timestamp":	{
			"time":	"Wed, 11 Mar 2020 15:52:42 UTC",
			"timesecs":	1583941962
		},
		"connecting_to":	{
			"host":	"bouygues.iperf.fr",
			"port":	5202
		},
		"cookie":	"5rll66hui24pgck3ddhtalig2bekpim26c2c",
		"tcp_mss_default":	1367,
		"sock_bufsize":	0,
		"sndbuf_actual":	131072,
		"rcvbuf_actual":	131072,
		"test_start":	{
			"protocol":	"TCP",
			"num_streams":	1,
			"blksize":	131072,
			"omit":	0,
			"duration":	10,
			"bytes":	0,
			"blocks":	0,
			"reverse":	0,
			"tos":	0
		}
	},
	"intervals":	[{
			"streams":	[{
					"socket":	7,
					"start":	0,
					"end":	1.00356,
					"seconds":	1.003559947013855,
					"bytes":	185912,
					"bits_per_second":	1482020.0870167515,
					"omitted":	false,
					"sender":	true
				}],
			"sum":	{
				"start":	0,
				"end":	1.00356,
				"seconds":	1.003559947013855,
				"bytes":	185912,
				"bits_per_second":	1482020.0870167515,
				"omitted":	false,
				"sender":	true
			}
		}, {
			"streams":	[{
					"socket":	7,
					"start":	1.00356,
					"end":	2.005107,
					"seconds":	1.0015469789505005,
					"bytes":	1857980,
					"bits_per_second":	14840881.468760954,
					"omitted":	false,
					"sender":	true
				}],
			"sum":	{
				"start":	1.00356,
				"end":	2.005107,
				"seconds":	1.0015469789505005,
				"bytes":	1857980,
				"bits_per_second":	14840881.468760954,
				"omitted":	false,
				"sender":	true
			}
		}, {
			"streams":	[{
					"socket":	7,
					"start":	2.005107,
					"end":	3.005038,
					"seconds":	0.9999309778213501,
					"bytes":	4173398,
					"bits_per_second":	33389488.615248229,
					"omitted":	false,
					"sender":	true
				}],
			"sum":	{
				"start":	2.005107,
				"end":	3.005038,
				"seconds":	0.9999309778213501,
				"bytes":	4173398,
				"bits_per_second":	33389488.615248229,
				"omitted":	false,
				"sender":	true
			}
		}, {
			"streams":	[{
					"socket":	7,
					"start":	3.005038,
					"end":	4.000148,
					"seconds":	0.99510997533798218,
					"bytes":	1977695,
					"bits_per_second":	15899308.008269455,
					"omitted":	false,
					"sender":	true
				}],
			"sum":	{
				"start":	3.005038,
				"end":	4.000148,
				"seconds":	0.99510997533798218,
				"bytes":	1977695,
				"bits_per_second":	15899308.008269455,
				"omitted":	false,
				"sender":	true
			}
		}, {
			"streams":	[{
					"socket":	7,
					"start":	4.000148,
					"end":	5.000114,
					"seconds":	0.999966025352478,
					"bytes":	7034936,
					"bits_per_second":	56281400.140731826,
					"omitted":	false,
					"sender":	true
				}],
			"sum":	{
				"start":	4.000148,
				"end":	5.000114,
				"seconds":	0.999966025352478,
				"bytes":	7034936,
				"bits_per_second":	56281400.140731826,
				"omitted":	false,
				"sender":	true
			}
		}, {
			"streams":	[{
					"socket":	7,
					"start":	5.000114,
					"end":	6.004882,
					"seconds":	1.0047680139541626,
					"bytes":	7920398,
					"bits_per_second":	63062501.114700712,
					"omitted":	false,
					"sender":	true
				}],
			"sum":	{
				"start":	5.000114,
				"end":	6.004882,
				"seconds":	1.0047680139541626,
				"bytes":	7920398,
				"bits_per_second":	63062501.114700712,
				"omitted":	false,
				"sender":	true
			}
		}, {
			"streams":	[{
					"socket":	7,
					"start":	6.004882,
					"end":	7.003401,
					"seconds":	0.99851900339126587,
					"bytes":	8855426,
					"bits_per_second":	70948482.461920932,
					"omitted":	false,
					"sender":	true
				}],
			"sum":	{
				"start":	6.004882,
				"end":	7.003401,
				"seconds":	0.99851900339126587,
				"bytes":	8855426,
				"bits_per_second":	70948482.461920932,
				"omitted":	false,
				"sender":	true
			}
		}, {
			"streams":	[{
					"socket":	7,
					"start":	7.003401,
					"end":	8.001166,
					"seconds":	0.99776500463485718,
					"bytes":	9202644,
					"bits_per_second":	73786063.509956881,
					"omitted":	false,
					"sender":	true
				}],
			"sum":	{
				"start":	7.003401,
				"end":	8.001166,
				"seconds":	0.99776500463485718,
				"bytes":	9202644,
				"bits_per_second":	73786063.509956881,
				"omitted":	false,
				"sender":	true
			}
		}, {
			"streams":	[{
					"socket":	7,
					"start":	8.001166,
					"end":	9.001274,
					"seconds":	1.000108003616333,
					"bytes":	9258691,
					"bits_per_second":	74061529.087027445,
					"omitted":	false,
					"sender":	true
				}],
			"sum":	{
				"start":	8.001166,
				"end":	9.001274,
				"seconds":	1.000108003616333,
				"bytes":	9258691,
				"bits_per_second":	74061529.087027445,
				"omitted":	false,
				"sender":	true
			}
		}, {
			"streams":	[{
					"socket":	7,
					"start":	9.001274,
					"end":	10.001598,
					"seconds":	1.000324010848999,
					"bytes":	8803480,
					"bits_per_second":	70405028.007101625,
					"omitted":	false,
					"sender":	true
				}],
			"sum":	{
				"start":	9.001274,
				"end":	10.001598,
				"seconds":	1.000324010848999,
				"bytes":	8803480,
				"bits_per_second":	70405028.007101625,
				"omitted":	false,
				"sender":	true
			}
		}],
	"end":	{
		"streams":	[{
				"sender":	{
					"socket":	7,
					"start":	0,
					"end":	10.001598,
					"seconds":	10.001598,
					"bytes":	59270560,
					"bits_per_second":	47408872.062244453,
					"sender":	true
				},
				"receiver":	{
					"socket":	7,
					"start":	0,
					"end":	10.182005,
					"seconds":	10.001598,
					"bytes":	58779633,
					"bits_per_second":	46183149.978810653,
					"sender":	true
				}
			}],
		"sum_sent":	{
			"start":	0,
			"end":	10.001598,
			"seconds":	10.001598,
			"bytes":	59270560,
			"bits_per_second":	47408872.062244453,
			"sender":	true
		},
		"sum_received":	{
			"start":	0,
			"end":	10.182005,
			"seconds":	10.182005,
			"bytes":	58779633,
			"bits_per_second":	46183149.978810653,
			"sender":	true
		},
		"cpu_utilization_percent":	{
			"host_total":	5.9216503278322286,
			"host_user":	1.2787999378057737,
			"host_system":	4.6427586039782645,
			"remote_total":	0.069044758296503639,
			"remote_user":	0.015890899832316688,
			"remote_system":	0.053153858464186965
		},
		"receiver_tcp_congestion":	"cubic"
	}
}
