{
	"start":	{
		"connected":	[{
				"socket":	7,
				"local_host":	"10.145.64.217",
				"local_port":	57555,
				"remote_host":	"89.84.1.222",
				"remote_port":	5202
			}],
		"version":	"iperf 3.7",
		"system_info":	"Darwin SAMAC135.local 18.0.0 Darwin Kernel Version 18.0.0: Wed Aug 22 20:13:40 PDT 2018; root:xnu-4903.201.2~1/RELEASE_X86_64 x86_64",
		"timestamp":	{
			"time":	"Wed, 11 Mar 2020 15:05:26 UTC",
			"timesecs":	1583939126
		},
		"connecting_to":	{
			"host":	"bouygues.iperf.fr",
			"port":	5202
		},
		"cookie":	"vwybfrffplvjpgqlpistcdj4gvqabtb6qkmt",
		"tcp_mss_default":	1367,
		"sock_bufsize":	0,
		"sndbuf_actual":	131072,
		"rcvbuf_actual":	131072,
		"test_start":	{
			"protocol":	"TCP",
			"num_streams":	1,
			"blksize":	131072,
			"omit":	0,
			"duration":	10,
			"bytes":	0,
			"blocks":	0,
			"reverse":	0,
			"tos":	0
		}
	},
	"intervals":	[{
			"streams":	[{
					"socket":	7,
					"start":	0,
					"end":	1.001762,
					"seconds":	1.00176203250885,
					"bytes":	174976,
					"bits_per_second":	1397345.8312192855,
					"omitted":	false,
					"sender":	true
				}],
			"sum":	{
				"start":	0,
				"end":	1.001762,
				"seconds":	1.00176203250885,
				"bytes":	174976,
				"bits_per_second":	1397345.8312192855,
				"omitted":	false,
				"sender":	true
			}
		}, {
			"streams":	[{
					"socket":	7,
					"start":	1.001762,
					"end":	2.005071,
					"seconds":	1.0033090114593506,
					"bytes":	2120224,
					"bits_per_second":	16905850.347470157,
					"omitted":	false,
					"sender":	true
				}],
			"sum":	{
				"start":	1.001762,
				"end":	2.005071,
				"seconds":	1.0033090114593506,
				"bytes":	2120224,
				"bits_per_second":	16905850.347470157,
				"omitted":	false,
				"sender":	true
			}
		}, {
			"streams":	[{
					"socket":	7,
					"start":	2.005071,
					"end":	3.003492,
					"seconds":	0.99842101335525513,
					"bytes":	5023892,
					"bits_per_second":	40254697.629945926,
					"omitted":	false,
					"sender":	true
				}],
			"sum":	{
				"start":	2.005071,
				"end":	3.003492,
				"seconds":	0.99842101335525513,
				"bytes":	5023892,
				"bits_per_second":	40254697.629945926,
				"omitted":	false,
				"sender":	true
			}
		}, {
			"streams":	[{
					"socket":	7,
					"start":	3.003492,
					"end":	4.001971,
					"seconds":	0.99847900867462158,
					"bytes":	1573257,
					"bits_per_second":	12605228.443116393,
					"omitted":	false,
					"sender":	true
				}],
			"sum":	{
				"start":	3.003492,
				"end":	4.001971,
				"seconds":	0.99847900867462158,
				"bytes":	1573257,
				"bits_per_second":	12605228.443116393,
				"omitted":	false,
				"sender":	true
			}
		}, {
			"streams":	[{
					"socket":	7,
					"start":	4.001971,
					"end":	5.002094,
					"seconds":	1.0001230239868164,
					"bytes":	2936490,
					"bits_per_second":	23489030.285847783,
					"omitted":	false,
					"sender":	true
				}],
			"sum":	{
				"start":	4.001971,
				"end":	5.002094,
				"seconds":	1.0001230239868164,
				"bytes":	2936490,
				"bits_per_second":	23489030.285847783,
				"omitted":	false,
				"sender":	true
			}
		}, {
			"streams":	[{
					"socket":	7,
					"start":	5.002094,
					"end":	6.000758,
					"seconds":	0.99866402149200439,
					"bytes":	8592962,
					"bits_per_second":	68835658.960955545,
					"omitted":	false,
					"sender":	true
				}],
			"sum":	{
				"start":	5.002094,
				"end":	6.000758,
				"seconds":	0.99866402149200439,
				"bytes":	8592962,
				"bits_per_second":	68835658.960955545,
				"omitted":	false,
				"sender":	true
			}
		}, {
			"streams":	[{
					"socket":	7,
					"start":	6.000758,
					"end":	7.003452,
					"seconds":	1.0026940107345581,
					"bytes":	11280484,
					"bits_per_second":	90001407.242762655,
					"omitted":	false,
					"sender":	true
				}],
			"sum":	{
				"start":	6.000758,
				"end":	7.003452,
				"seconds":	1.0026940107345581,
				"bytes":	11280484,
				"bits_per_second":	90001407.242762655,
				"omitted":	false,
				"sender":	true
			}
		}, {
			"streams":	[{
					"socket":	7,
					"start":	7.003452,
					"end":	8.000281,
					"seconds":	0.99682897329330444,
					"bytes":	11028956,
					"bits_per_second":	88512322.939914122,
					"omitted":	false,
					"sender":	true
				}],
			"sum":	{
				"start":	7.003452,
				"end":	8.000281,
				"seconds":	0.99682897329330444,
				"bytes":	11028956,
				"bits_per_second":	88512322.939914122,
				"omitted":	false,
				"sender":	true
			}
		}, {
			"streams":	[{
					"socket":	7,
					"start":	8.000281,
					"end":	9.001935,
					"seconds":	1.0016540288925171,
					"bytes":	11059030,
					"bits_per_second":	88326146.0025471,
					"omitted":	false,
					"sender":	true
				}],
			"sum":	{
				"start":	8.000281,
				"end":	9.001935,
				"seconds":	1.0016540288925171,
				"bytes":	11059030,
				"bits_per_second":	88326146.0025471,
				"omitted":	false,
				"sender":	true
			}
		}, {
			"streams":	[{
					"socket":	7,
					"start":	9.001935,
					"end":	10.004027,
					"seconds":	1.0020920038223267,
					"bytes":	12528058,
					"bits_per_second":	100015231.75288208,
					"omitted":	false,
					"sender":	true
				}],
			"sum":	{
				"start":	9.001935,
				"end":	10.004027,
				"seconds":	1.0020920038223267,
				"bytes":	12528058,
				"bits_per_second":	100015231.75288208,
				"omitted":	false,
				"sender":	true
			}
		}],
	"end":	{
		"streams":	[{
				"sender":	{
					"socket":	7,
					"start":	0,
					"end":	10.004027,
					"seconds":	10.004027,
					"bytes":	66318329,
					"bits_per_second":	53033306.687396981,
					"sender":	true
				},
				"receiver":	{
					"socket":	7,
					"start":	0,
					"end":	10.177902,
					"seconds":	10.004027,
					"bytes":	66318329,
					"bits_per_second":	52127307.965826355,
					"sender":	true
				}
			}],
		"sum_sent":	{
			"start":	0,
			"end":	10.004027,
			"seconds":	10.004027,
			"bytes":	66318329,
			"bits_per_second":	53033306.687396981,
			"sender":	true
		},
		"sum_received":	{
			"start":	0,
			"end":	10.177902,
			"seconds":	10.177902,
			"bytes":	66318329,
			"bits_per_second":	52127307.965826355,
			"sender":	true
		},
		"cpu_utilization_percent":	{
			"host_total":	6.2407037967853993,
			"host_user":	1.1593195805918552,
			"host_system":	5.0813199421790962,
			"remote_total":	0.22198170347124579,
			"remote_user":	0.086785687054614952,
			"remote_system":	0.1351762306685822
		},
		"receiver_tcp_congestion":	"cubic"
	}
}
