{
	"start":	{
		"connected":	[{
				"socket":	7,
				"local_host":	"10.145.64.217",
				"local_port":	58550,
				"remote_host":	"89.84.1.222",
				"remote_port":	5202
			}],
		"version":	"iperf 3.7",
		"system_info":	"Darwin SAMAC135.local 18.0.0 Darwin Kernel Version 18.0.0: Wed Aug 22 20:13:40 PDT 2018; root:xnu-4903.201.2~1/RELEASE_X86_64 x86_64",
		"timestamp":	{
			"time":	"Wed, 11 Mar 2020 15:49:09 UTC",
			"timesecs":	1583941749
		},
		"connecting_to":	{
			"host":	"bouygues.iperf.fr",
			"port":	5202
		},
		"cookie":	"yvp4bd2hu4jdhlzakrimtfvzhrs3eo7nmqud",
		"tcp_mss_default":	1367,
		"sock_bufsize":	0,
		"sndbuf_actual":	131072,
		"rcvbuf_actual":	131072,
		"test_start":	{
			"protocol":	"TCP",
			"num_streams":	1,
			"blksize":	131072,
			"omit":	0,
			"duration":	10,
			"bytes":	0,
			"blocks":	0,
			"reverse":	0,
			"tos":	0
		}
	},
	"intervals":	[{
			"streams":	[{
					"socket":	7,
					"start":	0,
					"end":	1.004283,
					"seconds":	1.0042829513549805,
					"bytes":	184545,
					"bits_per_second":	1470063.7883059673,
					"omitted":	false,
					"sender":	true
				}],
			"sum":	{
				"start":	0,
				"end":	1.004283,
				"seconds":	1.0042829513549805,
				"bytes":	184545,
				"bits_per_second":	1470063.7883059673,
				"omitted":	false,
				"sender":	true
			}
		}, {
			"streams":	[{
					"socket":	7,
					"start":	1.004283,
					"end":	2.003141,
					"seconds":	0.99885797500610352,
					"bytes":	1332165,
					"bits_per_second":	10669504.841201151,
					"omitted":	false,
					"sender":	true
				}],
			"sum":	{
				"start":	1.004283,
				"end":	2.003141,
				"seconds":	0.99885797500610352,
				"bytes":	1332165,
				"bits_per_second":	10669504.841201151,
				"omitted":	false,
				"sender":	true
			}
		}, {
			"streams":	[{
					"socket":	7,
					"start":	2.003141,
					"end":	3.002189,
					"seconds":	0.99904799461364746,
					"bytes":	4350628,
					"bits_per_second":	34838190.1446685,
					"omitted":	false,
					"sender":	true
				}],
			"sum":	{
				"start":	2.003141,
				"end":	3.002189,
				"seconds":	0.99904799461364746,
				"bytes":	4350628,
				"bits_per_second":	34838190.1446685,
				"omitted":	false,
				"sender":	true
			}
		}, {
			"streams":	[{
					"socket":	7,
					"start":	3.002189,
					"end":	4.003568,
					"seconds":	1.0013790130615234,
					"bytes":	3098815,
					"bits_per_second":	24756380.627758276,
					"omitted":	false,
					"sender":	true
				}],
			"sum":	{
				"start":	3.002189,
				"end":	4.003568,
				"seconds":	1.0013790130615234,
				"bytes":	3098815,
				"bits_per_second":	24756380.627758276,
				"omitted":	false,
				"sender":	true
			}
		}, {
			"streams":	[{
					"socket":	7,
					"start":	4.003568,
					"end":	5.004114,
					"seconds":	1.0005459785461426,
					"bytes":	863944,
					"bits_per_second":	6907780.5000455128,
					"omitted":	false,
					"sender":	true
				}],
			"sum":	{
				"start":	4.003568,
				"end":	5.004114,
				"seconds":	1.0005459785461426,
				"bytes":	863944,
				"bits_per_second":	6907780.5000455128,
				"omitted":	false,
				"sender":	true
			}
		}, {
			"streams":	[{
					"socket":	7,
					"start":	5.004114,
					"end":	6.004813,
					"seconds":	1.0006990432739258,
					"bytes":	4243342,
					"bits_per_second":	33923022.339402407,
					"omitted":	false,
					"sender":	true
				}],
			"sum":	{
				"start":	5.004114,
				"end":	6.004813,
				"seconds":	1.0006990432739258,
				"bytes":	4243342,
				"bits_per_second":	33923022.339402407,
				"omitted":	false,
				"sender":	true
			}
		}, {
			"streams":	[{
					"socket":	7,
					"start":	6.004813,
					"end":	7.000913,
					"seconds":	0.99610000848770142,
					"bytes":	1649545,
					"bits_per_second":	13248027.19360978,
					"omitted":	false,
					"sender":	true
				}],
			"sum":	{
				"start":	6.004813,
				"end":	7.000913,
				"seconds":	0.99610000848770142,
				"bytes":	1649545,
				"bits_per_second":	13248027.19360978,
				"omitted":	false,
				"sender":	true
			}
		}, {
			"streams":	[{
					"socket":	7,
					"start":	7.000913,
					"end":	8.002693,
					"seconds":	1.0017800331115723,
					"bytes":	5961911,
					"bits_per_second":	47610539.662940145,
					"omitted":	false,
					"sender":	true
				}],
			"sum":	{
				"start":	7.000913,
				"end":	8.002693,
				"seconds":	1.0017800331115723,
				"bytes":	5961911,
				"bits_per_second":	47610539.662940145,
				"omitted":	false,
				"sender":	true
			}
		}, {
			"streams":	[{
					"socket":	7,
					"start":	8.002693,
					"end":	9.000464,
					"seconds":	0.99777102470397949,
					"bytes":	7431012,
					"bits_per_second":	59580900.355005965,
					"omitted":	false,
					"sender":	true
				}],
			"sum":	{
				"start":	8.002693,
				"end":	9.000464,
				"seconds":	0.99777102470397949,
				"bytes":	7431012,
				"bits_per_second":	59580900.355005965,
				"omitted":	false,
				"sender":	true
			}
		}, {
			"streams":	[{
					"socket":	7,
					"start":	9.000464,
					"end":	10.00015,
					"seconds":	0.99968600273132324,
					"bytes":	6752980,
					"bits_per_second":	54040808.666318305,
					"omitted":	false,
					"sender":	true
				}],
			"sum":	{
				"start":	9.000464,
				"end":	10.00015,
				"seconds":	0.99968600273132324,
				"bytes":	6752980,
				"bits_per_second":	54040808.666318305,
				"omitted":	false,
				"sender":	true
			}
		}],
	"end":	{
		"streams":	[{
				"sender":	{
					"socket":	7,
					"start":	0,
					"end":	10.00015,
					"seconds":	10.00015,
					"bytes":	35868887,
					"bits_per_second":	28694679.179812305,
					"sender":	true
				},
				"receiver":	{
					"socket":	7,
					"start":	0,
					"end":	10.197268,
					"seconds":	10.00015,
					"bytes":	35116863,
					"bits_per_second":	27550016.729971208,
					"sender":	true
				}
			}],
		"sum_sent":	{
			"start":	0,
			"end":	10.00015,
			"seconds":	10.00015,
			"bytes":	35868887,
			"bits_per_second":	28694679.179812305,
			"sender":	true
		},
		"sum_received":	{
			"start":	0,
			"end":	10.197268,
			"seconds":	10.197268,
			"bytes":	35116863,
			"bits_per_second":	27550016.729971208,
			"sender":	true
		},
		"cpu_utilization_percent":	{
			"host_total":	5.0277055061547058,
			"host_user":	1.1747020902717071,
			"host_system":	3.8529025468781821,
			"remote_total":	0.03347704784165853,
			"remote_user":	0.00254229652197336,
			"remote_system":	0.030934751319685167
		},
		"receiver_tcp_congestion":	"cubic"
	}
}
