{
	"start":	{
		"connected":	[{
				"socket":	7,
				"local_host":	"10.145.64.217",
				"local_port":	57821,
				"remote_host":	"89.84.1.222",
				"remote_port":	5202
			}],
		"version":	"iperf 3.7",
		"system_info":	"Darwin SAMAC135.local 18.0.0 Darwin Kernel Version 18.0.0: Wed Aug 22 20:13:40 PDT 2018; root:xnu-4903.201.2~1/RELEASE_X86_64 x86_64",
		"timestamp":	{
			"time":	"Wed, 11 Mar 2020 15:18:33 UTC",
			"timesecs":	1583939913
		},
		"connecting_to":	{
			"host":	"bouygues.iperf.fr",
			"port":	5202
		},
		"cookie":	"3v6ntl3b3hs2ecd5nuosbvcgzk2epph5nu72",
		"tcp_mss_default":	1367,
		"sock_bufsize":	0,
		"sndbuf_actual":	131072,
		"rcvbuf_actual":	131072,
		"test_start":	{
			"protocol":	"TCP",
			"num_streams":	1,
			"blksize":	131072,
			"omit":	0,
			"duration":	10,
			"bytes":	0,
			"blocks":	0,
			"reverse":	0,
			"tos":	0
		}
	},
	"intervals":	[{
			"streams":	[{
					"socket":	7,
					"start":	0,
					"end":	1.004039,
					"seconds":	1.0040390491485596,
					"bytes":	187279,
					"bits_per_second":	1492204.9110246494,
					"omitted":	false,
					"sender":	true
				}],
			"sum":	{
				"start":	0,
				"end":	1.004039,
				"seconds":	1.0040390491485596,
				"bytes":	187279,
				"bits_per_second":	1492204.9110246494,
				"omitted":	false,
				"sender":	true
			}
		}, {
			"streams":	[{
					"socket":	7,
					"start":	1.004039,
					"end":	2.003951,
					"seconds":	0.99991202354431152,
					"bytes":	1571030,
					"bits_per_second":	12569345.806494378,
					"omitted":	false,
					"sender":	true
				}],
			"sum":	{
				"start":	1.004039,
				"end":	2.003951,
				"seconds":	0.99991202354431152,
				"bytes":	1571030,
				"bits_per_second":	12569345.806494378,
				"omitted":	false,
				"sender":	true
			}
		}, {
			"streams":	[{
					"socket":	7,
					"start":	2.003951,
					"end":	3.004312,
					"seconds":	1.0003609657287598,
					"bytes":	4022734,
					"bits_per_second":	32170259.638785094,
					"omitted":	false,
					"sender":	true
				}],
			"sum":	{
				"start":	2.003951,
				"end":	3.004312,
				"seconds":	1.0003609657287598,
				"bytes":	4022734,
				"bits_per_second":	32170259.638785094,
				"omitted":	false,
				"sender":	true
			}
		}, {
			"streams":	[{
					"socket":	7,
					"start":	3.004312,
					"end":	4.000112,
					"seconds":	0.99580001831054688,
					"bytes":	4772371,
					"bits_per_second":	38339995.278141916,
					"omitted":	false,
					"sender":	true
				}],
			"sum":	{
				"start":	3.004312,
				"end":	4.000112,
				"seconds":	0.99580001831054688,
				"bytes":	4772371,
				"bits_per_second":	38339995.278141916,
				"omitted":	false,
				"sender":	true
			}
		}, {
			"streams":	[{
					"socket":	7,
					"start":	4.000112,
					"end":	5.001709,
					"seconds":	1.0015970468521118,
					"bytes":	6296402,
					"bits_per_second":	50290899.077937707,
					"omitted":	false,
					"sender":	true
				}],
			"sum":	{
				"start":	4.000112,
				"end":	5.001709,
				"seconds":	1.0015970468521118,
				"bytes":	6296402,
				"bits_per_second":	50290899.077937707,
				"omitted":	false,
				"sender":	true
			}
		}, {
			"streams":	[{
					"socket":	7,
					"start":	5.001709,
					"end":	6.004688,
					"seconds":	1.002979040145874,
					"bytes":	7940903,
					"bits_per_second":	63338535.95859845,
					"omitted":	false,
					"sender":	true
				}],
			"sum":	{
				"start":	5.001709,
				"end":	6.004688,
				"seconds":	1.002979040145874,
				"bytes":	7940903,
				"bits_per_second":	63338535.95859845,
				"omitted":	false,
				"sender":	true
			}
		}, {
			"streams":	[{
					"socket":	7,
					"start":	6.004688,
					"end":	7.004579,
					"seconds":	0.99989098310470581,
					"bytes":	6997673,
					"bits_per_second":	55987487.58207152,
					"omitted":	false,
					"sender":	true
				}],
			"sum":	{
				"start":	6.004688,
				"end":	7.004579,
				"seconds":	0.99989098310470581,
				"bytes":	6997673,
				"bits_per_second":	55987487.58207152,
				"omitted":	false,
				"sender":	true
			}
		}, {
			"streams":	[{
					"socket":	7,
					"start":	7.004579,
					"end":	8.000019,
					"seconds":	0.99544000625610352,
					"bytes":	7279275,
					"bits_per_second":	58500964.029988661,
					"omitted":	false,
					"sender":	true
				}],
			"sum":	{
				"start":	7.004579,
				"end":	8.000019,
				"seconds":	0.99544000625610352,
				"bytes":	7279275,
				"bits_per_second":	58500964.029988661,
				"omitted":	false,
				"sender":	true
			}
		}, {
			"streams":	[{
					"socket":	7,
					"start":	8.000019,
					"end":	9.00357,
					"seconds":	1.0035510063171387,
					"bytes":	8617568,
					"bits_per_second":	68696601.932571471,
					"omitted":	false,
					"sender":	true
				}],
			"sum":	{
				"start":	8.000019,
				"end":	9.00357,
				"seconds":	1.0035510063171387,
				"bytes":	8617568,
				"bits_per_second":	68696601.932571471,
				"omitted":	false,
				"sender":	true
			}
		}, {
			"streams":	[{
					"socket":	7,
					"start":	9.00357,
					"end":	10.001663,
					"seconds":	0.99809300899505615,
					"bytes":	7421443,
					"bits_per_second":	59484981.324314721,
					"omitted":	false,
					"sender":	true
				}],
			"sum":	{
				"start":	9.00357,
				"end":	10.001663,
				"seconds":	0.99809300899505615,
				"bytes":	7421443,
				"bits_per_second":	59484981.324314721,
				"omitted":	false,
				"sender":	true
			}
		}],
	"end":	{
		"streams":	[{
				"sender":	{
					"socket":	7,
					"start":	0,
					"end":	10.001663,
					"seconds":	10.001663,
					"bytes":	55106678,
					"bits_per_second":	44078012.226566717,
					"sender":	true
				},
				"receiver":	{
					"socket":	7,
					"start":	0,
					"end":	10.176574,
					"seconds":	10.001663,
					"bytes":	54459913,
					"bits_per_second":	42811982.107141361,
					"sender":	true
				}
			}],
		"sum_sent":	{
			"start":	0,
			"end":	10.001663,
			"seconds":	10.001663,
			"bytes":	55106678,
			"bits_per_second":	44078012.226566717,
			"sender":	true
		},
		"sum_received":	{
			"start":	0,
			"end":	10.176574,
			"seconds":	10.176574,
			"bytes":	54459913,
			"bits_per_second":	42811982.107141361,
			"sender":	true
		},
		"cpu_utilization_percent":	{
			"host_total":	5.4736243580337494,
			"host_user":	1.2340700660308144,
			"host_system":	4.2394992663242848,
			"remote_total":	0.06806922955761617,
			"remote_user":	0.012832976660967846,
			"remote_system":	0.055237317476403681
		},
		"receiver_tcp_congestion":	"cubic"
	}
}
