{
	"start":	{
		"connected":	[{
				"socket":	7,
				"local_host":	"10.145.64.217",
				"local_port":	57683,
				"remote_host":	"89.84.1.222",
				"remote_port":	5202
			}],
		"version":	"iperf 3.7",
		"system_info":	"Darwin SAMAC135.local 18.0.0 Darwin Kernel Version 18.0.0: Wed Aug 22 20:13:40 PDT 2018; root:xnu-4903.201.2~1/RELEASE_X86_64 x86_64",
		"timestamp":	{
			"time":	"Wed, 11 Mar 2020 15:11:53 UTC",
			"timesecs":	1583939513
		},
		"connecting_to":	{
			"host":	"bouygues.iperf.fr",
			"port":	5202
		},
		"cookie":	"6m75z34rgk2cn3n4stopfhkh2b7sfaonlhn5",
		"tcp_mss_default":	1367,
		"sock_bufsize":	0,
		"sndbuf_actual":	131072,
		"rcvbuf_actual":	131072,
		"test_start":	{
			"protocol":	"TCP",
			"num_streams":	1,
			"blksize":	131072,
			"omit":	0,
			"duration":	10,
			"bytes":	0,
			"blocks":	0,
			"reverse":	0,
			"tos":	0
		}
	},
	"intervals":	[{
			"streams":	[{
					"socket":	7,
					"start":	0,
					"end":	1.002902,
					"seconds":	1.0029020309448242,
					"bytes":	184545,
					"bits_per_second":	1472087.9552005052,
					"omitted":	false,
					"sender":	true
				}],
			"sum":	{
				"start":	0,
				"end":	1.002902,
				"seconds":	1.0029020309448242,
				"bytes":	184545,
				"bits_per_second":	1472087.9552005052,
				"omitted":	false,
				"sender":	true
			}
		}, {
			"streams":	[{
					"socket":	7,
					"start":	1.002902,
					"end":	2.000924,
					"seconds":	0.99802201986312866,
					"bytes":	1551992,
					"bits_per_second":	12440543.147237126,
					"omitted":	false,
					"sender":	true
				}],
			"sum":	{
				"start":	1.002902,
				"end":	2.000924,
				"seconds":	0.99802201986312866,
				"bytes":	1551992,
				"bits_per_second":	12440543.147237126,
				"omitted":	false,
				"sender":	true
			}
		}, {
			"streams":	[{
					"socket":	7,
					"start":	2.000924,
					"end":	3.004477,
					"seconds":	1.003553032875061,
					"bytes":	3056339,
					"bits_per_second":	24364145.390454948,
					"omitted":	false,
					"sender":	true
				}],
			"sum":	{
				"start":	2.000924,
				"end":	3.004477,
				"seconds":	1.003553032875061,
				"bytes":	3056339,
				"bits_per_second":	24364145.390454948,
				"omitted":	false,
				"sender":	true
			}
		}, {
			"streams":	[{
					"socket":	7,
					"start":	3.004477,
					"end":	4.003045,
					"seconds":	0.99856799840927124,
					"bytes":	537057,
					"bits_per_second":	4302617.3548965091,
					"omitted":	false,
					"sender":	true
				}],
			"sum":	{
				"start":	3.004477,
				"end":	4.003045,
				"seconds":	0.99856799840927124,
				"bytes":	537057,
				"bits_per_second":	4302617.3548965091,
				"omitted":	false,
				"sender":	true
			}
		}, {
			"streams":	[{
					"socket":	7,
					"start":	4.003045,
					"end":	5.002082,
					"seconds":	0.99903702735900879,
					"bytes":	4185928,
					"bits_per_second":	33519702.556496069,
					"omitted":	false,
					"sender":	true
				}],
			"sum":	{
				"start":	4.003045,
				"end":	5.002082,
				"seconds":	0.99903702735900879,
				"bytes":	4185928,
				"bits_per_second":	33519702.556496069,
				"omitted":	false,
				"sender":	true
			}
		}, {
			"streams":	[{
					"socket":	7,
					"start":	5.002082,
					"end":	6.004069,
					"seconds":	1.0019869804382324,
					"bytes":	6393459,
					"bits_per_second":	51046244.1115052,
					"omitted":	false,
					"sender":	true
				}],
			"sum":	{
				"start":	5.002082,
				"end":	6.004069,
				"seconds":	1.0019869804382324,
				"bytes":	6393459,
				"bits_per_second":	51046244.1115052,
				"omitted":	false,
				"sender":	true
			}
		}, {
			"streams":	[{
					"socket":	7,
					"start":	6.004069,
					"end":	7.000055,
					"seconds":	0.99598598480224609,
					"bytes":	5748235,
					"bits_per_second":	46171211.946451776,
					"omitted":	false,
					"sender":	true
				}],
			"sum":	{
				"start":	6.004069,
				"end":	7.000055,
				"seconds":	0.99598598480224609,
				"bytes":	5748235,
				"bits_per_second":	46171211.946451776,
				"omitted":	false,
				"sender":	true
			}
		}, {
			"streams":	[{
					"socket":	7,
					"start":	7.000055,
					"end":	8.003204,
					"seconds":	1.0031490325927734,
					"bytes":	6908818,
					"bits_per_second":	55097041.620172679,
					"omitted":	false,
					"sender":	true
				}],
			"sum":	{
				"start":	7.000055,
				"end":	8.003204,
				"seconds":	1.0031490325927734,
				"bytes":	6908818,
				"bits_per_second":	55097041.620172679,
				"omitted":	false,
				"sender":	true
			}
		}, {
			"streams":	[{
					"socket":	7,
					"start":	8.003204,
					"end":	9.002081,
					"seconds":	0.99887698888778687,
					"bytes":	6233520,
					"bits_per_second":	49924225.45996017,
					"omitted":	false,
					"sender":	true
				}],
			"sum":	{
				"start":	8.003204,
				"end":	9.002081,
				"seconds":	0.99887698888778687,
				"bytes":	6233520,
				"bits_per_second":	49924225.45996017,
				"omitted":	false,
				"sender":	true
			}
		}, {
			"streams":	[{
					"socket":	7,
					"start":	9.002081,
					"end":	10.000525,
					"seconds":	0.99844402074813843,
					"bytes":	7417342,
					"bits_per_second":	59431209.72925175,
					"omitted":	false,
					"sender":	true
				}],
			"sum":	{
				"start":	9.002081,
				"end":	10.000525,
				"seconds":	0.99844402074813843,
				"bytes":	7417342,
				"bits_per_second":	59431209.72925175,
				"omitted":	false,
				"sender":	true
			}
		}],
	"end":	{
		"streams":	[{
				"sender":	{
					"socket":	7,
					"start":	0,
					"end":	10.000525,
					"seconds":	10.000525,
					"bytes":	42217235,
					"bits_per_second":	33772014.969214119,
					"sender":	true
				},
				"receiver":	{
					"socket":	7,
					"start":	0,
					"end":	10.172584,
					"seconds":	10.000525,
					"bytes":	41368154,
					"bits_per_second":	32533054.728277493,
					"sender":	true
				}
			}],
		"sum_sent":	{
			"start":	0,
			"end":	10.000525,
			"seconds":	10.000525,
			"bytes":	42217235,
			"bits_per_second":	33772014.969214119,
			"sender":	true
		},
		"sum_received":	{
			"start":	0,
			"end":	10.172584,
			"seconds":	10.172584,
			"bytes":	41368154,
			"bits_per_second":	32533054.728277493,
			"sender":	true
		},
		"cpu_utilization_percent":	{
			"host_total":	5.3293069544772829,
			"host_user":	1.2063766133778921,
			"host_system":	4.1228198948643877,
			"remote_total":	0.10506311958502323,
			"remote_user":	0.020661251516212953,
			"remote_system":	0.084401868068810282
		},
		"receiver_tcp_congestion":	"cubic"
	}
}
