{
	"start":	{
		"connected":	[{
				"socket":	7,
				"local_host":	"10.145.64.217",
				"local_port":	57987,
				"remote_host":	"89.84.1.222",
				"remote_port":	5202
			}],
		"version":	"iperf 3.7",
		"system_info":	"Darwin SAMAC135.local 18.0.0 Darwin Kernel Version 18.0.0: Wed Aug 22 20:13:40 PDT 2018; root:xnu-4903.201.2~1/RELEASE_X86_64 x86_64",
		"timestamp":	{
			"time":	"Wed, 11 Mar 2020 15:25:26 UTC",
			"timesecs":	1583940326
		},
		"connecting_to":	{
			"host":	"bouygues.iperf.fr",
			"port":	5202
		},
		"cookie":	"xyv356xe6qmvsuwvxn4wv2ofbpkb644w2jk4",
		"tcp_mss_default":	1367,
		"sock_bufsize":	0,
		"sndbuf_actual":	131072,
		"rcvbuf_actual":	131072,
		"test_start":	{
			"protocol":	"TCP",
			"num_streams":	1,
			"blksize":	131072,
			"omit":	0,
			"duration":	10,
			"bytes":	0,
			"blocks":	0,
			"reverse":	0,
			"tos":	0
		}
	},
	"intervals":	[{
			"streams":	[{
					"socket":	7,
					"start":	0,
					"end":	1.003904,
					"seconds":	1.0039039850234985,
					"bytes":	158572,
					"bits_per_second":	1263642.75759928,
					"omitted":	false,
					"sender":	true
				}],
			"sum":	{
				"start":	0,
				"end":	1.003904,
				"seconds":	1.0039039850234985,
				"bytes":	158572,
				"bits_per_second":	1263642.75759928,
				"omitted":	false,
				"sender":	true
			}
		}, {
			"streams":	[{
					"socket":	7,
					"start":	1.003904,
					"end":	2.000597,
					"seconds":	0.99669301509857178,
					"bytes":	1204874,
					"bits_per_second":	9670973.7642203849,
					"omitted":	false,
					"sender":	true
				}],
			"sum":	{
				"start":	1.003904,
				"end":	2.000597,
				"seconds":	0.99669301509857178,
				"bytes":	1204874,
				"bits_per_second":	9670973.7642203849,
				"omitted":	false,
				"sender":	true
			}
		}, {
			"streams":	[{
					"socket":	7,
					"start":	2.000597,
					"end":	3.000585,
					"seconds":	0.99998801946640015,
					"bytes":	4103361,
					"bits_per_second":	32827281.288346466,
					"omitted":	false,
					"sender":	true
				}],
			"sum":	{
				"start":	2.000597,
				"end":	3.000585,
				"seconds":	0.99998801946640015,
				"bytes":	4103361,
				"bits_per_second":	32827281.288346466,
				"omitted":	false,
				"sender":	true
			}
		}, {
			"streams":	[{
					"socket":	7,
					"start":	3.000585,
					"end":	4.004862,
					"seconds":	1.0042769908905029,
					"bytes":	1488469,
					"bits_per_second":	11857039.549856929,
					"omitted":	false,
					"sender":	true
				}],
			"sum":	{
				"start":	3.000585,
				"end":	4.004862,
				"seconds":	1.0042769908905029,
				"bytes":	1488469,
				"bits_per_second":	11857039.549856929,
				"omitted":	false,
				"sender":	true
			}
		}, {
			"streams":	[{
					"socket":	7,
					"start":	4.004862,
					"end":	5.004091,
					"seconds":	0.99922901391983032,
					"bytes":	6143492,
					"bits_per_second":	49185857.611559719,
					"omitted":	false,
					"sender":	true
				}],
			"sum":	{
				"start":	4.004862,
				"end":	5.004091,
				"seconds":	0.99922901391983032,
				"bytes":	6143492,
				"bits_per_second":	49185857.611559719,
				"omitted":	false,
				"sender":	true
			}
		}, {
			"streams":	[{
					"socket":	7,
					"start":	5.004091,
					"end":	6.000467,
					"seconds":	0.99637597799301147,
					"bytes":	6644987,
					"bits_per_second":	53353249.34978798,
					"omitted":	false,
					"sender":	true
				}],
			"sum":	{
				"start":	5.004091,
				"end":	6.000467,
				"seconds":	0.99637597799301147,
				"bytes":	6644987,
				"bits_per_second":	53353249.34978798,
				"omitted":	false,
				"sender":	true
			}
		}, {
			"streams":	[{
					"socket":	7,
					"start":	6.000467,
					"end":	7.000977,
					"seconds":	1.0005099773406982,
					"bytes":	7005875,
					"bits_per_second":	56018431.869085319,
					"omitted":	false,
					"sender":	true
				}],
			"sum":	{
				"start":	6.000467,
				"end":	7.000977,
				"seconds":	1.0005099773406982,
				"bytes":	7005875,
				"bits_per_second":	56018431.869085319,
				"omitted":	false,
				"sender":	true
			}
		}, {
			"streams":	[{
					"socket":	7,
					"start":	7.000977,
					"end":	8.000073,
					"seconds":	0.99909597635269165,
					"bytes":	7254669,
					"bits_per_second":	58089866.613087222,
					"omitted":	false,
					"sender":	true
				}],
			"sum":	{
				"start":	7.000977,
				"end":	8.000073,
				"seconds":	0.99909597635269165,
				"bytes":	7254669,
				"bits_per_second":	58089866.613087222,
				"omitted":	false,
				"sender":	true
			}
		}, {
			"streams":	[{
					"socket":	7,
					"start":	8.000073,
					"end":	9.002913,
					"seconds":	1.0028400421142578,
					"bytes":	7443315,
					"bits_per_second":	59377884.30791001,
					"omitted":	false,
					"sender":	true
				}],
			"sum":	{
				"start":	8.000073,
				"end":	9.002913,
				"seconds":	1.0028400421142578,
				"bytes":	7443315,
				"bits_per_second":	59377884.30791001,
				"omitted":	false,
				"sender":	true
			}
		}, {
			"streams":	[{
					"socket":	7,
					"start":	9.002913,
					"end":	10.000452,
					"seconds":	0.9975389838218689,
					"bytes":	7534904,
					"bits_per_second":	60427946.153094,
					"omitted":	false,
					"sender":	true
				}],
			"sum":	{
				"start":	9.002913,
				"end":	10.000452,
				"seconds":	0.9975389838218689,
				"bytes":	7534904,
				"bits_per_second":	60427946.153094,
				"omitted":	false,
				"sender":	true
			}
		}],
	"end":	{
		"streams":	[{
				"sender":	{
					"socket":	7,
					"start":	0,
					"end":	10.000452,
					"seconds":	10.000452,
					"bytes":	48982518,
					"bits_per_second":	39184243.2722041,
					"sender":	true
				},
				"receiver":	{
					"socket":	7,
					"start":	0,
					"end":	10.183469,
					"seconds":	10.000452,
					"bytes":	48406837,
					"bits_per_second":	38027777.764139116,
					"sender":	true
				}
			}],
		"sum_sent":	{
			"start":	0,
			"end":	10.000452,
			"seconds":	10.000452,
			"bytes":	48982518,
			"bits_per_second":	39184243.2722041,
			"sender":	true
		},
		"sum_received":	{
			"start":	0,
			"end":	10.183469,
			"seconds":	10.183469,
			"bytes":	48406837,
			"bits_per_second":	38027777.764139116,
			"sender":	true
		},
		"cpu_utilization_percent":	{
			"host_total":	5.35076622735854,
			"host_user":	1.1832840077807625,
			"host_system":	4.1674000939699454,
			"remote_total":	0.26262280918919656,
			"remote_user":	0.13654149907755334,
			"remote_system":	0.12608131011164317
		},
		"receiver_tcp_congestion":	"cubic"
	}
}
