{
	"start":	{
		"connected":	[{
				"socket":	7,
				"local_host":	"10.145.64.217",
				"local_port":	58184,
				"remote_host":	"89.84.1.222",
				"remote_port":	5202
			}],
		"version":	"iperf 3.7",
		"system_info":	"Darwin SAMAC135.local 18.0.0 Darwin Kernel Version 18.0.0: Wed Aug 22 20:13:40 PDT 2018; root:xnu-4903.201.2~1/RELEASE_X86_64 x86_64",
		"timestamp":	{
			"time":	"Wed, 11 Mar 2020 15:32:07 UTC",
			"timesecs":	1583940727
		},
		"connecting_to":	{
			"host":	"bouygues.iperf.fr",
			"port":	5202
		},
		"cookie":	"f3mck5dw3dbry3kef4n7zysfudtegkffzsbw",
		"tcp_mss_default":	1367,
		"sock_bufsize":	0,
		"sndbuf_actual":	131072,
		"rcvbuf_actual":	131072,
		"test_start":	{
			"protocol":	"TCP",
			"num_streams":	1,
			"blksize":	131072,
			"omit":	0,
			"duration":	10,
			"bytes":	0,
			"blocks":	0,
			"reverse":	0,
			"tos":	0
		}
	},
	"intervals":	[{
			"streams":	[{
					"socket":	7,
					"start":	0,
					"end":	1.001987,
					"seconds":	1.0019869804382324,
					"bytes":	181811,
					"bits_per_second":	1451603.6918602078,
					"omitted":	false,
					"sender":	true
				}],
			"sum":	{
				"start":	0,
				"end":	1.001987,
				"seconds":	1.0019869804382324,
				"bytes":	181811,
				"bits_per_second":	1451603.6918602078,
				"omitted":	false,
				"sender":	true
			}
		}, {
			"streams":	[{
					"socket":	7,
					"start":	1.001987,
					"end":	2.000502,
					"seconds":	0.99851500988006592,
					"bytes":	2057452,
					"bits_per_second":	16484094.717791978,
					"omitted":	false,
					"sender":	true
				}],
			"sum":	{
				"start":	1.001987,
				"end":	2.000502,
				"seconds":	0.99851500988006592,
				"bytes":	2057452,
				"bits_per_second":	16484094.717791978,
				"omitted":	false,
				"sender":	true
			}
		}, {
			"streams":	[{
					"socket":	7,
					"start":	2.000502,
					"end":	3.002056,
					"seconds":	1.001554012298584,
					"bytes":	4308841,
					"bits_per_second":	34417243.180813663,
					"omitted":	false,
					"sender":	true
				}],
			"sum":	{
				"start":	2.000502,
				"end":	3.002056,
				"seconds":	1.001554012298584,
				"bytes":	4308841,
				"bits_per_second":	34417243.180813663,
				"omitted":	false,
				"sender":	true
			}
		}, {
			"streams":	[{
					"socket":	7,
					"start":	3.002056,
					"end":	4.000122,
					"seconds":	0.9980660080909729,
					"bytes":	1921828,
					"bits_per_second":	15404416.015938113,
					"omitted":	false,
					"sender":	true
				}],
			"sum":	{
				"start":	3.002056,
				"end":	4.000122,
				"seconds":	0.9980660080909729,
				"bytes":	1921828,
				"bits_per_second":	15404416.015938113,
				"omitted":	false,
				"sender":	true
			}
		}, {
			"streams":	[{
					"socket":	7,
					"start":	4.000122,
					"end":	5.000691,
					"seconds":	1.0005689859390259,
					"bytes":	6046415,
					"bits_per_second":	48343813.050135575,
					"omitted":	false,
					"sender":	true
				}],
			"sum":	{
				"start":	4.000122,
				"end":	5.000691,
				"seconds":	1.0005689859390259,
				"bytes":	6046415,
				"bits_per_second":	48343813.050135575,
				"omitted":	false,
				"sender":	true
			}
		}, {
			"streams":	[{
					"socket":	7,
					"start":	5.000691,
					"end":	6.000109,
					"seconds":	0.99941802024841309,
					"bytes":	1515829,
					"bits_per_second":	12133693.563966189,
					"omitted":	false,
					"sender":	true
				}],
			"sum":	{
				"start":	5.000691,
				"end":	6.000109,
				"seconds":	0.99941802024841309,
				"bytes":	1515829,
				"bits_per_second":	12133693.563966189,
				"omitted":	false,
				"sender":	true
			}
		}, {
			"streams":	[{
					"socket":	7,
					"start":	6.000109,
					"end":	7.002112,
					"seconds":	1.0020029544830322,
					"bytes":	6140738,
					"bits_per_second":	49027703.740999192,
					"omitted":	false,
					"sender":	true
				}],
			"sum":	{
				"start":	6.000109,
				"end":	7.002112,
				"seconds":	1.0020029544830322,
				"bytes":	6140738,
				"bits_per_second":	49027703.740999192,
				"omitted":	false,
				"sender":	true
			}
		}, {
			"streams":	[{
					"socket":	7,
					"start":	7.002112,
					"end":	8.002393,
					"seconds":	1.0002809762954712,
					"bytes":	8225239,
					"bits_per_second":	65783428.415980287,
					"omitted":	false,
					"sender":	true
				}],
			"sum":	{
				"start":	7.002112,
				"end":	8.002393,
				"seconds":	1.0002809762954712,
				"bytes":	8225239,
				"bits_per_second":	65783428.415980287,
				"omitted":	false,
				"sender":	true
			}
		}, {
			"streams":	[{
					"socket":	7,
					"start":	8.002393,
					"end":	9.002487,
					"seconds":	1.0000940561294556,
					"bytes":	8119980,
					"bits_per_second":	64953730.703496329,
					"omitted":	false,
					"sender":	true
				}],
			"sum":	{
				"start":	8.002393,
				"end":	9.002487,
				"seconds":	1.0000940561294556,
				"bytes":	8119980,
				"bits_per_second":	64953730.703496329,
				"omitted":	false,
				"sender":	true
			}
		}, {
			"streams":	[{
					"socket":	7,
					"start":	9.002487,
					"end":	10.003069,
					"seconds":	1.0005819797515869,
					"bytes":	9465108,
					"bits_per_second":	75676821.622151449,
					"omitted":	false,
					"sender":	true
				}],
			"sum":	{
				"start":	9.002487,
				"end":	10.003069,
				"seconds":	1.0005819797515869,
				"bytes":	9465108,
				"bits_per_second":	75676821.622151449,
				"omitted":	false,
				"sender":	true
			}
		}],
	"end":	{
		"streams":	[{
				"sender":	{
					"socket":	7,
					"start":	0,
					"end":	10.003069,
					"seconds":	10.003069,
					"bytes":	47983241,
					"bits_per_second":	38374815.56910184,
					"sender":	true
				},
				"receiver":	{
					"socket":	7,
					"start":	0,
					"end":	10.175624,
					"seconds":	10.003069,
					"bytes":	47504617,
					"bits_per_second":	37347777.001194231,
					"sender":	true
				}
			}],
		"sum_sent":	{
			"start":	0,
			"end":	10.003069,
			"seconds":	10.003069,
			"bytes":	47983241,
			"bits_per_second":	38374815.56910184,
			"sender":	true
		},
		"sum_received":	{
			"start":	0,
			"end":	10.175624,
			"seconds":	10.175624,
			"bytes":	47504617,
			"bits_per_second":	37347777.001194231,
			"sender":	true
		},
		"cpu_utilization_percent":	{
			"host_total":	5.2604542565434675,
			"host_user":	1.1316849330848822,
			"host_system":	4.1286773135612655,
			"remote_total":	0.094450263448447161,
			"remote_user":	0.02941275441612487,
			"remote_system":	0.065038379670051813
		},
		"receiver_tcp_congestion":	"cubic"
	}
}
