{
	"start":	{
		"connected":	[{
				"socket":	7,
				"local_host":	"10.145.64.217",
				"local_port":	57748,
				"remote_host":	"89.84.1.222",
				"remote_port":	5202
			}],
		"version":	"iperf 3.7",
		"system_info":	"Darwin SAMAC135.local 18.0.0 Darwin Kernel Version 18.0.0: Wed Aug 22 20:13:40 PDT 2018; root:xnu-4903.201.2~1/RELEASE_X86_64 x86_64",
		"timestamp":	{
			"time":	"Wed, 11 Mar 2020 15:15:24 UTC",
			"timesecs":	1583939724
		},
		"connecting_to":	{
			"host":	"bouygues.iperf.fr",
			"port":	5202
		},
		"cookie":	"lrpveazil2qdsfpwruup5ok5dponuxgsqvk7",
		"tcp_mss_default":	1367,
		"sock_bufsize":	0,
		"sndbuf_actual":	131072,
		"rcvbuf_actual":	131072,
		"test_start":	{
			"protocol":	"TCP",
			"num_streams":	1,
			"blksize":	131072,
			"omit":	0,
			"duration":	10,
			"bytes":	0,
			"blocks":	0,
			"reverse":	0,
			"tos":	0
		}
	},
	"intervals":	[{
			"streams":	[{
					"socket":	7,
					"start":	0,
					"end":	1.004492,
					"seconds":	1.0044920444488525,
					"bytes":	181811,
					"bits_per_second":	1447983.5933375186,
					"omitted":	false,
					"sender":	true
				}],
			"sum":	{
				"start":	0,
				"end":	1.004492,
				"seconds":	1.0044920444488525,
				"bytes":	181811,
				"bits_per_second":	1447983.5933375186,
				"omitted":	false,
				"sender":	true
			}
		}, {
			"streams":	[{
					"socket":	7,
					"start":	1.004492,
					"end":	2.003698,
					"seconds":	0.999206006526947,
					"bytes":	1077873,
					"bits_per_second":	8629836.0334841032,
					"omitted":	false,
					"sender":	true
				}],
			"sum":	{
				"start":	1.004492,
				"end":	2.003698,
				"seconds":	0.999206006526947,
				"bytes":	1077873,
				"bits_per_second":	8629836.0334841032,
				"omitted":	false,
				"sender":	true
			}
		}, {
			"streams":	[{
					"socket":	7,
					"start":	2.003698,
					"end":	3.00023,
					"seconds":	0.99653202295303345,
					"bytes":	4889082,
					"bits_per_second":	39248769.832902178,
					"omitted":	false,
					"sender":	true
				}],
			"sum":	{
				"start":	2.003698,
				"end":	3.00023,
				"seconds":	0.99653202295303345,
				"bytes":	4889082,
				"bits_per_second":	39248769.832902178,
				"omitted":	false,
				"sender":	true
			}
		}, {
			"streams":	[{
					"socket":	7,
					"start":	3.00023,
					"end":	4.001189,
					"seconds":	1.000959038734436,
					"bytes":	1982877,
					"bits_per_second":	15847817.32932491,
					"omitted":	false,
					"sender":	true
				}],
			"sum":	{
				"start":	3.00023,
				"end":	4.001189,
				"seconds":	1.000959038734436,
				"bytes":	1982877,
				"bits_per_second":	15847817.32932491,
				"omitted":	false,
				"sender":	true
			}
		}, {
			"streams":	[{
					"socket":	7,
					"start":	4.001189,
					"end":	5.004673,
					"seconds":	1.0034840106964111,
					"bytes":	6388805,
					"bits_per_second":	50932988.92179627,
					"omitted":	false,
					"sender":	true
				}],
			"sum":	{
				"start":	4.001189,
				"end":	5.004673,
				"seconds":	1.0034840106964111,
				"bytes":	6388805,
				"bits_per_second":	50932988.92179627,
				"omitted":	false,
				"sender":	true
			}
		}, {
			"streams":	[{
					"socket":	7,
					"start":	5.004673,
					"end":	6.003747,
					"seconds":	0.99907398223876953,
					"bytes":	6895148,
					"bits_per_second":	55212311.581162751,
					"omitted":	false,
					"sender":	true
				}],
			"sum":	{
				"start":	5.004673,
				"end":	6.003747,
				"seconds":	0.99907398223876953,
				"bytes":	6895148,
				"bits_per_second":	55212311.581162751,
				"omitted":	false,
				"sender":	true
			}
		}, {
			"streams":	[{
					"socket":	7,
					"start":	6.003747,
					"end":	7.003273,
					"seconds":	0.99952602386474609,
					"bytes":	8718726,
					"bits_per_second":	69782883.421390951,
					"omitted":	false,
					"sender":	true
				}],
			"sum":	{
				"start":	6.003747,
				"end":	7.003273,
				"seconds":	0.99952602386474609,
				"bytes":	8718726,
				"bits_per_second":	69782883.421390951,
				"omitted":	false,
				"sender":	true
			}
		}, {
			"streams":	[{
					"socket":	7,
					"start":	7.003273,
					"end":	8.00056,
					"seconds":	0.99728697538375854,
					"bytes":	7526702,
					"bits_per_second":	60377421.430606417,
					"omitted":	false,
					"sender":	true
				}],
			"sum":	{
				"start":	7.003273,
				"end":	8.00056,
				"seconds":	0.99728697538375854,
				"bytes":	7526702,
				"bits_per_second":	60377421.430606417,
				"omitted":	false,
				"sender":	true
			}
		}, {
			"streams":	[{
					"socket":	7,
					"start":	8.00056,
					"end":	9.003788,
					"seconds":	1.0032279491424561,
					"bytes":	7692109,
					"bits_per_second":	61338873.236736253,
					"omitted":	false,
					"sender":	true
				}],
			"sum":	{
				"start":	8.00056,
				"end":	9.003788,
				"seconds":	1.0032279491424561,
				"bytes":	7692109,
				"bits_per_second":	61338873.236736253,
				"omitted":	false,
				"sender":	true
			}
		}, {
			"streams":	[{
					"socket":	7,
					"start":	9.003788,
					"end":	10.001048,
					"seconds":	0.99725997447967529,
					"bytes":	7804203,
					"bits_per_second":	62605163.746369161,
					"omitted":	false,
					"sender":	true
				}],
			"sum":	{
				"start":	9.003788,
				"end":	10.001048,
				"seconds":	0.99725997447967529,
				"bytes":	7804203,
				"bits_per_second":	62605163.746369161,
				"omitted":	false,
				"sender":	true
			}
		}],
	"end":	{
		"streams":	[{
				"sender":	{
					"socket":	7,
					"start":	0,
					"end":	10.001048,
					"seconds":	10.001048,
					"bytes":	53157336,
					"bits_per_second":	42521412.555964135,
					"sender":	true
				},
				"receiver":	{
					"socket":	7,
					"start":	0,
					"end":	10.194546,
					"seconds":	10.001048,
					"bytes":	52628133,
					"bits_per_second":	41299049.903742649,
					"sender":	true
				}
			}],
		"sum_sent":	{
			"start":	0,
			"end":	10.001048,
			"seconds":	10.001048,
			"bytes":	53157336,
			"bits_per_second":	42521412.555964135,
			"sender":	true
		},
		"sum_received":	{
			"start":	0,
			"end":	10.194546,
			"seconds":	10.194546,
			"bytes":	52628133,
			"bits_per_second":	41299049.903742649,
			"sender":	true
		},
		"cpu_utilization_percent":	{
			"host_total":	5.562664165377198,
			"host_user":	1.232924427516034,
			"host_system":	4.3296575867132754,
			"remote_total":	0.052193222994276811,
			"remote_user":	0.011147070781490851,
			"remote_system":	0.041046152212785951
		},
		"receiver_tcp_congestion":	"cubic"
	}
}
