{
	"start":	{
		"connected":	[{
				"socket":	7,
				"local_host":	"10.145.64.217",
				"local_port":	58684,
				"remote_host":	"89.84.1.222",
				"remote_port":	5202
			}],
		"version":	"iperf 3.7",
		"system_info":	"Darwin SAMAC135.local 18.0.0 Darwin Kernel Version 18.0.0: Wed Aug 22 20:13:40 PDT 2018; root:xnu-4903.201.2~1/RELEASE_X86_64 x86_64",
		"timestamp":	{
			"time":	"Wed, 11 Mar 2020 15:56:13 UTC",
			"timesecs":	1583942173
		},
		"connecting_to":	{
			"host":	"bouygues.iperf.fr",
			"port":	5202
		},
		"cookie":	"ihwkg7kr2veksp4yrxruyjsswedia62u466d",
		"tcp_mss_default":	1367,
		"sock_bufsize":	0,
		"sndbuf_actual":	131072,
		"rcvbuf_actual":	131072,
		"test_start":	{
			"protocol":	"TCP",
			"num_streams":	1,
			"blksize":	131072,
			"omit":	0,
			"duration":	10,
			"bytes":	0,
			"blocks":	0,
			"reverse":	0,
			"tos":	0
		}
	},
	"intervals":	[{
			"streams":	[{
					"socket":	7,
					"start":	0,
					"end":	1.003303,
					"seconds":	1.003303050994873,
					"bytes":	188646,
					"bits_per_second":	1504199.5521727083,
					"omitted":	false,
					"sender":	true
				}],
			"sum":	{
				"start":	0,
				"end":	1.003303,
				"seconds":	1.003303050994873,
				"bytes":	188646,
				"bits_per_second":	1504199.5521727083,
				"omitted":	false,
				"sender":	true
			}
		}, {
			"streams":	[{
					"socket":	7,
					"start":	1.003303,
					"end":	2.004127,
					"seconds":	1.000823974609375,
					"bytes":	1784242,
					"bits_per_second":	14262184.322244244,
					"omitted":	false,
					"sender":	true
				}],
			"sum":	{
				"start":	1.003303,
				"end":	2.004127,
				"seconds":	1.000823974609375,
				"bytes":	1784242,
				"bits_per_second":	14262184.322244244,
				"omitted":	false,
				"sender":	true
			}
		}, {
			"streams":	[{
					"socket":	7,
					"start":	2.004127,
					"end":	3.00053,
					"seconds":	0.99640297889709473,
					"bytes":	2953954,
					"bits_per_second":	23716942.342100926,
					"omitted":	false,
					"sender":	true
				}],
			"sum":	{
				"start":	2.004127,
				"end":	3.00053,
				"seconds":	0.99640297889709473,
				"bytes":	2953954,
				"bits_per_second":	23716942.342100926,
				"omitted":	false,
				"sender":	true
			}
		}, {
			"streams":	[{
					"socket":	7,
					"start":	3.00053,
					"end":	4.001244,
					"seconds":	1.0007139444351196,
					"bytes":	0,
					"bits_per_second":	0,
					"omitted":	false,
					"sender":	true
				}],
			"sum":	{
				"start":	3.00053,
				"end":	4.001244,
				"seconds":	1.0007139444351196,
				"bytes":	0,
				"bits_per_second":	0,
				"omitted":	false,
				"sender":	true
			}
		}, {
			"streams":	[{
					"socket":	7,
					"start":	4.001244,
					"end":	5.00082,
					"seconds":	0.99957597255706787,
					"bytes":	0,
					"bits_per_second":	0,
					"omitted":	false,
					"sender":	true
				}],
			"sum":	{
				"start":	4.001244,
				"end":	5.00082,
				"seconds":	0.99957597255706787,
				"bytes":	0,
				"bits_per_second":	0,
				"omitted":	false,
				"sender":	true
			}
		}, {
			"streams":	[{
					"socket":	7,
					"start":	5.00082,
					"end":	6.000012,
					"seconds":	0.9991919994354248,
					"bytes":	0,
					"bits_per_second":	0,
					"omitted":	false,
					"sender":	true
				}],
			"sum":	{
				"start":	5.00082,
				"end":	6.000012,
				"seconds":	0.9991919994354248,
				"bytes":	0,
				"bits_per_second":	0,
				"omitted":	false,
				"sender":	true
			}
		}, {
			"streams":	[{
					"socket":	7,
					"start":	6.000012,
					"end":	7.003352,
					"seconds":	1.0033400058746338,
					"bytes":	0,
					"bits_per_second":	0,
					"omitted":	false,
					"sender":	true
				}],
			"sum":	{
				"start":	6.000012,
				"end":	7.003352,
				"seconds":	1.0033400058746338,
				"bytes":	0,
				"bits_per_second":	0,
				"omitted":	false,
				"sender":	true
			}
		}, {
			"streams":	[{
					"socket":	7,
					"start":	7.003352,
					"end":	8.001095,
					"seconds":	0.99774301052093506,
					"bytes":	0,
					"bits_per_second":	0,
					"omitted":	false,
					"sender":	true
				}],
			"sum":	{
				"start":	7.003352,
				"end":	8.001095,
				"seconds":	0.99774301052093506,
				"bytes":	0,
				"bits_per_second":	0,
				"omitted":	false,
				"sender":	true
			}
		}, {
			"streams":	[{
					"socket":	7,
					"start":	8.001095,
					"end":	9.004074,
					"seconds":	1.002979040145874,
					"bytes":	0,
					"bits_per_second":	0,
					"omitted":	false,
					"sender":	true
				}],
			"sum":	{
				"start":	8.001095,
				"end":	9.004074,
				"seconds":	1.002979040145874,
				"bytes":	0,
				"bits_per_second":	0,
				"omitted":	false,
				"sender":	true
			}
		}, {
			"streams":	[{
					"socket":	7,
					"start":	9.004074,
					"end":	10.002653,
					"seconds":	0.99857902526855469,
					"bytes":	0,
					"bits_per_second":	0,
					"omitted":	false,
					"sender":	true
				}],
			"sum":	{
				"start":	9.004074,
				"end":	10.002653,
				"seconds":	0.99857902526855469,
				"bytes":	0,
				"bits_per_second":	0,
				"omitted":	false,
				"sender":	true
			}
		}],
	"end":	{
		"streams":	[{
				"sender":	{
					"socket":	7,
					"start":	0,
					"end":	10.002653,
					"seconds":	10.002653,
					"bytes":	4926842,
					"bits_per_second":	3940428.2043973734,
					"sender":	true
				},
				"receiver":	{
					"socket":	7,
					"start":	0,
					"end":	10.182953,
					"seconds":	10.002653,
					"bytes":	4776298,
					"bits_per_second":	3752387.3477565893,
					"sender":	true
				}
			}],
		"sum_sent":	{
			"start":	0,
			"end":	10.002653,
			"seconds":	10.002653,
			"bytes":	4926842,
			"bits_per_second":	3940428.2043973734,
			"sender":	true
		},
		"sum_received":	{
			"start":	0,
			"end":	10.182953,
			"seconds":	10.182953,
			"bytes":	4776298,
			"bits_per_second":	3752387.3477565893,
			"sender":	true
		},
		"cpu_utilization_percent":	{
			"host_total":	3.4652748623644194,
			"host_user":	0.86030849845162849,
			"host_system":	2.6048469404159431,
			"remote_total":	0.0049498252946698655,
			"remote_user":	6.6472473981178047e-05,
			"remote_system":	0.0048833528206886877
		},
		"receiver_tcp_congestion":	"cubic"
	}
}
