{
	"start":	{
		"connected":	[{
				"socket":	7,
				"local_host":	"10.145.64.217",
				"local_port":	57476,
				"remote_host":	"89.84.1.222",
				"remote_port":	5202
			}],
		"version":	"iperf 3.7",
		"system_info":	"Darwin SAMAC135.local 18.0.0 Darwin Kernel Version 18.0.0: Wed Aug 22 20:13:40 PDT 2018; root:xnu-4903.201.2~1/RELEASE_X86_64 x86_64",
		"timestamp":	{
			"time":	"Wed, 11 Mar 2020 15:02:05 UTC",
			"timesecs":	1583938925
		},
		"connecting_to":	{
			"host":	"bouygues.iperf.fr",
			"port":	5202
		},
		"cookie":	"ho6thlavyvruige5ehixqllkvrq4y3uz56bs",
		"tcp_mss_default":	1367,
		"sock_bufsize":	0,
		"sndbuf_actual":	131072,
		"rcvbuf_actual":	131072,
		"test_start":	{
			"protocol":	"TCP",
			"num_streams":	1,
			"blksize":	131072,
			"omit":	0,
			"duration":	10,
			"bytes":	0,
			"blocks":	0,
			"reverse":	0,
			"tos":	0
		}
	},
	"intervals":	[{
			"streams":	[{
					"socket":	7,
					"start":	0,
					"end":	1.002815,
					"seconds":	1.0028150081634521,
					"bytes":	183178,
					"bits_per_second":	1461310.3992966425,
					"omitted":	false,
					"sender":	true
				}],
			"sum":	{
				"start":	0,
				"end":	1.002815,
				"seconds":	1.0028150081634521,
				"bytes":	183178,
				"bits_per_second":	1461310.3992966425,
				"omitted":	false,
				"sender":	true
			}
		}, {
			"streams":	[{
					"socket":	7,
					"start":	1.002815,
					"end":	2.004373,
					"seconds":	1.0015579462051392,
					"bytes":	1463197,
					"bits_per_second":	11687367.709828407,
					"omitted":	false,
					"sender":	true
				}],
			"sum":	{
				"start":	1.002815,
				"end":	2.004373,
				"seconds":	1.0015579462051392,
				"bytes":	1463197,
				"bits_per_second":	11687367.709828407,
				"omitted":	false,
				"sender":	true
			}
		}, {
			"streams":	[{
					"socket":	7,
					"start":	2.004373,
					"end":	3.003303,
					"seconds":	0.99892997741699219,
					"bytes":	4085630,
					"bits_per_second":	32720051.193694424,
					"omitted":	false,
					"sender":	true
				}],
			"sum":	{
				"start":	2.004373,
				"end":	3.003303,
				"seconds":	0.99892997741699219,
				"bytes":	4085630,
				"bits_per_second":	32720051.193694424,
				"omitted":	false,
				"sender":	true
			}
		}, {
			"streams":	[{
					"socket":	7,
					"start":	3.003303,
					"end":	4.001376,
					"seconds":	0.99807298183441162,
					"bytes":	1607418,
					"bits_per_second":	12884172.033557231,
					"omitted":	false,
					"sender":	true
				}],
			"sum":	{
				"start":	3.003303,
				"end":	4.001376,
				"seconds":	0.99807298183441162,
				"bytes":	1607418,
				"bits_per_second":	12884172.033557231,
				"omitted":	false,
				"sender":	true
			}
		}, {
			"streams":	[{
					"socket":	7,
					"start":	4.001376,
					"end":	5.000251,
					"seconds":	0.99887502193450928,
					"bytes":	6047782,
					"bits_per_second":	48436746.277125508,
					"omitted":	false,
					"sender":	true
				}],
			"sum":	{
				"start":	4.001376,
				"end":	5.000251,
				"seconds":	0.99887502193450928,
				"bytes":	6047782,
				"bits_per_second":	48436746.277125508,
				"omitted":	false,
				"sender":	true
			}
		}, {
			"streams":	[{
					"socket":	7,
					"start":	5.000251,
					"end":	6.004467,
					"seconds":	1.0042159557342529,
					"bytes":	8297690,
					"bits_per_second":	66102833.380558863,
					"omitted":	false,
					"sender":	true
				}],
			"sum":	{
				"start":	5.000251,
				"end":	6.004467,
				"seconds":	1.0042159557342529,
				"bytes":	8297690,
				"bits_per_second":	66102833.380558863,
				"omitted":	false,
				"sender":	true
			}
		}, {
			"streams":	[{
					"socket":	7,
					"start":	6.004467,
					"end":	7.003124,
					"seconds":	0.9986569881439209,
					"bytes":	7321652,
					"bits_per_second":	58651986.313000947,
					"omitted":	false,
					"sender":	true
				}],
			"sum":	{
				"start":	6.004467,
				"end":	7.003124,
				"seconds":	0.9986569881439209,
				"bytes":	7321652,
				"bits_per_second":	58651986.313000947,
				"omitted":	false,
				"sender":	true
			}
		}, {
			"streams":	[{
					"socket":	7,
					"start":	7.003124,
					"end":	8.001455,
					"seconds":	0.99833101034164429,
					"bytes":	9101486,
					"bits_per_second":	72933613.446588874,
					"omitted":	false,
					"sender":	true
				}],
			"sum":	{
				"start":	7.003124,
				"end":	8.001455,
				"seconds":	0.99833101034164429,
				"bytes":	9101486,
				"bits_per_second":	72933613.446588874,
				"omitted":	false,
				"sender":	true
			}
		}, {
			"streams":	[{
					"socket":	7,
					"start":	8.001455,
					"end":	9.004524,
					"seconds":	1.0030690431594849,
					"bytes":	9400859,
					"bits_per_second":	74976765.072035372,
					"omitted":	false,
					"sender":	true
				}],
			"sum":	{
				"start":	8.001455,
				"end":	9.004524,
				"seconds":	1.0030690431594849,
				"bytes":	9400859,
				"bits_per_second":	74976765.072035372,
				"omitted":	false,
				"sender":	true
			}
		}, {
			"streams":	[{
					"socket":	7,
					"start":	9.004524,
					"end":	10.001757,
					"seconds":	0.997232973575592,
					"bytes":	8018822,
					"bits_per_second":	64328574.866500109,
					"omitted":	false,
					"sender":	true
				}],
			"sum":	{
				"start":	9.004524,
				"end":	10.001757,
				"seconds":	0.997232973575592,
				"bytes":	8018822,
				"bits_per_second":	64328574.866500109,
				"omitted":	false,
				"sender":	true
			}
		}],
	"end":	{
		"streams":	[{
				"sender":	{
					"socket":	7,
					"start":	0,
					"end":	10.001757,
					"seconds":	10.001757,
					"bytes":	55527714,
					"bits_per_second":	44414367.59561345,
					"sender":	true
				},
				"receiver":	{
					"socket":	7,
					"start":	0,
					"end":	10.183651,
					"seconds":	10.001757,
					"bytes":	55034053,
					"bits_per_second":	43233259.270177267,
					"sender":	true
				}
			}],
		"sum_sent":	{
			"start":	0,
			"end":	10.001757,
			"seconds":	10.001757,
			"bytes":	55527714,
			"bits_per_second":	44414367.59561345,
			"sender":	true
		},
		"sum_received":	{
			"start":	0,
			"end":	10.183651,
			"seconds":	10.183651,
			"bytes":	55034053,
			"bits_per_second":	43233259.270177267,
			"sender":	true
		},
		"cpu_utilization_percent":	{
			"host_total":	5.4395729069013923,
			"host_user":	1.1479072847718608,
			"host_system":	4.2915003327367307,
			"remote_total":	0.14848317656044335,
			"remote_user":	0.022492090811673075,
			"remote_system":	0.12599108574877027
		},
		"receiver_tcp_congestion":	"cubic"
	}
}
