{
	"start":	{
		"connected":	[{
				"socket":	7,
				"local_host":	"10.145.64.217",
				"local_port":	58319,
				"remote_host":	"89.84.1.222",
				"remote_port":	5202
			}],
		"version":	"iperf 3.7",
		"system_info":	"Darwin SAMAC135.local 18.0.0 Darwin Kernel Version 18.0.0: Wed Aug 22 20:13:40 PDT 2018; root:xnu-4903.201.2~1/RELEASE_X86_64 x86_64",
		"timestamp":	{
			"time":	"Wed, 11 Mar 2020 15:38:59 UTC",
			"timesecs":	1583941139
		},
		"connecting_to":	{
			"host":	"bouygues.iperf.fr",
			"port":	5202
		},
		"cookie":	"hedmq6qoa32mqlr2cnd3xh47ynunsrnpnha2",
		"tcp_mss_default":	1367,
		"sock_bufsize":	0,
		"sndbuf_actual":	131072,
		"rcvbuf_actual":	131072,
		"test_start":	{
			"protocol":	"TCP",
			"num_streams":	1,
			"blksize":	131072,
			"omit":	0,
			"duration":	10,
			"bytes":	0,
			"blocks":	0,
			"reverse":	0,
			"tos":	0
		}
	},
	"intervals":	[{
			"streams":	[{
					"socket":	7,
					"start":	0,
					"end":	1.00342,
					"seconds":	1.0034199953079224,
					"bytes":	181811,
					"bits_per_second":	1449530.6121079011,
					"omitted":	false,
					"sender":	true
				}],
			"sum":	{
				"start":	0,
				"end":	1.00342,
				"seconds":	1.0034199953079224,
				"bytes":	181811,
				"bits_per_second":	1449530.6121079011,
				"omitted":	false,
				"sender":	true
			}
		}, {
			"streams":	[{
					"socket":	7,
					"start":	1.00342,
					"end":	2.004883,
					"seconds":	1.0014630556106567,
					"bytes":	1889441,
					"bits_per_second":	15093445.449950309,
					"omitted":	false,
					"sender":	true
				}],
			"sum":	{
				"start":	1.00342,
				"end":	2.004883,
				"seconds":	1.0014630556106567,
				"bytes":	1889441,
				"bits_per_second":	15093445.449950309,
				"omitted":	false,
				"sender":	true
			}
		}, {
			"streams":	[{
					"socket":	7,
					"start":	2.004883,
					"end":	3.003894,
					"seconds":	0.99901098012924194,
					"bytes":	5097470,
					"bits_per_second":	40820131.921597429,
					"omitted":	false,
					"sender":	true
				}],
			"sum":	{
				"start":	2.004883,
				"end":	3.003894,
				"seconds":	0.99901098012924194,
				"bytes":	5097470,
				"bits_per_second":	40820131.921597429,
				"omitted":	false,
				"sender":	true
			}
		}, {
			"streams":	[{
					"socket":	7,
					"start":	3.003894,
					"end":	4.000177,
					"seconds":	0.99628299474716187,
					"bytes":	1018241,
					"bits_per_second":	8176319.4222413534,
					"omitted":	false,
					"sender":	true
				}],
			"sum":	{
				"start":	3.003894,
				"end":	4.000177,
				"seconds":	0.99628299474716187,
				"bytes":	1018241,
				"bits_per_second":	8176319.4222413534,
				"omitted":	false,
				"sender":	true
			}
		}, {
			"streams":	[{
					"socket":	7,
					"start":	4.000177,
					"end":	5.0045,
					"seconds":	1.0043230056762695,
					"bytes":	2554243,
					"bits_per_second":	20345988.177618843,
					"omitted":	false,
					"sender":	true
				}],
			"sum":	{
				"start":	4.000177,
				"end":	5.0045,
				"seconds":	1.0043230056762695,
				"bytes":	2554243,
				"bits_per_second":	20345988.177618843,
				"omitted":	false,
				"sender":	true
			}
		}, {
			"streams":	[{
					"socket":	7,
					"start":	5.0045,
					"end":	6.004614,
					"seconds":	1.0001139640808105,
					"bytes":	6630804,
					"bits_per_second":	53040387.301015407,
					"omitted":	false,
					"sender":	true
				}],
			"sum":	{
				"start":	5.0045,
				"end":	6.004614,
				"seconds":	1.0001139640808105,
				"bytes":	6630804,
				"bits_per_second":	53040387.301015407,
				"omitted":	false,
				"sender":	true
			}
		}, {
			"streams":	[{
					"socket":	7,
					"start":	6.004614,
					"end":	7.004381,
					"seconds":	0.999767005443573,
					"bytes":	8694120,
					"bits_per_second":	69569169.237727538,
					"omitted":	false,
					"sender":	true
				}],
			"sum":	{
				"start":	6.004614,
				"end":	7.004381,
				"seconds":	0.999767005443573,
				"bytes":	8694120,
				"bits_per_second":	69569169.237727538,
				"omitted":	false,
				"sender":	true
			}
		}, {
			"streams":	[{
					"socket":	7,
					"start":	7.004381,
					"end":	8.003577,
					"seconds":	0.99919599294662476,
					"bytes":	1251998,
					"bits_per_second":	10024043.401598224,
					"omitted":	false,
					"sender":	true
				}],
			"sum":	{
				"start":	7.004381,
				"end":	8.003577,
				"seconds":	0.99919599294662476,
				"bytes":	1251998,
				"bits_per_second":	10024043.401598224,
				"omitted":	false,
				"sender":	true
			}
		}, {
			"streams":	[{
					"socket":	7,
					"start":	8.003577,
					"end":	9.000133,
					"seconds":	0.99655598402023315,
					"bytes":	511258,
					"bits_per_second":	4104198.9266876541,
					"omitted":	false,
					"sender":	true
				}],
			"sum":	{
				"start":	8.003577,
				"end":	9.000133,
				"seconds":	0.99655598402023315,
				"bytes":	511258,
				"bits_per_second":	4104198.9266876541,
				"omitted":	false,
				"sender":	true
			}
		}, {
			"streams":	[{
					"socket":	7,
					"start":	9.000133,
					"end":	10.000909,
					"seconds":	1.0007760524749756,
					"bytes":	3990447,
					"bits_per_second":	31898820.841137432,
					"omitted":	false,
					"sender":	true
				}],
			"sum":	{
				"start":	9.000133,
				"end":	10.000909,
				"seconds":	1.0007760524749756,
				"bytes":	3990447,
				"bits_per_second":	31898820.841137432,
				"omitted":	false,
				"sender":	true
			}
		}],
	"end":	{
		"streams":	[{
				"sender":	{
					"socket":	7,
					"start":	0,
					"end":	10.000909,
					"seconds":	10.000909,
					"bytes":	31819833,
					"bits_per_second":	25453552.67206211,
					"sender":	true
				},
				"receiver":	{
					"socket":	7,
					"start":	0,
					"end":	10.1759,
					"seconds":	10.000909,
					"bytes":	30947513,
					"bits_per_second":	24330044.910032526,
					"sender":	true
				}
			}],
		"sum_sent":	{
			"start":	0,
			"end":	10.000909,
			"seconds":	10.000909,
			"bytes":	31819833,
			"bits_per_second":	25453552.67206211,
			"sender":	true
		},
		"sum_received":	{
			"start":	0,
			"end":	10.1759,
			"seconds":	10.1759,
			"bytes":	30947513,
			"bits_per_second":	24330044.910032526,
			"sender":	true
		},
		"cpu_utilization_percent":	{
			"host_total":	4.4060782074355593,
			"host_user":	1.0224393134588183,
			"host_system":	3.3834918491684207,
			"remote_total":	0.033212291094759844,
			"remote_user":	0.013186698530067015,
			"remote_system":	0.020026064766172816
		},
		"receiver_tcp_congestion":	"cubic"
	}
}
