{
	"start":	{
		"connected":	[{
				"socket":	7,
				"local_host":	"10.145.64.217",
				"local_port":	58745,
				"remote_host":	"89.84.1.222",
				"remote_port":	5202
			}],
		"version":	"iperf 3.7",
		"system_info":	"Darwin SAMAC135.local 18.0.0 Darwin Kernel Version 18.0.0: Wed Aug 22 20:13:40 PDT 2018; root:xnu-4903.201.2~1/RELEASE_X86_64 x86_64",
		"timestamp":	{
			"time":	"Wed, 11 Mar 2020 15:59:33 UTC",
			"timesecs":	1583942373
		},
		"connecting_to":	{
			"host":	"bouygues.iperf.fr",
			"port":	5202
		},
		"cookie":	"rzcqzqr7d6jo3uye5hrf3fv4zoed3vjnra2h",
		"tcp_mss_default":	1367,
		"sock_bufsize":	0,
		"sndbuf_actual":	131072,
		"rcvbuf_actual":	131072,
		"test_start":	{
			"protocol":	"TCP",
			"num_streams":	1,
			"blksize":	131072,
			"omit":	0,
			"duration":	10,
			"bytes":	0,
			"blocks":	0,
			"reverse":	0,
			"tos":	0
		}
	},
	"intervals":	[{
			"streams":	[{
					"socket":	7,
					"start":	0,
					"end":	1.002042,
					"seconds":	1.0020420551300049,
					"bytes":	187279,
					"bits_per_second":	1495178.7625376855,
					"omitted":	false,
					"sender":	true
				}],
			"sum":	{
				"start":	0,
				"end":	1.002042,
				"seconds":	1.0020420551300049,
				"bytes":	187279,
				"bits_per_second":	1495178.7625376855,
				"omitted":	false,
				"sender":	true
			}
		}, {
			"streams":	[{
					"socket":	7,
					"start":	1.002042,
					"end":	2.004727,
					"seconds":	1.0026849508285522,
					"bytes":	2403003,
					"bits_per_second":	19172546.654973272,
					"omitted":	false,
					"sender":	true
				}],
			"sum":	{
				"start":	1.002042,
				"end":	2.004727,
				"seconds":	1.0026849508285522,
				"bytes":	2403003,
				"bits_per_second":	19172546.654973272,
				"omitted":	false,
				"sender":	true
			}
		}, {
			"streams":	[{
					"socket":	7,
					"start":	2.004727,
					"end":	3.000681,
					"seconds":	0.99595397710800171,
					"bytes":	3961749,
					"bits_per_second":	31822747.56513482,
					"omitted":	false,
					"sender":	true
				}],
			"sum":	{
				"start":	2.004727,
				"end":	3.000681,
				"seconds":	0.99595397710800171,
				"bytes":	3961749,
				"bits_per_second":	31822747.56513482,
				"omitted":	false,
				"sender":	true
			}
		}, {
			"streams":	[{
					"socket":	7,
					"start":	3.000681,
					"end":	4.003458,
					"seconds":	1.0027769804000854,
					"bytes":	1551225,
					"bits_per_second":	12375433.663274528,
					"omitted":	false,
					"sender":	true
				}],
			"sum":	{
				"start":	3.000681,
				"end":	4.003458,
				"seconds":	1.0027769804000854,
				"bytes":	1551225,
				"bits_per_second":	12375433.663274528,
				"omitted":	false,
				"sender":	true
			}
		}, {
			"streams":	[{
					"socket":	7,
					"start":	4.003458,
					"end":	5.003909,
					"seconds":	1.0004509687423706,
					"bytes":	7814266,
					"bits_per_second":	62485948.790258221,
					"omitted":	false,
					"sender":	true
				}],
			"sum":	{
				"start":	4.003458,
				"end":	5.003909,
				"seconds":	1.0004509687423706,
				"bytes":	7814266,
				"bits_per_second":	62485948.790258221,
				"omitted":	false,
				"sender":	true
			}
		}, {
			"streams":	[{
					"socket":	7,
					"start":	5.003909,
					"end":	6.004195,
					"seconds":	1.0002859830856323,
					"bytes":	8531447,
					"bits_per_second":	68232062.784145936,
					"omitted":	false,
					"sender":	true
				}],
			"sum":	{
				"start":	5.003909,
				"end":	6.004195,
				"seconds":	1.0002859830856323,
				"bytes":	8531447,
				"bits_per_second":	68232062.784145936,
				"omitted":	false,
				"sender":	true
			}
		}, {
			"streams":	[{
					"socket":	7,
					"start":	6.004195,
					"end":	7.004506,
					"seconds":	1.000311017036438,
					"bytes":	8986658,
					"bits_per_second":	71870910.922278851,
					"omitted":	false,
					"sender":	true
				}],
			"sum":	{
				"start":	6.004195,
				"end":	7.004506,
				"seconds":	1.000311017036438,
				"bytes":	8986658,
				"bits_per_second":	71870910.922278851,
				"omitted":	false,
				"sender":	true
			}
		}, {
			"streams":	[{
					"socket":	7,
					"start":	7.004506,
					"end":	8.000257,
					"seconds":	0.9957510232925415,
					"bytes":	7815139,
					"bits_per_second":	62787896.308926947,
					"omitted":	false,
					"sender":	true
				}],
			"sum":	{
				"start":	7.004506,
				"end":	8.000257,
				"seconds":	0.9957510232925415,
				"bytes":	7815139,
				"bits_per_second":	62787896.308926947,
				"omitted":	false,
				"sender":	true
			}
		}, {
			"streams":	[{
					"socket":	7,
					"start":	8.000257,
					"end":	9.000945,
					"seconds":	1.0006879568099976,
					"bytes":	8103402,
					"bits_per_second":	64782648.335907638,
					"omitted":	false,
					"sender":	true
				}],
			"sum":	{
				"start":	8.000257,
				"end":	9.000945,
				"seconds":	1.0006879568099976,
				"bytes":	8103402,
				"bits_per_second":	64782648.335907638,
				"omitted":	false,
				"sender":	true
			}
		}, {
			"streams":	[{
					"socket":	7,
					"start":	9.000945,
					"end":	10.004721,
					"seconds":	1.003775954246521,
					"bytes":	198215,
					"bits_per_second":	1579754.9177100104,
					"omitted":	false,
					"sender":	true
				}],
			"sum":	{
				"start":	9.000945,
				"end":	10.004721,
				"seconds":	1.003775954246521,
				"bytes":	198215,
				"bits_per_second":	1579754.9177100104,
				"omitted":	false,
				"sender":	true
			}
		}],
	"end":	{
		"streams":	[{
				"sender":	{
					"socket":	7,
					"start":	0,
					"end":	10.004721,
					"seconds":	10.004721,
					"bytes":	49552383,
					"bits_per_second":	39623200.287144437,
					"sender":	true
				},
				"receiver":	{
					"socket":	7,
					"start":	0,
					"end":	10.20988,
					"seconds":	10.004721,
					"bytes":	48408204,
					"bits_per_second":	37930478.320998877,
					"sender":	true
				}
			}],
		"sum_sent":	{
			"start":	0,
			"end":	10.004721,
			"seconds":	10.004721,
			"bytes":	49552383,
			"bits_per_second":	39623200.287144437,
			"sender":	true
		},
		"sum_received":	{
			"start":	0,
			"end":	10.20988,
			"seconds":	10.20988,
			"bytes":	48408204,
			"bits_per_second":	37930478.320998877,
			"sender":	true
		},
		"cpu_utilization_percent":	{
			"host_total":	5.5021834775162173,
			"host_user":	1.2216809465754062,
			"host_system":	4.2804571109022,
			"remote_total":	0.32320186580727805,
			"remote_user":	0.056683330611784689,
			"remote_system":	0.26651853519549334
		},
		"receiver_tcp_congestion":	"cubic"
	}
}
