{
	"start":	{
		"connected":	[{
				"socket":	7,
				"local_host":	"10.145.64.217",
				"local_port":	56777,
				"remote_host":	"89.84.1.222",
				"remote_port":	5202
			}],
		"version":	"iperf 3.7",
		"system_info":	"Darwin SAMAC135.local 18.0.0 Darwin Kernel Version 18.0.0: Wed Aug 22 20:13:40 PDT 2018; root:xnu-4903.201.2~1/RELEASE_X86_64 x86_64",
		"timestamp":	{
			"time":	"Wed, 11 Mar 2020 14:22:53 UTC",
			"timesecs":	1583936573
		},
		"connecting_to":	{
			"host":	"bouygues.iperf.fr",
			"port":	5202
		},
		"cookie":	"xd3tndfmctkz666en6gmiur3irvum4iifj72",
		"tcp_mss_default":	1367,
		"sock_bufsize":	0,
		"sndbuf_actual":	131072,
		"rcvbuf_actual":	131072,
		"test_start":	{
			"protocol":	"TCP",
			"num_streams":	1,
			"blksize":	131072,
			"omit":	0,
			"duration":	10,
			"bytes":	0,
			"blocks":	0,
			"reverse":	0,
			"tos":	0
		}
	},
	"intervals":	[{
			"streams":	[{
					"socket":	7,
					"start":	0,
					"end":	1.003497,
					"seconds":	1.0034970045089722,
					"bytes":	188646,
					"bits_per_second":	1503908.8240611751,
					"omitted":	false,
					"sender":	true
				}],
			"sum":	{
				"start":	0,
				"end":	1.003497,
				"seconds":	1.0034970045089722,
				"bytes":	188646,
				"bits_per_second":	1503908.8240611751,
				"omitted":	false,
				"sender":	true
			}
		}, {
			"streams":	[{
					"socket":	7,
					"start":	1.003497,
					"end":	2.001313,
					"seconds":	0.99781602621078491,
					"bytes":	2285541,
					"bits_per_second":	18324347.895508248,
					"omitted":	false,
					"sender":	true
				}],
			"sum":	{
				"start":	1.003497,
				"end":	2.001313,
				"seconds":	0.99781602621078491,
				"bytes":	2285541,
				"bits_per_second":	18324347.895508248,
				"omitted":	false,
				"sender":	true
			}
		}, {
			"streams":	[{
					"socket":	7,
					"start":	2.001313,
					"end":	3.000936,
					"seconds":	0.99962300062179565,
					"bytes":	3891932,
					"bits_per_second":	31147198.474457677,
					"omitted":	false,
					"sender":	true
				}],
			"sum":	{
				"start":	2.001313,
				"end":	3.000936,
				"seconds":	0.99962300062179565,
				"bytes":	3891932,
				"bits_per_second":	31147198.474457677,
				"omitted":	false,
				"sender":	true
			}
		}, {
			"streams":	[{
					"socket":	7,
					"start":	3.000936,
					"end":	4.000949,
					"seconds":	1.000012993812561,
					"bytes":	1368057,
					"bits_per_second":	10944313.791637983,
					"omitted":	false,
					"sender":	true
				}],
			"sum":	{
				"start":	3.000936,
				"end":	4.000949,
				"seconds":	1.000012993812561,
				"bytes":	1368057,
				"bits_per_second":	10944313.791637983,
				"omitted":	false,
				"sender":	true
			}
		}, {
			"streams":	[{
					"socket":	7,
					"start":	4.000949,
					"end":	5.000198,
					"seconds":	0.99924898147583008,
					"bytes":	7293429,
					"bits_per_second":	58391284.9366375,
					"omitted":	false,
					"sender":	true
				}],
			"sum":	{
				"start":	4.000949,
				"end":	5.000198,
				"seconds":	0.99924898147583008,
				"bytes":	7293429,
				"bits_per_second":	58391284.9366375,
				"omitted":	false,
				"sender":	true
			}
		}, {
			"streams":	[{
					"socket":	7,
					"start":	5.000198,
					"end":	6.00006,
					"seconds":	0.999862015247345,
					"bytes":	7234164,
					"bits_per_second":	57881298.73668953,
					"omitted":	false,
					"sender":	true
				}],
			"sum":	{
				"start":	5.000198,
				"end":	6.00006,
				"seconds":	0.999862015247345,
				"bytes":	7234164,
				"bits_per_second":	57881298.73668953,
				"omitted":	false,
				"sender":	true
			}
		}, {
			"streams":	[{
					"socket":	7,
					"start":	6.00006,
					"end":	7.004148,
					"seconds":	1.0040880441665649,
					"bytes":	8584760,
					"bits_per_second":	68398464.058005661,
					"omitted":	false,
					"sender":	true
				}],
			"sum":	{
				"start":	6.00006,
				"end":	7.004148,
				"seconds":	1.0040880441665649,
				"bytes":	8584760,
				"bits_per_second":	68398464.058005661,
				"omitted":	false,
				"sender":	true
			}
		}, {
			"streams":	[{
					"socket":	7,
					"start":	7.004148,
					"end":	8.000791,
					"seconds":	0.99664300680160522,
					"bytes":	8525979,
					"bits_per_second":	68437576.4787538,
					"omitted":	false,
					"sender":	true
				}],
			"sum":	{
				"start":	7.004148,
				"end":	8.000791,
				"seconds":	0.99664300680160522,
				"bytes":	8525979,
				"bits_per_second":	68437576.4787538,
				"omitted":	false,
				"sender":	true
			}
		}, {
			"streams":	[{
					"socket":	7,
					"start":	8.000791,
					"end":	9.000243,
					"seconds":	0.99945199489593506,
					"bytes":	9097385,
					"bits_per_second":	72818985.17554903,
					"omitted":	false,
					"sender":	true
				}],
			"sum":	{
				"start":	8.000791,
				"end":	9.000243,
				"seconds":	0.99945199489593506,
				"bytes":	9097385,
				"bits_per_second":	72818985.17554903,
				"omitted":	false,
				"sender":	true
			}
		}, {
			"streams":	[{
					"socket":	7,
					"start":	9.000243,
					"end":	10.000227,
					"seconds":	0.9999840259552002,
					"bytes":	9280563,
					"bits_per_second":	74245690.003978312,
					"omitted":	false,
					"sender":	true
				}],
			"sum":	{
				"start":	9.000243,
				"end":	10.000227,
				"seconds":	0.9999840259552002,
				"bytes":	9280563,
				"bits_per_second":	74245690.003978312,
				"omitted":	false,
				"sender":	true
			}
		}],
	"end":	{
		"streams":	[{
				"sender":	{
					"socket":	7,
					"start":	0,
					"end":	10.000227,
					"seconds":	10.000227,
					"bytes":	57750456,
					"bits_per_second":	46199316.075525083,
					"sender":	true
				},
				"receiver":	{
					"socket":	7,
					"start":	0,
					"end":	10.171274,
					"seconds":	10.000227,
					"bytes":	57211684,
					"bits_per_second":	44998637.535474904,
					"sender":	true
				}
			}],
		"sum_sent":	{
			"start":	0,
			"end":	10.000227,
			"seconds":	10.000227,
			"bytes":	57750456,
			"bits_per_second":	46199316.075525083,
			"sender":	true
		},
		"sum_received":	{
			"start":	0,
			"end":	10.171274,
			"seconds":	10.171274,
			"bytes":	57211684,
			"bits_per_second":	44998637.535474904,
			"sender":	true
		},
		"cpu_utilization_percent":	{
			"host_total":	5.565157874650688,
			"host_user":	1.1641031421685966,
			"host_system":	4.4009902667848415,
			"remote_total":	0.69290809630469019,
			"remote_user":	0.13951711860090343,
			"remote_system":	0.5533855197146389
		},
		"receiver_tcp_congestion":	"cubic"
	}
}
