{
	"start":	{
		"connected":	[{
				"socket":	7,
				"local_host":	"10.145.64.217",
				"local_port":	56566,
				"remote_host":	"89.84.1.222",
				"remote_port":	5202
			}],
		"version":	"iperf 3.7",
		"system_info":	"Darwin SAMAC135.local 18.0.0 Darwin Kernel Version 18.0.0: Wed Aug 22 20:13:40 PDT 2018; root:xnu-4903.201.2~1/RELEASE_X86_64 x86_64",
		"timestamp":	{
			"time":	"Wed, 11 Mar 2020 14:11:39 UTC",
			"timesecs":	1583935899
		},
		"connecting_to":	{
			"host":	"bouygues.iperf.fr",
			"port":	5202
		},
		"cookie":	"ttrbsgzxfkfrhkirkoilwqhoo2sxicindmuw",
		"tcp_mss_default":	1367,
		"sock_bufsize":	0,
		"sndbuf_actual":	131072,
		"rcvbuf_actual":	131072,
		"test_start":	{
			"protocol":	"TCP",
			"num_streams":	1,
			"blksize":	131072,
			"omit":	0,
			"duration":	10,
			"bytes":	0,
			"blocks":	0,
			"reverse":	0,
			"tos":	0
		}
	},
	"intervals":	[{
			"streams":	[{
					"socket":	7,
					"start":	0,
					"end":	1.002638,
					"seconds":	1.0026379823684692,
					"bytes":	177710,
					"bits_per_second":	1417939.5005978667,
					"omitted":	false,
					"sender":	true
				}],
			"sum":	{
				"start":	0,
				"end":	1.002638,
				"seconds":	1.0026379823684692,
				"bytes":	177710,
				"bits_per_second":	1417939.5005978667,
				"omitted":	false,
				"sender":	true
			}
		}, {
			"streams":	[{
					"socket":	7,
					"start":	1.002638,
					"end":	2.00453,
					"seconds":	1.0018919706344604,
					"bytes":	1177604,
					"bits_per_second":	9403041.7211889047,
					"omitted":	false,
					"sender":	true
				}],
			"sum":	{
				"start":	1.002638,
				"end":	2.00453,
				"seconds":	1.0018919706344604,
				"bytes":	1177604,
				"bits_per_second":	9403041.7211889047,
				"omitted":	false,
				"sender":	true
			}
		}, {
			"streams":	[{
					"socket":	7,
					"start":	2.00453,
					"end":	3.004674,
					"seconds":	1.0001440048217773,
					"bytes":	6719729,
					"bits_per_second":	53750091.727620251,
					"omitted":	false,
					"sender":	true
				}],
			"sum":	{
				"start":	2.00453,
				"end":	3.004674,
				"seconds":	1.0001440048217773,
				"bytes":	6719729,
				"bits_per_second":	53750091.727620251,
				"omitted":	false,
				"sender":	true
			}
		}, {
			"streams":	[{
					"socket":	7,
					"start":	3.004674,
					"end":	4.000463,
					"seconds":	0.99578899145126343,
					"bytes":	2248541,
					"bits_per_second":	18064397.331591103,
					"omitted":	false,
					"sender":	true
				}],
			"sum":	{
				"start":	3.004674,
				"end":	4.000463,
				"seconds":	0.99578899145126343,
				"bytes":	2248541,
				"bits_per_second":	18064397.331591103,
				"omitted":	false,
				"sender":	true
			}
		}, {
			"streams":	[{
					"socket":	7,
					"start":	4.000463,
					"end":	5.003304,
					"seconds":	1.0028409957885742,
					"bytes":	3454583,
					"bits_per_second":	27558370.784660812,
					"omitted":	false,
					"sender":	true
				}],
			"sum":	{
				"start":	4.000463,
				"end":	5.003304,
				"seconds":	1.0028409957885742,
				"bytes":	3454583,
				"bits_per_second":	27558370.784660812,
				"omitted":	false,
				"sender":	true
			}
		}, {
			"streams":	[{
					"socket":	7,
					"start":	5.003304,
					"end":	6.004274,
					"seconds":	1.0009700059890747,
					"bytes":	12095738,
					"bits_per_second":	96672131.453513473,
					"omitted":	false,
					"sender":	true
				}],
			"sum":	{
				"start":	5.003304,
				"end":	6.004274,
				"seconds":	1.0009700059890747,
				"bytes":	12095738,
				"bits_per_second":	96672131.453513473,
				"omitted":	false,
				"sender":	true
			}
		}, {
			"streams":	[{
					"socket":	7,
					"start":	6.004274,
					"end":	7.004933,
					"seconds":	1.0006589889526367,
					"bytes":	10695085,
					"bits_per_second":	85504333.588762447,
					"omitted":	false,
					"sender":	true
				}],
			"sum":	{
				"start":	6.004274,
				"end":	7.004933,
				"seconds":	1.0006589889526367,
				"bytes":	10695085,
				"bits_per_second":	85504333.588762447,
				"omitted":	false,
				"sender":	true
			}
		}, {
			"streams":	[{
					"socket":	7,
					"start":	7.004933,
					"end":	8.000034,
					"seconds":	0.99510097503662109,
					"bytes":	11955285,
					"bits_per_second":	96113140.675477922,
					"omitted":	false,
					"sender":	true
				}],
			"sum":	{
				"start":	7.004933,
				"end":	8.000034,
				"seconds":	0.99510097503662109,
				"bytes":	11955285,
				"bits_per_second":	96113140.675477922,
				"omitted":	false,
				"sender":	true
			}
		}, {
			"streams":	[{
					"socket":	7,
					"start":	8.000034,
					"end":	9.001149,
					"seconds":	1.0011149644851685,
					"bytes":	11091515,
					"bits_per_second":	88633297.0216175,
					"omitted":	false,
					"sender":	true
				}],
			"sum":	{
				"start":	8.000034,
				"end":	9.001149,
				"seconds":	1.0011149644851685,
				"bytes":	11091515,
				"bits_per_second":	88633297.0216175,
				"omitted":	false,
				"sender":	true
			}
		}, {
			"streams":	[{
					"socket":	7,
					"start":	9.001149,
					"end":	10.001958,
					"seconds":	1.0008089542388916,
					"bytes":	10502164,
					"bits_per_second":	83949400.776389524,
					"omitted":	false,
					"sender":	true
				}],
			"sum":	{
				"start":	9.001149,
				"end":	10.001958,
				"seconds":	1.0008089542388916,
				"bytes":	10502164,
				"bits_per_second":	83949400.776389524,
				"omitted":	false,
				"sender":	true
			}
		}],
	"end":	{
		"streams":	[{
				"sender":	{
					"socket":	7,
					"start":	0,
					"end":	10.001958,
					"seconds":	10.001958,
					"bytes":	70117954,
					"bits_per_second":	56083382.073789954,
					"sender":	true
				},
				"receiver":	{
					"socket":	7,
					"start":	0,
					"end":	10.177823,
					"seconds":	10.001958,
					"bytes":	70117954,
					"bits_per_second":	55114304.110024311,
					"sender":	true
				}
			}],
		"sum_sent":	{
			"start":	0,
			"end":	10.001958,
			"seconds":	10.001958,
			"bytes":	70117954,
			"bits_per_second":	56083382.073789954,
			"sender":	true
		},
		"sum_received":	{
			"start":	0,
			"end":	10.177823,
			"seconds":	10.177823,
			"bytes":	70117954,
			"bits_per_second":	55114304.110024311,
			"sender":	true
		},
		"cpu_utilization_percent":	{
			"host_total":	8.5777145998978117,
			"host_user":	1.2416458542786835,
			"host_system":	7.3360045570234984,
			"remote_total":	0.2500972615841639,
			"remote_user":	0.052352698483753658,
			"remote_system":	0.19774456310041028
		},
		"receiver_tcp_congestion":	"cubic"
	}
}
