{
	"start":	{
		"connected":	[{
				"socket":	7,
				"local_host":	"10.145.64.217",
				"local_port":	56954,
				"remote_host":	"89.84.1.222",
				"remote_port":	5202
			}],
		"version":	"iperf 3.7",
		"system_info":	"Darwin SAMAC135.local 18.0.0 Darwin Kernel Version 18.0.0: Wed Aug 22 20:13:40 PDT 2018; root:xnu-4903.201.2~1/RELEASE_X86_64 x86_64",
		"timestamp":	{
			"time":	"Wed, 11 Mar 2020 14:32:04 UTC",
			"timesecs":	1583937124
		},
		"connecting_to":	{
			"host":	"bouygues.iperf.fr",
			"port":	5202
		},
		"cookie":	"iche7hyaye2zvwcvzfug5mqujfio5agq2mci",
		"tcp_mss_default":	1367,
		"sock_bufsize":	0,
		"sndbuf_actual":	131072,
		"rcvbuf_actual":	131072,
		"test_start":	{
			"protocol":	"TCP",
			"num_streams":	1,
			"blksize":	131072,
			"omit":	0,
			"duration":	10,
			"bytes":	0,
			"blocks":	0,
			"reverse":	0,
			"tos":	0
		}
	},
	"intervals":	[{
			"streams":	[{
					"socket":	7,
					"start":	0,
					"end":	1.002545,
					"seconds":	1.0025449991226196,
					"bytes":	180444,
					"bits_per_second":	1439887.4876073683,
					"omitted":	false,
					"sender":	true
				}],
			"sum":	{
				"start":	0,
				"end":	1.002545,
				"seconds":	1.0025449991226196,
				"bytes":	180444,
				"bits_per_second":	1439887.4876073683,
				"omitted":	false,
				"sender":	true
			}
		}, {
			"streams":	[{
					"socket":	7,
					"start":	1.002545,
					"end":	2.004239,
					"seconds":	1.0016939640045166,
					"bytes":	2056005,
					"bits_per_second":	16420224.730360696,
					"omitted":	false,
					"sender":	true
				}],
			"sum":	{
				"start":	1.002545,
				"end":	2.004239,
				"seconds":	1.0016939640045166,
				"bytes":	2056005,
				"bits_per_second":	16420224.730360696,
				"omitted":	false,
				"sender":	true
			}
		}, {
			"streams":	[{
					"socket":	7,
					"start":	2.004239,
					"end":	3.00246,
					"seconds":	0.99822098016738892,
					"bytes":	4363601,
					"bits_per_second":	34971022.141957223,
					"omitted":	false,
					"sender":	true
				}],
			"sum":	{
				"start":	2.004239,
				"end":	3.00246,
				"seconds":	0.99822098016738892,
				"bytes":	4363601,
				"bits_per_second":	34971022.141957223,
				"omitted":	false,
				"sender":	true
			}
		}, {
			"streams":	[{
					"socket":	7,
					"start":	3.00246,
					"end":	4.00298,
					"seconds":	1.0005199909210205,
					"bytes":	1707209,
					"bits_per_second":	13650573.825543998,
					"omitted":	false,
					"sender":	true
				}],
			"sum":	{
				"start":	3.00246,
				"end":	4.00298,
				"seconds":	1.0005199909210205,
				"bytes":	1707209,
				"bits_per_second":	13650573.825543998,
				"omitted":	false,
				"sender":	true
			}
		}, {
			"streams":	[{
					"socket":	7,
					"start":	4.00298,
					"end":	5.000054,
					"seconds":	0.99707400798797607,
					"bytes":	6585013,
					"bits_per_second":	52834697.904024877,
					"omitted":	false,
					"sender":	true
				}],
			"sum":	{
				"start":	4.00298,
				"end":	5.000054,
				"seconds":	0.99707400798797607,
				"bytes":	6585013,
				"bits_per_second":	52834697.904024877,
				"omitted":	false,
				"sender":	true
			}
		}, {
			"streams":	[{
					"socket":	7,
					"start":	5.000054,
					"end":	6.003397,
					"seconds":	1.0033429861068726,
					"bytes":	8255313,
					"bits_per_second":	65822460.4292648,
					"omitted":	false,
					"sender":	true
				}],
			"sum":	{
				"start":	5.000054,
				"end":	6.003397,
				"seconds":	1.0033429861068726,
				"bytes":	8255313,
				"bits_per_second":	65822460.4292648,
				"omitted":	false,
				"sender":	true
			}
		}, {
			"streams":	[{
					"socket":	7,
					"start":	6.003397,
					"end":	7.004954,
					"seconds":	1.0015569925308228,
					"bytes":	9746710,
					"bits_per_second":	77852464.29458718,
					"omitted":	false,
					"sender":	true
				}],
			"sum":	{
				"start":	6.003397,
				"end":	7.004954,
				"seconds":	1.0015569925308228,
				"bytes":	9746710,
				"bits_per_second":	77852464.29458718,
				"omitted":	false,
				"sender":	true
			}
		}, {
			"streams":	[{
					"socket":	7,
					"start":	7.004954,
					"end":	8.000949,
					"seconds":	0.99599498510360718,
					"bytes":	10155443,
					"bits_per_second":	81570234.002281383,
					"omitted":	false,
					"sender":	true
				}],
			"sum":	{
				"start":	7.004954,
				"end":	8.000949,
				"seconds":	0.99599498510360718,
				"bytes":	10155443,
				"bits_per_second":	81570234.002281383,
				"omitted":	false,
				"sender":	true
			}
		}, {
			"streams":	[{
					"socket":	7,
					"start":	8.000949,
					"end":	9.004202,
					"seconds":	1.0032529830932617,
					"bytes":	10434311,
					"bits_per_second":	83203827.35631524,
					"omitted":	false,
					"sender":	true
				}],
			"sum":	{
				"start":	8.000949,
				"end":	9.004202,
				"seconds":	1.0032529830932617,
				"bytes":	10434311,
				"bits_per_second":	83203827.35631524,
				"omitted":	false,
				"sender":	true
			}
		}, {
			"streams":	[{
					"socket":	7,
					"start":	9.004202,
					"end":	10.000951,
					"seconds":	0.99674898386001587,
					"bytes":	10648930,
					"bits_per_second":	85469302.080537,
					"omitted":	false,
					"sender":	true
				}],
			"sum":	{
				"start":	9.004202,
				"end":	10.000951,
				"seconds":	0.99674898386001587,
				"bytes":	10648930,
				"bits_per_second":	85469302.080537,
				"omitted":	false,
				"sender":	true
			}
		}],
	"end":	{
		"streams":	[{
				"sender":	{
					"socket":	7,
					"start":	0,
					"end":	10.000951,
					"seconds":	10.000951,
					"bytes":	64132979,
					"bits_per_second":	51301504.426929,
					"sender":	true
				},
				"receiver":	{
					"socket":	7,
					"start":	0,
					"end":	10.173653,
					"seconds":	10.000951,
					"bytes":	63823863,
					"bits_per_second":	50187568.22156211,
					"sender":	true
				}
			}],
		"sum_sent":	{
			"start":	0,
			"end":	10.000951,
			"seconds":	10.000951,
			"bytes":	64132979,
			"bits_per_second":	51301504.426929,
			"sender":	true
		},
		"sum_received":	{
			"start":	0,
			"end":	10.173653,
			"seconds":	10.173653,
			"bytes":	63823863,
			"bits_per_second":	50187568.22156211,
			"sender":	true
		},
		"cpu_utilization_percent":	{
			"host_total":	5.8516793426938749,
			"host_user":	1.201388744409571,
			"host_system":	4.650253775236906,
			"remote_total":	0.0888280841346389,
			"remote_user":	0.025568160336172402,
			"remote_system":	0.063259300412867661
		},
		"receiver_tcp_congestion":	"cubic"
	}
}
