{
	"start":	{
		"connected":	[{
				"socket":	7,
				"local_host":	"10.145.64.217",
				"local_port":	57039,
				"remote_host":	"89.84.1.222",
				"remote_port":	5202
			}],
		"version":	"iperf 3.7",
		"system_info":	"Darwin SAMAC135.local 18.0.0 Darwin Kernel Version 18.0.0: Wed Aug 22 20:13:40 PDT 2018; root:xnu-4903.201.2~1/RELEASE_X86_64 x86_64",
		"timestamp":	{
			"time":	"Wed, 11 Mar 2020 14:36:38 UTC",
			"timesecs":	1583937398
		},
		"connecting_to":	{
			"host":	"bouygues.iperf.fr",
			"port":	5202
		},
		"cookie":	"3bvsar3hdazg65gbxphsd5ira7s6fzi3n34z",
		"tcp_mss_default":	1367,
		"sock_bufsize":	0,
		"sndbuf_actual":	131072,
		"rcvbuf_actual":	131072,
		"test_start":	{
			"protocol":	"TCP",
			"num_streams":	1,
			"blksize":	131072,
			"omit":	0,
			"duration":	10,
			"bytes":	0,
			"blocks":	0,
			"reverse":	0,
			"tos":	0
		}
	},
	"intervals":	[{
			"streams":	[{
					"socket":	7,
					"start":	0,
					"end":	1.003163,
					"seconds":	1.0031629800796509,
					"bytes":	180444,
					"bits_per_second":	1439000.4701782181,
					"omitted":	false,
					"sender":	true
				}],
			"sum":	{
				"start":	0,
				"end":	1.003163,
				"seconds":	1.0031629800796509,
				"bytes":	180444,
				"bits_per_second":	1439000.4701782181,
				"omitted":	false,
				"sender":	true
			}
		}, {
			"streams":	[{
					"socket":	7,
					"start":	1.003163,
					"end":	2.004285,
					"seconds":	1.001121997833252,
					"bytes":	2058759,
					"bits_per_second":	16451613.325495295,
					"omitted":	false,
					"sender":	true
				}],
			"sum":	{
				"start":	1.003163,
				"end":	2.004285,
				"seconds":	1.001121997833252,
				"bytes":	2058759,
				"bits_per_second":	16451613.325495295,
				"omitted":	false,
				"sender":	true
			}
		}, {
			"streams":	[{
					"socket":	7,
					"start":	2.004285,
					"end":	3.004434,
					"seconds":	1.0001490116119385,
					"bytes":	4534282,
					"bits_per_second":	36268851.519971855,
					"omitted":	false,
					"sender":	true
				}],
			"sum":	{
				"start":	2.004285,
				"end":	3.004434,
				"seconds":	1.0001490116119385,
				"bytes":	4534282,
				"bits_per_second":	36268851.519971855,
				"omitted":	false,
				"sender":	true
			}
		}, {
			"streams":	[{
					"socket":	7,
					"start":	3.004434,
					"end":	4.004838,
					"seconds":	1.0004040002822876,
					"bytes":	2754679,
					"bits_per_second":	22028532.466665085,
					"omitted":	false,
					"sender":	true
				}],
			"sum":	{
				"start":	3.004434,
				"end":	4.004838,
				"seconds":	1.0004040002822876,
				"bytes":	2754679,
				"bits_per_second":	22028532.466665085,
				"omitted":	false,
				"sender":	true
			}
		}, {
			"streams":	[{
					"socket":	7,
					"start":	4.004838,
					"end":	5.000022,
					"seconds":	0.99518400430679321,
					"bytes":	7633328,
					"bits_per_second":	61362143.820364811,
					"omitted":	false,
					"sender":	true
				}],
			"sum":	{
				"start":	4.004838,
				"end":	5.000022,
				"seconds":	0.99518400430679321,
				"bytes":	7633328,
				"bits_per_second":	61362143.820364811,
				"omitted":	false,
				"sender":	true
			}
		}, {
			"streams":	[{
					"socket":	7,
					"start":	5.000022,
					"end":	6.000986,
					"seconds":	1.0009640455245972,
					"bytes":	7925866,
					"bits_per_second":	63345859.707447276,
					"omitted":	false,
					"sender":	true
				}],
			"sum":	{
				"start":	5.000022,
				"end":	6.000986,
				"seconds":	1.0009640455245972,
				"bytes":	7925866,
				"bits_per_second":	63345859.707447276,
				"omitted":	false,
				"sender":	true
			}
		}, {
			"streams":	[{
					"socket":	7,
					"start":	6.000986,
					"end":	7.000052,
					"seconds":	0.99906599521636963,
					"bytes":	9227250,
					"bits_per_second":	73887010.82155548,
					"omitted":	false,
					"sender":	true
				}],
			"sum":	{
				"start":	6.000986,
				"end":	7.000052,
				"seconds":	0.99906599521636963,
				"bytes":	9227250,
				"bits_per_second":	73887010.82155548,
				"omitted":	false,
				"sender":	true
			}
		}, {
			"streams":	[{
					"socket":	7,
					"start":	7.000052,
					"end":	8.004932,
					"seconds":	1.0048799514770508,
					"bytes":	9564899,
					"bits_per_second":	76147595.429211348,
					"omitted":	false,
					"sender":	true
				}],
			"sum":	{
				"start":	7.000052,
				"end":	8.004932,
				"seconds":	1.0048799514770508,
				"bytes":	9564899,
				"bits_per_second":	76147595.429211348,
				"omitted":	false,
				"sender":	true
			}
		}, {
			"streams":	[{
					"socket":	7,
					"start":	8.004932,
					"end":	9.003299,
					"seconds":	0.99836701154708862,
					"bytes":	9731673,
					"bits_per_second":	77980725.624494448,
					"omitted":	false,
					"sender":	true
				}],
			"sum":	{
				"start":	8.004932,
				"end":	9.003299,
				"seconds":	0.99836701154708862,
				"bytes":	9731673,
				"bits_per_second":	77980725.624494448,
				"omitted":	false,
				"sender":	true
			}
		}, {
			"streams":	[{
					"socket":	7,
					"start":	9.003299,
					"end":	10.000102,
					"seconds":	0.99680298566818237,
					"bytes":	9050907,
					"bits_per_second":	72639485.47612302,
					"omitted":	false,
					"sender":	true
				}],
			"sum":	{
				"start":	9.003299,
				"end":	10.000102,
				"seconds":	0.99680298566818237,
				"bytes":	9050907,
				"bits_per_second":	72639485.47612302,
				"omitted":	false,
				"sender":	true
			}
		}],
	"end":	{
		"streams":	[{
				"sender":	{
					"socket":	7,
					"start":	0,
					"end":	10.000102,
					"seconds":	10.000102,
					"bytes":	62662087,
					"bits_per_second":	50129158.282585517,
					"sender":	true
				},
				"receiver":	{
					"socket":	7,
					"start":	0,
					"end":	10.17141,
					"seconds":	10.000102,
					"bytes":	62219005,
					"bits_per_second":	48936385.417557642,
					"sender":	true
				}
			}],
		"sum_sent":	{
			"start":	0,
			"end":	10.000102,
			"seconds":	10.000102,
			"bytes":	62662087,
			"bits_per_second":	50129158.282585517,
			"sender":	true
		},
		"sum_received":	{
			"start":	0,
			"end":	10.17141,
			"seconds":	10.17141,
			"bytes":	62219005,
			"bits_per_second":	48936385.417557642,
			"sender":	true
		},
		"cpu_utilization_percent":	{
			"host_total":	6.14430030465172,
			"host_user":	1.2763304618419995,
			"host_system":	4.86790544997072,
			"remote_total":	0.0590469994432381,
			"remote_user":	0.012196768525012922,
			"remote_system":	0.046849864923670791
		},
		"receiver_tcp_congestion":	"cubic"
	}
}
