{
	"start":	{
		"connected":	[{
				"socket":	7,
				"local_host":	"10.145.64.217",
				"local_port":	56875,
				"remote_host":	"89.84.1.222",
				"remote_port":	5202
			}],
		"version":	"iperf 3.7",
		"system_info":	"Darwin SAMAC135.local 18.0.0 Darwin Kernel Version 18.0.0: Wed Aug 22 20:13:40 PDT 2018; root:xnu-4903.201.2~1/RELEASE_X86_64 x86_64",
		"timestamp":	{
			"time":	"Wed, 11 Mar 2020 14:27:28 UTC",
			"timesecs":	1583936848
		},
		"connecting_to":	{
			"host":	"bouygues.iperf.fr",
			"port":	5202
		},
		"cookie":	"svlopq6sbncylufxzgl7mh45o34ytle4o6bw",
		"tcp_mss_default":	1367,
		"sock_bufsize":	0,
		"sndbuf_actual":	131072,
		"rcvbuf_actual":	131072,
		"test_start":	{
			"protocol":	"TCP",
			"num_streams":	1,
			"blksize":	131072,
			"omit":	0,
			"duration":	10,
			"bytes":	0,
			"blocks":	0,
			"reverse":	0,
			"tos":	0
		}
	},
	"intervals":	[{
			"streams":	[{
					"socket":	7,
					"start":	0,
					"end":	1.004298,
					"seconds":	1.0042979717254639,
					"bytes":	159939,
					"bits_per_second":	1274036.2283134919,
					"omitted":	false,
					"sender":	true
				}],
			"sum":	{
				"start":	0,
				"end":	1.004298,
				"seconds":	1.0042979717254639,
				"bytes":	159939,
				"bits_per_second":	1274036.2283134919,
				"omitted":	false,
				"sender":	true
			}
		}, {
			"streams":	[{
					"socket":	7,
					"start":	1.004298,
					"end":	2.001276,
					"seconds":	0.99697798490524292,
					"bytes":	1198059,
					"bits_per_second":	9613524.2152924258,
					"omitted":	false,
					"sender":	true
				}],
			"sum":	{
				"start":	1.004298,
				"end":	2.001276,
				"seconds":	0.99697798490524292,
				"bytes":	1198059,
				"bits_per_second":	9613524.2152924258,
				"omitted":	false,
				"sender":	true
			}
		}, {
			"streams":	[{
					"socket":	7,
					"start":	2.001276,
					"end":	3.004102,
					"seconds":	1.0028259754180908,
					"bytes":	3090394,
					"bits_per_second":	24653481.866275556,
					"omitted":	false,
					"sender":	true
				}],
			"sum":	{
				"start":	2.001276,
				"end":	3.004102,
				"seconds":	1.0028259754180908,
				"bytes":	3090394,
				"bits_per_second":	24653481.866275556,
				"omitted":	false,
				"sender":	true
			}
		}, {
			"streams":	[{
					"socket":	7,
					"start":	3.004102,
					"end":	4.001264,
					"seconds":	0.99716198444366455,
					"bytes":	2732816,
					"bits_per_second":	21924750.783793181,
					"omitted":	false,
					"sender":	true
				}],
			"sum":	{
				"start":	3.004102,
				"end":	4.001264,
				"seconds":	0.99716198444366455,
				"bytes":	2732816,
				"bits_per_second":	21924750.783793181,
				"omitted":	false,
				"sender":	true
			}
		}, {
			"streams":	[{
					"socket":	7,
					"start":	4.001264,
					"end":	5.001523,
					"seconds":	1.0002590417861938,
					"bytes":	5615453,
					"bits_per_second":	44911989.917910144,
					"omitted":	false,
					"sender":	true
				}],
			"sum":	{
				"start":	4.001264,
				"end":	5.001523,
				"seconds":	1.0002590417861938,
				"bytes":	5615453,
				"bits_per_second":	44911989.917910144,
				"omitted":	false,
				"sender":	true
			}
		}, {
			"streams":	[{
					"socket":	7,
					"start":	5.001523,
					"end":	6.00269,
					"seconds":	1.0011670589447021,
					"bytes":	4792702,
					"bits_per_second":	38296921.235517539,
					"omitted":	false,
					"sender":	true
				}],
			"sum":	{
				"start":	5.001523,
				"end":	6.00269,
				"seconds":	1.0011670589447021,
				"bytes":	4792702,
				"bits_per_second":	38296921.235517539,
				"omitted":	false,
				"sender":	true
			}
		}, {
			"streams":	[{
					"socket":	7,
					"start":	6.00269,
					"end":	7.00159,
					"seconds":	0.99889999628067017,
					"bytes":	6303237,
					"bits_per_second":	50481425.756088771,
					"omitted":	false,
					"sender":	true
				}],
			"sum":	{
				"start":	6.00269,
				"end":	7.00159,
				"seconds":	0.99889999628067017,
				"bytes":	6303237,
				"bits_per_second":	50481425.756088771,
				"omitted":	false,
				"sender":	true
			}
		}, {
			"streams":	[{
					"socket":	7,
					"start":	7.00159,
					"end":	8.001225,
					"seconds":	0.99963498115539551,
					"bytes":	6541095,
					"bits_per_second":	52347867.958279639,
					"omitted":	false,
					"sender":	true
				}],
			"sum":	{
				"start":	7.00159,
				"end":	8.001225,
				"seconds":	0.99963498115539551,
				"bytes":	6541095,
				"bits_per_second":	52347867.958279639,
				"omitted":	false,
				"sender":	true
			}
		}, {
			"streams":	[{
					"socket":	7,
					"start":	8.001225,
					"end":	9.003951,
					"seconds":	1.0027259588241577,
					"bytes":	5351805,
					"bits_per_second":	42698046.882326819,
					"omitted":	false,
					"sender":	true
				}],
			"sum":	{
				"start":	8.001225,
				"end":	9.003951,
				"seconds":	1.0027259588241577,
				"bytes":	5351805,
				"bits_per_second":	42698046.882326819,
				"omitted":	false,
				"sender":	true
			}
		}, {
			"streams":	[{
					"socket":	7,
					"start":	9.003951,
					"end":	10.004203,
					"seconds":	1.0002520084381104,
					"bytes":	6758448,
					"bits_per_second":	54053961.945476443,
					"omitted":	false,
					"sender":	true
				}],
			"sum":	{
				"start":	9.003951,
				"end":	10.004203,
				"seconds":	1.0002520084381104,
				"bytes":	6758448,
				"bits_per_second":	54053961.945476443,
				"omitted":	false,
				"sender":	true
			}
		}],
	"end":	{
		"streams":	[{
				"sender":	{
					"socket":	7,
					"start":	0,
					"end":	10.004203,
					"seconds":	10.004203,
					"bytes":	42543948,
					"bits_per_second":	34020859.4327804,
					"sender":	true
				},
				"receiver":	{
					"socket":	7,
					"start":	0,
					"end":	10.179784,
					"seconds":	10.004203,
					"bytes":	41806961,
					"bits_per_second":	32854890.437753886,
					"sender":	true
				}
			}],
		"sum_sent":	{
			"start":	0,
			"end":	10.004203,
			"seconds":	10.004203,
			"bytes":	42543948,
			"bits_per_second":	34020859.4327804,
			"sender":	true
		},
		"sum_received":	{
			"start":	0,
			"end":	10.179784,
			"seconds":	10.179784,
			"bytes":	41806961,
			"bits_per_second":	32854890.437753886,
			"sender":	true
		},
		"cpu_utilization_percent":	{
			"host_total":	5.0308167598125317,
			"host_user":	1.1198129592932931,
			"host_system":	3.9109034097893924,
			"remote_total":	0.3720909631809185,
			"remote_user":	0.13014458908688795,
			"remote_system":	0.24190493703662147
		},
		"receiver_tcp_congestion":	"cubic"
	}
}
