{
	"start":	{
		"connected":	[{
				"socket":	7,
				"local_host":	"10.145.64.217",
				"local_port":	56672,
				"remote_host":	"89.84.1.222",
				"remote_port":	5202
			}],
		"version":	"iperf 3.7",
		"system_info":	"Darwin SAMAC135.local 18.0.0 Darwin Kernel Version 18.0.0: Wed Aug 22 20:13:40 PDT 2018; root:xnu-4903.201.2~1/RELEASE_X86_64 x86_64",
		"timestamp":	{
			"time":	"Wed, 11 Mar 2020 14:17:36 UTC",
			"timesecs":	1583936256
		},
		"connecting_to":	{
			"host":	"bouygues.iperf.fr",
			"port":	5202
		},
		"cookie":	"d3pd7oybcyfae6antdb4j2bqzrdefhmzy2ii",
		"tcp_mss_default":	1367,
		"sock_bufsize":	0,
		"sndbuf_actual":	131072,
		"rcvbuf_actual":	131072,
		"test_start":	{
			"protocol":	"TCP",
			"num_streams":	1,
			"blksize":	131072,
			"omit":	0,
			"duration":	10,
			"bytes":	0,
			"blocks":	0,
			"reverse":	0,
			"tos":	0
		}
	},
	"intervals":	[{
			"streams":	[{
					"socket":	7,
					"start":	0,
					"end":	1.002905,
					"seconds":	1.002905011177063,
					"bytes":	188646,
					"bits_per_second":	1504796.5492053526,
					"omitted":	false,
					"sender":	true
				}],
			"sum":	{
				"start":	0,
				"end":	1.002905,
				"seconds":	1.002905011177063,
				"bytes":	188646,
				"bits_per_second":	1504796.5492053526,
				"omitted":	false,
				"sender":	true
			}
		}, {
			"streams":	[{
					"socket":	7,
					"start":	1.002905,
					"end":	2.000189,
					"seconds":	0.99728399515151978,
					"bytes":	2512333,
					"bits_per_second":	20153400.7341072,
					"omitted":	false,
					"sender":	true
				}],
			"sum":	{
				"start":	1.002905,
				"end":	2.000189,
				"seconds":	0.99728399515151978,
				"bytes":	2512333,
				"bits_per_second":	20153400.7341072,
				"omitted":	false,
				"sender":	true
			}
		}, {
			"streams":	[{
					"socket":	7,
					"start":	2.000189,
					"end":	3.00014,
					"seconds":	0.99995100498199463,
					"bytes":	4470303,
					"bits_per_second":	35764176.266460121,
					"omitted":	false,
					"sender":	true
				}],
			"sum":	{
				"start":	2.000189,
				"end":	3.00014,
				"seconds":	0.99995100498199463,
				"bytes":	4470303,
				"bits_per_second":	35764176.266460121,
				"omitted":	false,
				"sender":	true
			}
		}, {
			"streams":	[{
					"socket":	7,
					"start":	3.00014,
					"end":	4.000289,
					"seconds":	1.0001490116119385,
					"bytes":	1604858,
					"bits_per_second":	12836951.145217476,
					"omitted":	false,
					"sender":	true
				}],
			"sum":	{
				"start":	3.00014,
				"end":	4.000289,
				"seconds":	1.0001490116119385,
				"bytes":	1604858,
				"bits_per_second":	12836951.145217476,
				"omitted":	false,
				"sender":	true
			}
		}, {
			"streams":	[{
					"socket":	7,
					"start":	4.000289,
					"end":	5.005001,
					"seconds":	1.0047119855880737,
					"bytes":	4281444,
					"bits_per_second":	34090916.094677649,
					"omitted":	false,
					"sender":	true
				}],
			"sum":	{
				"start":	4.000289,
				"end":	5.005001,
				"seconds":	1.0047119855880737,
				"bytes":	4281444,
				"bits_per_second":	34090916.094677649,
				"omitted":	false,
				"sender":	true
			}
		}, {
			"streams":	[{
					"socket":	7,
					"start":	5.005001,
					"end":	6.000979,
					"seconds":	0.99597799777984619,
					"bytes":	1775283,
					"bits_per_second":	14259616.208047308,
					"omitted":	false,
					"sender":	true
				}],
			"sum":	{
				"start":	5.005001,
				"end":	6.000979,
				"seconds":	0.99597799777984619,
				"bytes":	1775283,
				"bits_per_second":	14259616.208047308,
				"omitted":	false,
				"sender":	true
			}
		}, {
			"streams":	[{
					"socket":	7,
					"start":	6.000979,
					"end":	7.003091,
					"seconds":	1.0021120309829712,
					"bytes":	7867709,
					"bits_per_second":	62809017.409221746,
					"omitted":	false,
					"sender":	true
				}],
			"sum":	{
				"start":	6.000979,
				"end":	7.003091,
				"seconds":	1.0021120309829712,
				"bytes":	7867709,
				"bits_per_second":	62809017.409221746,
				"omitted":	false,
				"sender":	true
			}
		}, {
			"streams":	[{
					"socket":	7,
					"start":	7.003091,
					"end":	8.000334,
					"seconds":	0.99724298715591431,
					"bytes":	8520511,
					"bits_per_second":	68352536.821943939,
					"omitted":	false,
					"sender":	true
				}],
			"sum":	{
				"start":	7.003091,
				"end":	8.000334,
				"seconds":	0.99724298715591431,
				"bytes":	8520511,
				"bits_per_second":	68352536.821943939,
				"omitted":	false,
				"sender":	true
			}
		}, {
			"streams":	[{
					"socket":	7,
					"start":	8.000334,
					"end":	9.000435,
					"seconds":	1.0001009702682495,
					"bytes":	7536271,
					"bits_per_second":	60284081.100160144,
					"omitted":	false,
					"sender":	true
				}],
			"sum":	{
				"start":	8.000334,
				"end":	9.000435,
				"seconds":	1.0001009702682495,
				"bytes":	7536271,
				"bits_per_second":	60284081.100160144,
				"omitted":	false,
				"sender":	true
			}
		}, {
			"streams":	[{
					"socket":	7,
					"start":	9.000435,
					"end":	10.001763,
					"seconds":	1.0013279914855957,
					"bytes":	9279196,
					"bits_per_second":	74135117.195580631,
					"omitted":	false,
					"sender":	true
				}],
			"sum":	{
				"start":	9.000435,
				"end":	10.001763,
				"seconds":	1.0013279914855957,
				"bytes":	9279196,
				"bits_per_second":	74135117.195580631,
				"omitted":	false,
				"sender":	true
			}
		}],
	"end":	{
		"streams":	[{
				"sender":	{
					"socket":	7,
					"start":	0,
					"end":	10.001763,
					"seconds":	10.001763,
					"bytes":	48036554,
					"bits_per_second":	38422469.318659119,
					"sender":	true
				},
				"receiver":	{
					"socket":	7,
					"start":	0,
					"end":	10.183511,
					"seconds":	10.001763,
					"bytes":	47514186,
					"bits_per_second":	37326368.872189566,
					"sender":	true
				}
			}],
		"sum_sent":	{
			"start":	0,
			"end":	10.001763,
			"seconds":	10.001763,
			"bytes":	48036554,
			"bits_per_second":	38422469.318659119,
			"sender":	true
		},
		"sum_received":	{
			"start":	0,
			"end":	10.183511,
			"seconds":	10.183511,
			"bytes":	47514186,
			"bits_per_second":	37326368.872189566,
			"sender":	true
		},
		"cpu_utilization_percent":	{
			"host_total":	4.9576644850312812,
			"host_user":	1.0435110052182424,
			"host_system":	3.9141168316369046,
			"remote_total":	0.11400847250780465,
			"remote_user":	0.033375294714513018,
			"remote_system":	0.080633177793291613
		},
		"receiver_tcp_congestion":	"cubic"
	}
}
