{
	"start":	{
		"connected":	[{
				"socket":	7,
				"local_host":	"10.145.64.217",
				"local_port":	56415,
				"remote_host":	"89.84.1.222",
				"remote_port":	5202
			}],
		"version":	"iperf 3.7",
		"system_info":	"Darwin SAMAC135.local 18.0.0 Darwin Kernel Version 18.0.0: Wed Aug 22 20:13:40 PDT 2018; root:xnu-4903.201.2~1/RELEASE_X86_64 x86_64",
		"timestamp":	{
			"time":	"Wed, 11 Mar 2020 14:04:23 UTC",
			"timesecs":	1583935463
		},
		"connecting_to":	{
			"host":	"bouygues.iperf.fr",
			"port":	5202
		},
		"cookie":	"xgookme6x27ujptj7yppyzmdre3zrhua24ta",
		"tcp_mss_default":	1367,
		"sock_bufsize":	0,
		"sndbuf_actual":	131072,
		"rcvbuf_actual":	131072,
		"test_start":	{
			"protocol":	"TCP",
			"num_streams":	1,
			"blksize":	131072,
			"omit":	0,
			"duration":	10,
			"bytes":	0,
			"blocks":	0,
			"reverse":	0,
			"tos":	0
		}
	},
	"intervals":	[{
			"streams":	[{
					"socket":	7,
					"start":	0,
					"end":	1.004618,
					"seconds":	1.0046180486679077,
					"bytes":	183178,
					"bits_per_second":	1458687.7091677843,
					"omitted":	false,
					"sender":	true
				}],
			"sum":	{
				"start":	0,
				"end":	1.004618,
				"seconds":	1.0046180486679077,
				"bytes":	183178,
				"bits_per_second":	1458687.7091677843,
				"omitted":	false,
				"sender":	true
			}
		}, {
			"streams":	[{
					"socket":	7,
					"start":	1.004618,
					"end":	2.003256,
					"seconds":	0.99863797426223755,
					"bytes":	1849688,
					"bits_per_second":	14817686.069801154,
					"omitted":	false,
					"sender":	true
				}],
			"sum":	{
				"start":	1.004618,
				"end":	2.003256,
				"seconds":	0.99863797426223755,
				"bytes":	1849688,
				"bits_per_second":	14817686.069801154,
				"omitted":	false,
				"sender":	true
			}
		}, {
			"streams":	[{
					"socket":	7,
					"start":	2.003256,
					"end":	3.003523,
					"seconds":	1.0002670288085938,
					"bytes":	6035168,
					"bits_per_second":	48268454.931986853,
					"omitted":	false,
					"sender":	true
				}],
			"sum":	{
				"start":	2.003256,
				"end":	3.003523,
				"seconds":	1.0002670288085938,
				"bytes":	6035168,
				"bits_per_second":	48268454.931986853,
				"omitted":	false,
				"sender":	true
			}
		}, {
			"streams":	[{
					"socket":	7,
					"start":	3.003523,
					"end":	4.000086,
					"seconds":	0.99656301736831665,
					"bytes":	1006112,
					"bits_per_second":	8076655.3240709249,
					"omitted":	false,
					"sender":	true
				}],
			"sum":	{
				"start":	3.003523,
				"end":	4.000086,
				"seconds":	0.99656301736831665,
				"bytes":	1006112,
				"bits_per_second":	8076655.3240709249,
				"omitted":	false,
				"sender":	true
			}
		}, {
			"streams":	[{
					"socket":	7,
					"start":	4.000086,
					"end":	5.00338,
					"seconds":	1.0032939910888672,
					"bytes":	7412048,
					"bits_per_second":	59101703.515283786,
					"omitted":	false,
					"sender":	true
				}],
			"sum":	{
				"start":	4.000086,
				"end":	5.00338,
				"seconds":	1.0032939910888672,
				"bytes":	7412048,
				"bits_per_second":	59101703.515283786,
				"omitted":	false,
				"sender":	true
			}
		}, {
			"streams":	[{
					"socket":	7,
					"start":	5.00338,
					"end":	6.002866,
					"seconds":	0.99948602914810181,
					"bytes":	9774050,
					"bits_per_second":	78232609.2808383,
					"omitted":	false,
					"sender":	true
				}],
			"sum":	{
				"start":	5.00338,
				"end":	6.002866,
				"seconds":	0.99948602914810181,
				"bytes":	9774050,
				"bits_per_second":	78232609.2808383,
				"omitted":	false,
				"sender":	true
			}
		}, {
			"streams":	[{
					"socket":	7,
					"start":	6.002866,
					"end":	7.000401,
					"seconds":	0.997534990310669,
					"bytes":	10370062,
					"bits_per_second":	83165499.762733191,
					"omitted":	false,
					"sender":	true
				}],
			"sum":	{
				"start":	6.002866,
				"end":	7.000401,
				"seconds":	0.997534990310669,
				"bytes":	10370062,
				"bits_per_second":	83165499.762733191,
				"omitted":	false,
				"sender":	true
			}
		}, {
			"streams":	[{
					"socket":	7,
					"start":	7.000401,
					"end":	8.004835,
					"seconds":	1.0044339895248413,
					"bytes":	10635260,
					"bits_per_second":	84706492.300453737,
					"omitted":	false,
					"sender":	true
				}],
			"sum":	{
				"start":	7.000401,
				"end":	8.004835,
				"seconds":	1.0044339895248413,
				"bytes":	10635260,
				"bits_per_second":	84706492.300453737,
				"omitted":	false,
				"sender":	true
			}
		}, {
			"streams":	[{
					"socket":	7,
					"start":	8.004835,
					"end":	9.000026,
					"seconds":	0.99519097805023193,
					"bytes":	9823262,
					"bits_per_second":	78965844.47938332,
					"omitted":	false,
					"sender":	true
				}],
			"sum":	{
				"start":	8.004835,
				"end":	9.000026,
				"seconds":	0.99519097805023193,
				"bytes":	9823262,
				"bits_per_second":	78965844.47938332,
				"omitted":	false,
				"sender":	true
			}
		}, {
			"streams":	[{
					"socket":	7,
					"start":	9.000026,
					"end":	10.004709,
					"seconds":	1.0046830177307129,
					"bytes":	10848512,
					"bits_per_second":	86383560.255680546,
					"omitted":	false,
					"sender":	true
				}],
			"sum":	{
				"start":	9.000026,
				"end":	10.004709,
				"seconds":	1.0046830177307129,
				"bytes":	10848512,
				"bits_per_second":	86383560.255680546,
				"omitted":	false,
				"sender":	true
			}
		}],
	"end":	{
		"streams":	[{
				"sender":	{
					"socket":	7,
					"start":	0,
					"end":	10.004709,
					"seconds":	10.004709,
					"bytes":	67937340,
					"bits_per_second":	54324290.691513367,
					"sender":	true
				},
				"receiver":	{
					"socket":	7,
					"start":	0,
					"end":	10.18974,
					"seconds":	10.004709,
					"bytes":	67734850,
					"bits_per_second":	53178864.230098113,
					"sender":	true
				}
			}],
		"sum_sent":	{
			"start":	0,
			"end":	10.004709,
			"seconds":	10.004709,
			"bytes":	67937340,
			"bits_per_second":	54324290.691513367,
			"sender":	true
		},
		"sum_received":	{
			"start":	0,
			"end":	10.18974,
			"seconds":	10.18974,
			"bytes":	67734850,
			"bits_per_second":	53178864.230098113,
			"sender":	true
		},
		"cpu_utilization_percent":	{
			"host_total":	5.6279137115243447,
			"host_user":	1.2255481924564027,
			"host_system":	4.4022922037396315,
			"remote_total":	0.86193873996323556,
			"remote_user":	0.099355074205204827,
			"remote_system":	0.76258366575803083
		},
		"receiver_tcp_congestion":	"cubic"
	}
}
