{
	"start":	{
		"connected":	[{
				"socket":	7,
				"local_host":	"10.145.64.217",
				"local_port":	57312,
				"remote_host":	"89.84.1.222",
				"remote_port":	5202
			}],
		"version":	"iperf 3.7",
		"system_info":	"Darwin SAMAC135.local 18.0.0 Darwin Kernel Version 18.0.0: Wed Aug 22 20:13:40 PDT 2018; root:xnu-4903.201.2~1/RELEASE_X86_64 x86_64",
		"timestamp":	{
			"time":	"Wed, 11 Mar 2020 14:52:17 UTC",
			"timesecs":	1583938337
		},
		"connecting_to":	{
			"host":	"bouygues.iperf.fr",
			"port":	5202
		},
		"cookie":	"t5eyanonbekvgghsc66rdvtlzqa66y4nbcup",
		"tcp_mss_default":	1367,
		"sock_bufsize":	0,
		"sndbuf_actual":	131072,
		"rcvbuf_actual":	131072,
		"test_start":	{
			"protocol":	"TCP",
			"num_streams":	1,
			"blksize":	131072,
			"omit":	0,
			"duration":	10,
			"bytes":	0,
			"blocks":	0,
			"reverse":	0,
			"tos":	0
		}
	},
	"intervals":	[{
			"streams":	[{
					"socket":	7,
					"start":	0,
					"end":	1.004282,
					"seconds":	1.0042819976806641,
					"bytes":	180444,
					"bits_per_second":	1437397.0690839891,
					"omitted":	false,
					"sender":	true
				}],
			"sum":	{
				"start":	0,
				"end":	1.004282,
				"seconds":	1.0042819976806641,
				"bytes":	180444,
				"bits_per_second":	1437397.0690839891,
				"omitted":	false,
				"sender":	true
			}
		}, {
			"streams":	[{
					"socket":	7,
					"start":	1.004282,
					"end":	2.003268,
					"seconds":	0.998986005783081,
					"bytes":	2128446,
					"bits_per_second":	17044851.3807283,
					"omitted":	false,
					"sender":	true
				}],
			"sum":	{
				"start":	1.004282,
				"end":	2.003268,
				"seconds":	0.998986005783081,
				"bytes":	2128446,
				"bits_per_second":	17044851.3807283,
				"omitted":	false,
				"sender":	true
			}
		}, {
			"streams":	[{
					"socket":	7,
					"start":	2.003268,
					"end":	3.001604,
					"seconds":	0.99833601713180542,
					"bytes":	2579502,
					"bits_per_second":	20670411.210132197,
					"omitted":	false,
					"sender":	true
				}],
			"sum":	{
				"start":	2.003268,
				"end":	3.001604,
				"seconds":	0.99833601713180542,
				"bytes":	2579502,
				"bits_per_second":	20670411.210132197,
				"omitted":	false,
				"sender":	true
			}
		}, {
			"streams":	[{
					"socket":	7,
					"start":	3.001604,
					"end":	4.001624,
					"seconds":	1.0000200271606445,
					"bytes":	2546908,
					"bits_per_second":	20374855.949486792,
					"omitted":	false,
					"sender":	true
				}],
			"sum":	{
				"start":	3.001604,
				"end":	4.001624,
				"seconds":	1.0000200271606445,
				"bytes":	2546908,
				"bits_per_second":	20374855.949486792,
				"omitted":	false,
				"sender":	true
			}
		}, {
			"streams":	[{
					"socket":	7,
					"start":	4.001624,
					"end":	5.00394,
					"seconds":	1.0023159980773926,
					"bytes":	6344234,
					"bits_per_second":	50636597.736995414,
					"omitted":	false,
					"sender":	true
				}],
			"sum":	{
				"start":	4.001624,
				"end":	5.00394,
				"seconds":	1.0023159980773926,
				"bytes":	6344234,
				"bits_per_second":	50636597.736995414,
				"omitted":	false,
				"sender":	true
			}
		}, {
			"streams":	[{
					"socket":	7,
					"start":	5.00394,
					"end":	6.00426,
					"seconds":	1.0003199577331543,
					"bytes":	6681896,
					"bits_per_second":	53438070.076234266,
					"omitted":	false,
					"sender":	true
				}],
			"sum":	{
				"start":	5.00394,
				"end":	6.00426,
				"seconds":	1.0003199577331543,
				"bytes":	6681896,
				"bits_per_second":	53438070.076234266,
				"omitted":	false,
				"sender":	true
			}
		}, {
			"streams":	[{
					"socket":	7,
					"start":	6.00426,
					"end":	7.003313,
					"seconds":	0.99905300140380859,
					"bytes":	5999763,
					"bits_per_second":	48043601.222914077,
					"omitted":	false,
					"sender":	true
				}],
			"sum":	{
				"start":	6.00426,
				"end":	7.003313,
				"seconds":	0.99905300140380859,
				"bytes":	5999763,
				"bits_per_second":	48043601.222914077,
				"omitted":	false,
				"sender":	true
			}
		}, {
			"streams":	[{
					"socket":	7,
					"start":	7.003313,
					"end":	8.00055,
					"seconds":	0.99723702669143677,
					"bytes":	7306615,
					"bits_per_second":	58614871.324955724,
					"omitted":	false,
					"sender":	true
				}],
			"sum":	{
				"start":	7.003313,
				"end":	8.00055,
				"seconds":	0.99723702669143677,
				"bytes":	7306615,
				"bits_per_second":	58614871.324955724,
				"omitted":	false,
				"sender":	true
			}
		}, {
			"streams":	[{
					"socket":	7,
					"start":	8.00055,
					"end":	9.000077,
					"seconds":	0.9995269775390625,
					"bytes":	7418709,
					"bits_per_second":	59377759.013693608,
					"omitted":	false,
					"sender":	true
				}],
			"sum":	{
				"start":	8.00055,
				"end":	9.000077,
				"seconds":	0.9995269775390625,
				"bytes":	7418709,
				"bits_per_second":	59377759.013693608,
				"omitted":	false,
				"sender":	true
			}
		}, {
			"streams":	[{
					"socket":	7,
					"start":	9.000077,
					"end":	10.000166,
					"seconds":	1.0000890493392944,
					"bytes":	6516489,
					"bits_per_second":	52127270.101038277,
					"omitted":	false,
					"sender":	true
				}],
			"sum":	{
				"start":	9.000077,
				"end":	10.000166,
				"seconds":	1.0000890493392944,
				"bytes":	6516489,
				"bits_per_second":	52127270.101038277,
				"omitted":	false,
				"sender":	true
			}
		}],
	"end":	{
		"streams":	[{
				"sender":	{
					"socket":	7,
					"start":	0,
					"end":	10.000166,
					"seconds":	10.000166,
					"bytes":	47703006,
					"bits_per_second":	38161771.314596176,
					"sender":	true
				},
				"receiver":	{
					"socket":	7,
					"start":	0,
					"end":	10.171767,
					"seconds":	10.000166,
					"bytes":	46881265,
					"bits_per_second":	36871678.244301118,
					"sender":	true
				}
			}],
		"sum_sent":	{
			"start":	0,
			"end":	10.000166,
			"seconds":	10.000166,
			"bytes":	47703006,
			"bits_per_second":	38161771.314596176,
			"sender":	true
		},
		"sum_received":	{
			"start":	0,
			"end":	10.171767,
			"seconds":	10.171767,
			"bytes":	46881265,
			"bits_per_second":	36871678.244301118,
			"sender":	true
		},
		"cpu_utilization_percent":	{
			"host_total":	5.5625106716107773,
			"host_user":	1.2168696823162148,
			"host_system":	4.3455305338083532,
			"remote_total":	0.75265580477825667,
			"remote_user":	0.2410462482647768,
			"remote_system":	0.5116225453187534
		},
		"receiver_tcp_congestion":	"cubic"
	}
}
