{
	"start":	{
		"connected":	[{
				"socket":	7,
				"local_host":	"10.145.69.251",
				"local_port":	65478,
				"remote_host":	"89.84.1.222",
				"remote_port":	5202
			}],
		"version":	"iperf 3.7",
		"system_info":	"Darwin SAMAC135.local 18.0.0 Darwin Kernel Version 18.0.0: Wed Aug 22 20:13:40 PDT 2018; root:xnu-4903.201.2~1/RELEASE_X86_64 x86_64",
		"timestamp":	{
			"time":	"Tue, 10 Mar 2020 15:36:11 UTC",
			"timesecs":	1583854571
		},
		"connecting_to":	{
			"host":	"bouygues.iperf.fr",
			"port":	5202
		},
		"cookie":	"73gzxrqi2pxmxnf25ews5alrhq5lgg7disv6",
		"tcp_mss_default":	1367,
		"sock_bufsize":	0,
		"sndbuf_actual":	131072,
		"rcvbuf_actual":	131072,
		"test_start":	{
			"protocol":	"TCP",
			"num_streams":	1,
			"blksize":	131072,
			"omit":	0,
			"duration":	10,
			"bytes":	0,
			"blocks":	0,
			"reverse":	0,
			"tos":	0
		}
	},
	"intervals":	[{
			"streams":	[{
					"socket":	7,
					"start":	0,
					"end":	1.002628,
					"seconds":	1.002627968788147,
					"bytes":	187279,
					"bits_per_second":	1494305.0130656918,
					"omitted":	false,
					"sender":	true
				}],
			"sum":	{
				"start":	0,
				"end":	1.002628,
				"seconds":	1.002627968788147,
				"bytes":	187279,
				"bits_per_second":	1494305.0130656918,
				"omitted":	false,
				"sender":	true
			}
		}, {
			"streams":	[{
					"socket":	7,
					"start":	1.002628,
					"end":	2.0002,
					"seconds":	0.99757200479507446,
					"bytes":	3622724,
					"bits_per_second":	29052330.920166072,
					"omitted":	false,
					"sender":	true
				}],
			"sum":	{
				"start":	1.002628,
				"end":	2.0002,
				"seconds":	0.99757200479507446,
				"bytes":	3622724,
				"bits_per_second":	29052330.920166072,
				"omitted":	false,
				"sender":	true
			}
		}, {
			"streams":	[{
					"socket":	7,
					"start":	2.0002,
					"end":	3.000262,
					"seconds":	1.0000619888305664,
					"bytes":	9883932,
					"bits_per_second":	79066554.756733716,
					"omitted":	false,
					"sender":	true
				}],
			"sum":	{
				"start":	2.0002,
				"end":	3.000262,
				"seconds":	1.0000619888305664,
				"bytes":	9883932,
				"bits_per_second":	79066554.756733716,
				"omitted":	false,
				"sender":	true
			}
		}, {
			"streams":	[{
					"socket":	7,
					"start":	3.000262,
					"end":	4.0024,
					"seconds":	1.0021380186080933,
					"bytes":	11784584,
					"bits_per_second":	94075536.75185816,
					"omitted":	false,
					"sender":	true
				}],
			"sum":	{
				"start":	3.000262,
				"end":	4.0024,
				"seconds":	1.0021380186080933,
				"bytes":	11784584,
				"bits_per_second":	94075536.75185816,
				"omitted":	false,
				"sender":	true
			}
		}, {
			"streams":	[{
					"socket":	7,
					"start":	4.0024,
					"end":	5.0002,
					"seconds":	0.99779999256134033,
					"bytes":	12465190,
					"bits_per_second":	99941391.805401891,
					"omitted":	false,
					"sender":	true
				}],
			"sum":	{
				"start":	4.0024,
				"end":	5.0002,
				"seconds":	0.99779999256134033,
				"bytes":	12465190,
				"bits_per_second":	99941391.805401891,
				"omitted":	false,
				"sender":	true
			}
		}, {
			"streams":	[{
					"socket":	7,
					"start":	5.0002,
					"end":	6.000303,
					"seconds":	1.0001029968261719,
					"bytes":	11479729,
					"bits_per_second":	91828373.96892868,
					"omitted":	false,
					"sender":	true
				}],
			"sum":	{
				"start":	5.0002,
				"end":	6.000303,
				"seconds":	1.0001029968261719,
				"bytes":	11479729,
				"bits_per_second":	91828373.96892868,
				"omitted":	false,
				"sender":	true
			}
		}, {
			"streams":	[{
					"socket":	7,
					"start":	6.000303,
					"end":	7.000376,
					"seconds":	1.0000729560852051,
					"bytes":	11851567,
					"bits_per_second":	94805619.353156552,
					"omitted":	false,
					"sender":	true
				}],
			"sum":	{
				"start":	6.000303,
				"end":	7.000376,
				"seconds":	1.0000729560852051,
				"bytes":	11851567,
				"bits_per_second":	94805619.353156552,
				"omitted":	false,
				"sender":	true
			}
		}, {
			"streams":	[{
					"socket":	7,
					"start":	7.000376,
					"end":	8.000107,
					"seconds":	0.99973100423812866,
					"bytes":	12250571,
					"bits_per_second":	98030937.906829208,
					"omitted":	false,
					"sender":	true
				}],
			"sum":	{
				"start":	7.000376,
				"end":	8.000107,
				"seconds":	0.99973100423812866,
				"bytes":	12250571,
				"bits_per_second":	98030937.906829208,
				"omitted":	false,
				"sender":	true
			}
		}, {
			"streams":	[{
					"socket":	7,
					"start":	8.000107,
					"end":	9.000242,
					"seconds":	1.0001349449157715,
					"bytes":	11564483,
					"bits_per_second":	92503381.139023617,
					"omitted":	false,
					"sender":	true
				}],
			"sum":	{
				"start":	8.000107,
				"end":	9.000242,
				"seconds":	1.0001349449157715,
				"bytes":	11564483,
				"bits_per_second":	92503381.139023617,
				"omitted":	false,
				"sender":	true
			}
		}, {
			"streams":	[{
					"socket":	7,
					"start":	9.000242,
					"end":	10.000295,
					"seconds":	1.00005304813385,
					"bytes":	12056617,
					"bits_per_second":	96447819.623155087,
					"omitted":	false,
					"sender":	true
				}],
			"sum":	{
				"start":	9.000242,
				"end":	10.000295,
				"seconds":	1.00005304813385,
				"bytes":	12056617,
				"bits_per_second":	96447819.623155087,
				"omitted":	false,
				"sender":	true
			}
		}],
	"end":	{
		"streams":	[{
				"sender":	{
					"socket":	7,
					"start":	0,
					"end":	10.000295,
					"seconds":	10.000295,
					"bytes":	97146676,
					"bits_per_second":	77715048.206077918,
					"sender":	true
				},
				"receiver":	{
					"socket":	7,
					"start":	0,
					"end":	10.176791,
					"seconds":	10.000295,
					"bytes":	97146676,
					"bits_per_second":	76367236.784169,
					"sender":	true
				}
			}],
		"sum_sent":	{
			"start":	0,
			"end":	10.000295,
			"seconds":	10.000295,
			"bytes":	97146676,
			"bits_per_second":	77715048.206077918,
			"sender":	true
		},
		"sum_received":	{
			"start":	0,
			"end":	10.176791,
			"seconds":	10.176791,
			"bytes":	97146676,
			"bits_per_second":	76367236.784169,
			"sender":	true
		},
		"cpu_utilization_percent":	{
			"host_total":	8.6210919883674748,
			"host_user":	1.3557391701141537,
			"host_system":	7.265251640256297,
			"remote_total":	2.9790308716488632,
			"remote_user":	0.51675613843404611,
			"remote_system":	2.4622747332148176
		},
		"receiver_tcp_congestion":	"cubic"
	}
}
