{
	"start":	{
		"connected":	[{
				"socket":	7,
				"local_host":	"10.145.69.251",
				"local_port":	65489,
				"remote_host":	"89.84.1.222",
				"remote_port":	5202
			}],
		"version":	"iperf 3.7",
		"system_info":	"Darwin SAMAC135.local 18.0.0 Darwin Kernel Version 18.0.0: Wed Aug 22 20:13:40 PDT 2018; root:xnu-4903.201.2~1/RELEASE_X86_64 x86_64",
		"timestamp":	{
			"time":	"Tue, 10 Mar 2020 15:36:50 UTC",
			"timesecs":	1583854610
		},
		"connecting_to":	{
			"host":	"bouygues.iperf.fr",
			"port":	5202
		},
		"cookie":	"roa2kxw6fiyqwmkolbwnapw4gvd65l3gyrdq",
		"tcp_mss_default":	1367,
		"sock_bufsize":	0,
		"sndbuf_actual":	131072,
		"rcvbuf_actual":	131072,
		"test_start":	{
			"protocol":	"TCP",
			"num_streams":	1,
			"blksize":	131072,
			"omit":	0,
			"duration":	10,
			"bytes":	0,
			"blocks":	0,
			"reverse":	0,
			"tos":	0
		}
	},
	"intervals":	[{
			"streams":	[{
					"socket":	7,
					"start":	0,
					"end":	1.00485,
					"seconds":	1.0048500299453735,
					"bytes":	191380,
					"bits_per_second":	1523650.2506580327,
					"omitted":	false,
					"sender":	true
				}],
			"sum":	{
				"start":	0,
				"end":	1.00485,
				"seconds":	1.0048500299453735,
				"bytes":	191380,
				"bits_per_second":	1523650.2506580327,
				"omitted":	false,
				"sender":	true
			}
		}, {
			"streams":	[{
					"socket":	7,
					"start":	1.00485,
					"end":	2.002248,
					"seconds":	0.9973980188369751,
					"bytes":	2943985,
					"bits_per_second":	23613321.417524852,
					"omitted":	false,
					"sender":	true
				}],
			"sum":	{
				"start":	1.00485,
				"end":	2.002248,
				"seconds":	0.9973980188369751,
				"bytes":	2943985,
				"bits_per_second":	23613321.417524852,
				"omitted":	false,
				"sender":	true
			}
		}, {
			"streams":	[{
					"socket":	7,
					"start":	2.002248,
					"end":	3.000166,
					"seconds":	0.99791800975799561,
					"bytes":	9637212,
					"bits_per_second":	77258547.542094067,
					"omitted":	false,
					"sender":	true
				}],
			"sum":	{
				"start":	2.002248,
				"end":	3.000166,
				"seconds":	0.99791800975799561,
				"bytes":	9637212,
				"bits_per_second":	77258547.542094067,
				"omitted":	false,
				"sender":	true
			}
		}, {
			"streams":	[{
					"socket":	7,
					"start":	3.000166,
					"end":	4.000264,
					"seconds":	1.0000979900360107,
					"bytes":	11545185,
					"bits_per_second":	92352430.382021189,
					"omitted":	false,
					"sender":	true
				}],
			"sum":	{
				"start":	3.000166,
				"end":	4.000264,
				"seconds":	1.0000979900360107,
				"bytes":	11545185,
				"bits_per_second":	92352430.382021189,
				"omitted":	false,
				"sender":	true
			}
		}, {
			"streams":	[{
					"socket":	7,
					"start":	4.000264,
					"end":	5.001814,
					"seconds":	1.0015499591827393,
					"bytes":	12578811,
					"bits_per_second":	100474756.22894946,
					"omitted":	false,
					"sender":	true
				}],
			"sum":	{
				"start":	4.000264,
				"end":	5.001814,
				"seconds":	1.0015499591827393,
				"bytes":	12578811,
				"bits_per_second":	100474756.22894946,
				"omitted":	false,
				"sender":	true
			}
		}, {
			"streams":	[{
					"socket":	7,
					"start":	5.001814,
					"end":	6.000051,
					"seconds":	0.9982370138168335,
					"bytes":	11345777,
					"bits_per_second":	90926518.195261687,
					"omitted":	false,
					"sender":	true
				}],
			"sum":	{
				"start":	5.001814,
				"end":	6.000051,
				"seconds":	0.9982370138168335,
				"bytes":	11345777,
				"bits_per_second":	90926518.195261687,
				"omitted":	false,
				"sender":	true
			}
		}, {
			"streams":	[{
					"socket":	7,
					"start":	6.000051,
					"end":	7.000208,
					"seconds":	1.0001569986343384,
					"bytes":	11848659,
					"bits_per_second":	94774392.549799427,
					"omitted":	false,
					"sender":	true
				}],
			"sum":	{
				"start":	6.000051,
				"end":	7.000208,
				"seconds":	1.0001569986343384,
				"bytes":	11848659,
				"bits_per_second":	94774392.549799427,
				"omitted":	false,
				"sender":	true
			}
		}, {
			"streams":	[{
					"socket":	7,
					"start":	7.000208,
					"end":	8.000649,
					"seconds":	1.0004409551620483,
					"bytes":	12459882,
					"bits_per_second":	99635121.378906652,
					"omitted":	false,
					"sender":	true
				}],
			"sum":	{
				"start":	7.000208,
				"end":	8.000649,
				"seconds":	1.0004409551620483,
				"bytes":	12459882,
				"bits_per_second":	99635121.378906652,
				"omitted":	false,
				"sender":	true
			}
		}, {
			"streams":	[{
					"socket":	7,
					"start":	8.000649,
					"end":	9.000417,
					"seconds":	0.99976801872253418,
					"bytes":	11539891,
					"bits_per_second":	92340549.278583542,
					"omitted":	false,
					"sender":	true
				}],
			"sum":	{
				"start":	8.000649,
				"end":	9.000417,
				"seconds":	0.99976801872253418,
				"bytes":	11539891,
				"bits_per_second":	92340549.278583542,
				"omitted":	false,
				"sender":	true
			}
		}, {
			"streams":	[{
					"socket":	7,
					"start":	9.000417,
					"end":	10.000385,
					"seconds":	0.99996799230575562,
					"bytes":	11670869,
					"bits_per_second":	93369940.556508943,
					"omitted":	false,
					"sender":	true
				}],
			"sum":	{
				"start":	9.000417,
				"end":	10.000385,
				"seconds":	0.99996799230575562,
				"bytes":	11670869,
				"bits_per_second":	93369940.556508943,
				"omitted":	false,
				"sender":	true
			}
		}],
	"end":	{
		"streams":	[{
				"sender":	{
					"socket":	7,
					"start":	0,
					"end":	10.000385,
					"seconds":	10.000385,
					"bytes":	95761651,
					"bits_per_second":	76606371.454699,
					"sender":	true
				},
				"receiver":	{
					"socket":	7,
					"start":	0,
					"end":	10.174762,
					"seconds":	10.000385,
					"bytes":	95746694,
					"bits_per_second":	75281716.85981451,
					"sender":	true
				}
			}],
		"sum_sent":	{
			"start":	0,
			"end":	10.000385,
			"seconds":	10.000385,
			"bytes":	95761651,
			"bits_per_second":	76606371.454699,
			"sender":	true
		},
		"sum_received":	{
			"start":	0,
			"end":	10.174762,
			"seconds":	10.174762,
			"bytes":	95746694,
			"bits_per_second":	75281716.85981451,
			"sender":	true
		},
		"cpu_utilization_percent":	{
			"host_total":	7.7898916503260782,
			"host_user":	1.2204182596000752,
			"host_system":	6.5693814044845684,
			"remote_total":	2.2736484190400787,
			"remote_user":	0.42361004658767942,
			"remote_system":	1.8500383724523992
		},
		"receiver_tcp_congestion":	"cubic"
	}
}
