{
	"start":	{
		"connected":	[{
				"socket":	7,
				"local_host":	"10.145.69.251",
				"local_port":	65465,
				"remote_host":	"89.84.1.222",
				"remote_port":	5202
			}],
		"version":	"iperf 3.7",
		"system_info":	"Darwin SAMAC135.local 18.0.0 Darwin Kernel Version 18.0.0: Wed Aug 22 20:13:40 PDT 2018; root:xnu-4903.201.2~1/RELEASE_X86_64 x86_64",
		"timestamp":	{
			"time":	"Tue, 10 Mar 2020 15:35:20 UTC",
			"timesecs":	1583854520
		},
		"connecting_to":	{
			"host":	"bouygues.iperf.fr",
			"port":	5202
		},
		"cookie":	"i5d67gopyacf2dic6ixua7kucnrk4grplppg",
		"tcp_mss_default":	1367,
		"sock_bufsize":	0,
		"sndbuf_actual":	131072,
		"rcvbuf_actual":	131072,
		"test_start":	{
			"protocol":	"TCP",
			"num_streams":	1,
			"blksize":	131072,
			"omit":	0,
			"duration":	10,
			"bytes":	0,
			"blocks":	0,
			"reverse":	0,
			"tos":	0
		}
	},
	"intervals":	[{
			"streams":	[{
					"socket":	7,
					"start":	0,
					"end":	1.003615,
					"seconds":	1.0036150217056274,
					"bytes":	191380,
					"bits_per_second":	1525525.1933136894,
					"omitted":	false,
					"sender":	true
				}],
			"sum":	{
				"start":	0,
				"end":	1.003615,
				"seconds":	1.0036150217056274,
				"bytes":	191380,
				"bits_per_second":	1525525.1933136894,
				"omitted":	false,
				"sender":	true
			}
		}, {
			"streams":	[{
					"socket":	7,
					"start":	1.003615,
					"end":	2.002993,
					"seconds":	0.9993780255317688,
					"bytes":	2642078,
					"bits_per_second":	21149778.622311819,
					"omitted":	false,
					"sender":	true
				}],
			"sum":	{
				"start":	1.003615,
				"end":	2.002993,
				"seconds":	0.9993780255317688,
				"bytes":	2642078,
				"bits_per_second":	21149778.622311819,
				"omitted":	false,
				"sender":	true
			}
		}, {
			"streams":	[{
					"socket":	7,
					"start":	2.002993,
					"end":	3.000176,
					"seconds":	0.99718302488327026,
					"bytes":	9548157,
					"bits_per_second":	76601039.221402332,
					"omitted":	false,
					"sender":	true
				}],
			"sum":	{
				"start":	2.002993,
				"end":	3.000176,
				"seconds":	0.99718302488327026,
				"bytes":	9548157,
				"bits_per_second":	76601039.221402332,
				"omitted":	false,
				"sender":	true
			}
		}, {
			"streams":	[{
					"socket":	7,
					"start":	3.000176,
					"end":	4.000077,
					"seconds":	0.99990099668502808,
					"bytes":	11634040,
					"bits_per_second":	93081535.380565345,
					"omitted":	false,
					"sender":	true
				}],
			"sum":	{
				"start":	3.000176,
				"end":	4.000077,
				"seconds":	0.99990099668502808,
				"bytes":	11634040,
				"bits_per_second":	93081535.380565345,
				"omitted":	false,
				"sender":	true
			}
		}, {
			"streams":	[{
					"socket":	7,
					"start":	4.000077,
					"end":	5.002105,
					"seconds":	1.0020279884338379,
					"bytes":	12559673,
					"bits_per_second":	100274029.42810549,
					"omitted":	false,
					"sender":	true
				}],
			"sum":	{
				"start":	4.000077,
				"end":	5.002105,
				"seconds":	1.0020279884338379,
				"bytes":	12559673,
				"bits_per_second":	100274029.42810549,
				"omitted":	false,
				"sender":	true
			}
		}, {
			"streams":	[{
					"socket":	7,
					"start":	5.002105,
					"end":	6.000059,
					"seconds":	0.99795401096343994,
					"bytes":	11392081,
					"bits_per_second":	91323494.8692829,
					"omitted":	false,
					"sender":	true
				}],
			"sum":	{
				"start":	5.002105,
				"end":	6.000059,
				"seconds":	0.99795401096343994,
				"bytes":	11392081,
				"bits_per_second":	91323494.8692829,
				"omitted":	false,
				"sender":	true
			}
		}, {
			"streams":	[{
					"socket":	7,
					"start":	6.000059,
					"end":	7.00004,
					"seconds":	0.99998098611831665,
					"bytes":	11852934,
					"bits_per_second":	94825274.996559381,
					"omitted":	false,
					"sender":	true
				}],
			"sum":	{
				"start":	6.000059,
				"end":	7.00004,
				"seconds":	0.99998098611831665,
				"bytes":	11852934,
				"bits_per_second":	94825274.996559381,
				"omitted":	false,
				"sender":	true
			}
		}, {
			"streams":	[{
					"socket":	7,
					"start":	7.00004,
					"end":	8.000201,
					"seconds":	1.0001610517501831,
					"bytes":	12134216,
					"bits_per_second":	97058096.623669311,
					"omitted":	false,
					"sender":	true
				}],
			"sum":	{
				"start":	7.00004,
				"end":	8.000201,
				"seconds":	1.0001610517501831,
				"bytes":	12134216,
				"bits_per_second":	97058096.623669311,
				"omitted":	false,
				"sender":	true
			}
		}, {
			"streams":	[{
					"socket":	7,
					"start":	8.000201,
					"end":	9.000204,
					"seconds":	1.0000029802322388,
					"bytes":	11892723,
					"bits_per_second":	95141500.4562331,
					"omitted":	false,
					"sender":	true
				}],
			"sum":	{
				"start":	8.000201,
				"end":	9.000204,
				"seconds":	1.0000029802322388,
				"bytes":	11892723,
				"bits_per_second":	95141500.4562331,
				"omitted":	false,
				"sender":	true
			}
		}, {
			"streams":	[{
					"socket":	7,
					"start":	9.000204,
					"end":	10.000034,
					"seconds":	0.99983000755310059,
					"bytes":	11955459,
					"bits_per_second":	95659933.466160148,
					"omitted":	false,
					"sender":	true
				}],
			"sum":	{
				"start":	9.000204,
				"end":	10.000034,
				"seconds":	0.99983000755310059,
				"bytes":	11955459,
				"bits_per_second":	95659933.466160148,
				"omitted":	false,
				"sender":	true
			}
		}],
	"end":	{
		"streams":	[{
				"sender":	{
					"socket":	7,
					"start":	0,
					"end":	10.000034,
					"seconds":	10.000034,
					"bytes":	95802741,
					"bits_per_second":	76641932.217430472,
					"sender":	true
				},
				"receiver":	{
					"socket":	7,
					"start":	0,
					"end":	10.179769,
					"seconds":	10.000034,
					"bytes":	95802741,
					"bits_per_second":	75288734.744373858,
					"sender":	true
				}
			}],
		"sum_sent":	{
			"start":	0,
			"end":	10.000034,
			"seconds":	10.000034,
			"bytes":	95802741,
			"bits_per_second":	76641932.217430472,
			"sender":	true
		},
		"sum_received":	{
			"start":	0,
			"end":	10.179769,
			"seconds":	10.179769,
			"bytes":	95802741,
			"bits_per_second":	75288734.744373858,
			"sender":	true
		},
		"cpu_utilization_percent":	{
			"host_total":	9.0644099239129936,
			"host_user":	1.4088815623321105,
			"host_system":	7.6554089733993953,
			"remote_total":	2.7732067248200134,
			"remote_user":	0.40757358370423785,
			"remote_system":	2.3656331411157754
		},
		"receiver_tcp_congestion":	"cubic"
	}
}
