{
	"start":	{
		"connected":	[{
				"socket":	7,
				"local_host":	"10.145.69.251",
				"local_port":	65469,
				"remote_host":	"89.84.1.222",
				"remote_port":	5202
			}],
		"version":	"iperf 3.7",
		"system_info":	"Darwin SAMAC135.local 18.0.0 Darwin Kernel Version 18.0.0: Wed Aug 22 20:13:40 PDT 2018; root:xnu-4903.201.2~1/RELEASE_X86_64 x86_64",
		"timestamp":	{
			"time":	"Tue, 10 Mar 2020 15:35:33 UTC",
			"timesecs":	1583854533
		},
		"connecting_to":	{
			"host":	"bouygues.iperf.fr",
			"port":	5202
		},
		"cookie":	"y53fblje32sat6urro425k7h4qxjxha6nezj",
		"tcp_mss_default":	1367,
		"sock_bufsize":	0,
		"sndbuf_actual":	131072,
		"rcvbuf_actual":	131072,
		"test_start":	{
			"protocol":	"TCP",
			"num_streams":	1,
			"blksize":	131072,
			"omit":	0,
			"duration":	10,
			"bytes":	0,
			"blocks":	0,
			"reverse":	0,
			"tos":	0
		}
	},
	"intervals":	[{
			"streams":	[{
					"socket":	7,
					"start":	0,
					"end":	1.002408,
					"seconds":	1.0024080276489258,
					"bytes":	188646,
					"bits_per_second":	1505542.6117642359,
					"omitted":	false,
					"sender":	true
				}],
			"sum":	{
				"start":	0,
				"end":	1.002408,
				"seconds":	1.0024080276489258,
				"bytes":	188646,
				"bits_per_second":	1505542.6117642359,
				"omitted":	false,
				"sender":	true
			}
		}, {
			"streams":	[{
					"socket":	7,
					"start":	1.002408,
					"end":	2.003213,
					"seconds":	1.0008050203323364,
					"bytes":	2054538,
					"bits_per_second":	16423083.08419757,
					"omitted":	false,
					"sender":	true
				}],
			"sum":	{
				"start":	1.002408,
				"end":	2.003213,
				"seconds":	1.0008050203323364,
				"bytes":	2054538,
				"bits_per_second":	16423083.08419757,
				"omitted":	false,
				"sender":	true
			}
		}, {
			"streams":	[{
					"socket":	7,
					"start":	2.003213,
					"end":	3.003261,
					"seconds":	1.000048041343689,
					"bytes":	4164,
					"bits_per_second":	33310.39972363846,
					"omitted":	false,
					"sender":	true
				}],
			"sum":	{
				"start":	2.003213,
				"end":	3.003261,
				"seconds":	1.000048041343689,
				"bytes":	4164,
				"bits_per_second":	33310.39972363846,
				"omitted":	false,
				"sender":	true
			}
		}, {
			"streams":	[{
					"socket":	7,
					"start":	3.003261,
					"end":	4.00012,
					"seconds":	0.99685901403427124,
					"bytes":	2774210,
					"bits_per_second":	22263609.685568836,
					"omitted":	false,
					"sender":	true
				}],
			"sum":	{
				"start":	3.003261,
				"end":	4.00012,
				"seconds":	0.99685901403427124,
				"bytes":	2774210,
				"bits_per_second":	22263609.685568836,
				"omitted":	false,
				"sender":	true
			}
		}, {
			"streams":	[{
					"socket":	7,
					"start":	4.00012,
					"end":	5.002463,
					"seconds":	1.0023430585861206,
					"bytes":	2791414,
					"bits_per_second":	22279110.73829351,
					"omitted":	false,
					"sender":	true
				}],
			"sum":	{
				"start":	4.00012,
				"end":	5.002463,
				"seconds":	1.0023430585861206,
				"bytes":	2791414,
				"bits_per_second":	22279110.73829351,
				"omitted":	false,
				"sender":	true
			}
		}, {
			"streams":	[{
					"socket":	7,
					"start":	5.002463,
					"end":	6.000431,
					"seconds":	0.99796801805496216,
					"bytes":	3601955,
					"bits_per_second":	28874312.080823623,
					"omitted":	false,
					"sender":	true
				}],
			"sum":	{
				"start":	5.002463,
				"end":	6.000431,
				"seconds":	0.99796801805496216,
				"bytes":	3601955,
				"bits_per_second":	28874312.080823623,
				"omitted":	false,
				"sender":	true
			}
		}, {
			"streams":	[{
					"socket":	7,
					"start":	6.000431,
					"end":	7.000355,
					"seconds":	0.99992400407791138,
					"bytes":	3232885,
					"bits_per_second":	25865045.637993123,
					"omitted":	false,
					"sender":	true
				}],
			"sum":	{
				"start":	6.000431,
				"end":	7.000355,
				"seconds":	0.99992400407791138,
				"bytes":	3232885,
				"bits_per_second":	25865045.637993123,
				"omitted":	false,
				"sender":	true
			}
		}, {
			"streams":	[{
					"socket":	7,
					"start":	7.000355,
					"end":	8.002554,
					"seconds":	1.0021990537643433,
					"bytes":	3720954,
					"bits_per_second":	29702315.012362354,
					"omitted":	false,
					"sender":	true
				}],
			"sum":	{
				"start":	7.000355,
				"end":	8.002554,
				"seconds":	1.0021990537643433,
				"bytes":	3720954,
				"bits_per_second":	29702315.012362354,
				"omitted":	false,
				"sender":	true
			}
		}, {
			"streams":	[{
					"socket":	7,
					"start":	8.002554,
					"end":	9.001486,
					"seconds":	0.99893200397491455,
					"bytes":	2606839,
					"bits_per_second":	20877008.562160064,
					"omitted":	false,
					"sender":	true
				}],
			"sum":	{
				"start":	8.002554,
				"end":	9.001486,
				"seconds":	0.99893200397491455,
				"bytes":	2606839,
				"bits_per_second":	20877008.562160064,
				"omitted":	false,
				"sender":	true
			}
		}, {
			"streams":	[{
					"socket":	7,
					"start":	9.001486,
					"end":	10.000293,
					"seconds":	0.99880701303482056,
					"bytes":	2575428,
					"bits_per_second":	20628032.974455819,
					"omitted":	false,
					"sender":	true
				}],
			"sum":	{
				"start":	9.001486,
				"end":	10.000293,
				"seconds":	0.99880701303482056,
				"bytes":	2575428,
				"bits_per_second":	20628032.974455819,
				"omitted":	false,
				"sender":	true
			}
		}],
	"end":	{
		"streams":	[{
				"sender":	{
					"socket":	7,
					"start":	0,
					"end":	10.000293,
					"seconds":	10.000293,
					"bytes":	23551033,
					"bits_per_second":	18840274.379960667,
					"sender":	true
				},
				"receiver":	{
					"socket":	7,
					"start":	0,
					"end":	10.276629,
					"seconds":	10.000293,
					"bytes":	22854873,
					"bits_per_second":	17791727.618073981,
					"sender":	true
				}
			}],
		"sum_sent":	{
			"start":	0,
			"end":	10.000293,
			"seconds":	10.000293,
			"bytes":	23551033,
			"bits_per_second":	18840274.379960667,
			"sender":	true
		},
		"sum_received":	{
			"start":	0,
			"end":	10.276629,
			"seconds":	10.276629,
			"bytes":	22854873,
			"bits_per_second":	17791727.618073981,
			"sender":	true
		},
		"cpu_utilization_percent":	{
			"host_total":	4.2498244984039291,
			"host_user":	1.0142851676500153,
			"host_system":	3.2354381505884642,
			"remote_total":	0.55113832158906728,
			"remote_user":	0.078773831295564534,
			"remote_system":	0.47235629919115318
		},
		"receiver_tcp_congestion":	"cubic"
	}
}
