{
	"start":	{
		"connected":	[{
				"socket":	7,
				"local_host":	"10.145.69.251",
				"local_port":	65472,
				"remote_host":	"89.84.1.222",
				"remote_port":	5202
			}],
		"version":	"iperf 3.7",
		"system_info":	"Darwin SAMAC135.local 18.0.0 Darwin Kernel Version 18.0.0: Wed Aug 22 20:13:40 PDT 2018; root:xnu-4903.201.2~1/RELEASE_X86_64 x86_64",
		"timestamp":	{
			"time":	"Tue, 10 Mar 2020 15:35:46 UTC",
			"timesecs":	1583854546
		},
		"connecting_to":	{
			"host":	"bouygues.iperf.fr",
			"port":	5202
		},
		"cookie":	"q22pz5ra5sp4736luo2u7btjhzqaaxq2mq3m",
		"tcp_mss_default":	1367,
		"sock_bufsize":	0,
		"sndbuf_actual":	131072,
		"rcvbuf_actual":	131072,
		"test_start":	{
			"protocol":	"TCP",
			"num_streams":	1,
			"blksize":	131072,
			"omit":	0,
			"duration":	10,
			"bytes":	0,
			"blocks":	0,
			"reverse":	0,
			"tos":	0
		}
	},
	"intervals":	[{
			"streams":	[{
					"socket":	7,
					"start":	0,
					"end":	1.004625,
					"seconds":	1.0046249628067017,
					"bytes":	191380,
					"bits_per_second":	1523991.5955528421,
					"omitted":	false,
					"sender":	true
				}],
			"sum":	{
				"start":	0,
				"end":	1.004625,
				"seconds":	1.0046249628067017,
				"bytes":	191380,
				"bits_per_second":	1523991.5955528421,
				"omitted":	false,
				"sender":	true
			}
		}, {
			"streams":	[{
					"socket":	7,
					"start":	1.004625,
					"end":	2.000285,
					"seconds":	0.99566000699996948,
					"bytes":	3383839,
					"bits_per_second":	27188710.814615283,
					"omitted":	false,
					"sender":	true
				}],
			"sum":	{
				"start":	1.004625,
				"end":	2.000285,
				"seconds":	0.99566000699996948,
				"bytes":	3383839,
				"bits_per_second":	27188710.814615283,
				"omitted":	false,
				"sender":	true
			}
		}, {
			"streams":	[{
					"socket":	7,
					"start":	2.000285,
					"end":	3.005088,
					"seconds":	1.004802942276001,
					"bytes":	9014180,
					"bits_per_second":	71768738.889890477,
					"omitted":	false,
					"sender":	true
				}],
			"sum":	{
				"start":	2.000285,
				"end":	3.005088,
				"seconds":	1.004802942276001,
				"bytes":	9014180,
				"bits_per_second":	71768738.889890477,
				"omitted":	false,
				"sender":	true
			}
		}, {
			"streams":	[{
					"socket":	7,
					"start":	3.005088,
					"end":	4.000036,
					"seconds":	0.99494802951812744,
					"bytes":	11584828,
					"bits_per_second":	93149211.06470862,
					"omitted":	false,
					"sender":	true
				}],
			"sum":	{
				"start":	3.005088,
				"end":	4.000036,
				"seconds":	0.99494802951812744,
				"bytes":	11584828,
				"bits_per_second":	93149211.06470862,
				"omitted":	false,
				"sender":	true
			}
		}, {
			"streams":	[{
					"socket":	7,
					"start":	4.000036,
					"end":	5.000148,
					"seconds":	1.0001120567321777,
					"bytes":	11578167,
					"bits_per_second":	92614957.870470256,
					"omitted":	false,
					"sender":	true
				}],
			"sum":	{
				"start":	4.000036,
				"end":	5.000148,
				"seconds":	1.0001120567321777,
				"bytes":	11578167,
				"bits_per_second":	92614957.870470256,
				"omitted":	false,
				"sender":	true
			}
		}, {
			"streams":	[{
					"socket":	7,
					"start":	5.000148,
					"end":	6.000143,
					"seconds":	0.99999499320983887,
					"bytes":	11784250,
					"bits_per_second":	94274472.012498915,
					"omitted":	false,
					"sender":	true
				}],
			"sum":	{
				"start":	5.000148,
				"end":	6.000143,
				"seconds":	0.99999499320983887,
				"bytes":	11784250,
				"bits_per_second":	94274472.012498915,
				"omitted":	false,
				"sender":	true
			}
		}, {
			"streams":	[{
					"socket":	7,
					"start":	6.000143,
					"end":	7.000177,
					"seconds":	1.000033974647522,
					"bytes":	11503142,
					"bits_per_second":	92022009.5846601,
					"omitted":	false,
					"sender":	true
				}],
			"sum":	{
				"start":	6.000143,
				"end":	7.000177,
				"seconds":	1.000033974647522,
				"bytes":	11503142,
				"bits_per_second":	92022009.5846601,
				"omitted":	false,
				"sender":	true
			}
		}, {
			"streams":	[{
					"socket":	7,
					"start":	7.000177,
					"end":	8.000314,
					"seconds":	1.0001369714736938,
					"bytes":	11869004,
					"bits_per_second":	94939028.061415359,
					"omitted":	false,
					"sender":	true
				}],
			"sum":	{
				"start":	7.000177,
				"end":	8.000314,
				"seconds":	1.0001369714736938,
				"bytes":	11869004,
				"bits_per_second":	94939028.061415359,
				"omitted":	false,
				"sender":	true
			}
		}, {
			"streams":	[{
					"socket":	7,
					"start":	8.000314,
					"end":	9.004973,
					"seconds":	1.0046590566635132,
					"bytes":	11251614,
					"bits_per_second":	89595481.574549422,
					"omitted":	false,
					"sender":	true
				}],
			"sum":	{
				"start":	8.000314,
				"end":	9.004973,
				"seconds":	1.0046590566635132,
				"bytes":	11251614,
				"bits_per_second":	89595481.574549422,
				"omitted":	false,
				"sender":	true
			}
		}, {
			"streams":	[{
					"socket":	7,
					"start":	9.004973,
					"end":	10.00009,
					"seconds":	0.99511700868606567,
					"bytes":	11457537,
					"bits_per_second":	92110068.66521816,
					"omitted":	false,
					"sender":	true
				}],
			"sum":	{
				"start":	9.004973,
				"end":	10.00009,
				"seconds":	0.99511700868606567,
				"bytes":	11457537,
				"bits_per_second":	92110068.66521816,
				"omitted":	false,
				"sender":	true
			}
		}],
	"end":	{
		"streams":	[{
				"sender":	{
					"socket":	7,
					"start":	0,
					"end":	10.00009,
					"seconds":	10.00009,
					"bytes":	93617941,
					"bits_per_second":	74893678.756891191,
					"sender":	true
				},
				"receiver":	{
					"socket":	7,
					"start":	0,
					"end":	10.174131,
					"seconds":	10.00009,
					"bytes":	93542916,
					"bits_per_second":	73553537.69280149,
					"sender":	true
				}
			}],
		"sum_sent":	{
			"start":	0,
			"end":	10.00009,
			"seconds":	10.00009,
			"bytes":	93617941,
			"bits_per_second":	74893678.756891191,
			"sender":	true
		},
		"sum_received":	{
			"start":	0,
			"end":	10.174131,
			"seconds":	10.174131,
			"bytes":	93542916,
			"bits_per_second":	73553537.69280149,
			"sender":	true
		},
		"cpu_utilization_percent":	{
			"host_total":	8.665571219336945,
			"host_user":	1.3495164624148306,
			"host_system":	7.3160179846049012,
			"remote_total":	2.8570902316226139,
			"remote_user":	0.45557535292490986,
			"remote_system":	2.4015066190869034
		},
		"receiver_tcp_congestion":	"cubic"
	}
}
