{
	"start":	{
		"connected":	[{
				"socket":	7,
				"local_host":	"10.145.69.251",
				"local_port":	65461,
				"remote_host":	"89.84.1.222",
				"remote_port":	5202
			}],
		"version":	"iperf 3.7",
		"system_info":	"Darwin SAMAC135.local 18.0.0 Darwin Kernel Version 18.0.0: Wed Aug 22 20:13:40 PDT 2018; root:xnu-4903.201.2~1/RELEASE_X86_64 x86_64",
		"timestamp":	{
			"time":	"Tue, 10 Mar 2020 15:35:07 UTC",
			"timesecs":	1583854507
		},
		"connecting_to":	{
			"host":	"bouygues.iperf.fr",
			"port":	5202
		},
		"cookie":	"fgpjnskmdldihujekxhzb2h5bvrpblpo7kfd",
		"tcp_mss_default":	1367,
		"sock_bufsize":	0,
		"sndbuf_actual":	131072,
		"rcvbuf_actual":	131072,
		"test_start":	{
			"protocol":	"TCP",
			"num_streams":	1,
			"blksize":	131072,
			"omit":	0,
			"duration":	10,
			"bytes":	0,
			"blocks":	0,
			"reverse":	0,
			"tos":	0
		}
	},
	"intervals":	[{
			"streams":	[{
					"socket":	7,
					"start":	0,
					"end":	1.00058,
					"seconds":	1.0005799531936646,
					"bytes":	191380,
					"bits_per_second":	1530152.5831226241,
					"omitted":	false,
					"sender":	true
				}],
			"sum":	{
				"start":	0,
				"end":	1.00058,
				"seconds":	1.0005799531936646,
				"bytes":	191380,
				"bits_per_second":	1530152.5831226241,
				"omitted":	false,
				"sender":	true
			}
		}, {
			"streams":	[{
					"socket":	7,
					"start":	1.00058,
					"end":	2.000163,
					"seconds":	0.99958300590515137,
					"bytes":	3101110,
					"bits_per_second":	24819229.47212857,
					"omitted":	false,
					"sender":	true
				}],
			"sum":	{
				"start":	1.00058,
				"end":	2.000163,
				"seconds":	0.99958300590515137,
				"bytes":	3101110,
				"bits_per_second":	24819229.47212857,
				"omitted":	false,
				"sender":	true
			}
		}, {
			"streams":	[{
					"socket":	7,
					"start":	2.000163,
					"end":	3.001329,
					"seconds":	1.0011659860610962,
					"bytes":	8788211,
					"bits_per_second":	70223808.0186931,
					"omitted":	false,
					"sender":	true
				}],
			"sum":	{
				"start":	2.000163,
				"end":	3.001329,
				"seconds":	1.0011659860610962,
				"bytes":	8788211,
				"bits_per_second":	70223808.0186931,
				"omitted":	false,
				"sender":	true
			}
		}, {
			"streams":	[{
					"socket":	7,
					"start":	3.001329,
					"end":	4.000107,
					"seconds":	0.99877798557281494,
					"bytes":	11608241,
					"bits_per_second":	92979550.351963282,
					"omitted":	false,
					"sender":	true
				}],
			"sum":	{
				"start":	3.001329,
				"end":	4.000107,
				"seconds":	0.99877798557281494,
				"bytes":	11608241,
				"bits_per_second":	92979550.351963282,
				"omitted":	false,
				"sender":	true
			}
		}, {
			"streams":	[{
					"socket":	7,
					"start":	4.000107,
					"end":	5.001019,
					"seconds":	1.0009119510650635,
					"bytes":	11461798,
					"bits_per_second":	91610839.39744015,
					"omitted":	false,
					"sender":	true
				}],
			"sum":	{
				"start":	4.000107,
				"end":	5.001019,
				"seconds":	1.0009119510650635,
				"bytes":	11461798,
				"bits_per_second":	91610839.39744015,
				"omitted":	false,
				"sender":	true
			}
		}, {
			"streams":	[{
					"socket":	7,
					"start":	5.001019,
					"end":	6.000436,
					"seconds":	0.9994170069694519,
					"bytes":	11716234,
					"bits_per_second":	93784547.737704188,
					"omitted":	false,
					"sender":	true
				}],
			"sum":	{
				"start":	5.001019,
				"end":	6.000436,
				"seconds":	0.9994170069694519,
				"bytes":	11716234,
				"bits_per_second":	93784547.737704188,
				"omitted":	false,
				"sender":	true
			}
		}, {
			"streams":	[{
					"socket":	7,
					"start":	6.000436,
					"end":	7.000131,
					"seconds":	0.99969500303268433,
					"bytes":	11418054,
					"bits_per_second":	91372300.274480373,
					"omitted":	false,
					"sender":	true
				}],
			"sum":	{
				"start":	6.000436,
				"end":	7.000131,
				"seconds":	0.99969500303268433,
				"bytes":	11418054,
				"bits_per_second":	91372300.274480373,
				"omitted":	false,
				"sender":	true
			}
		}, {
			"streams":	[{
					"socket":	7,
					"start":	7.000131,
					"end":	8.000104,
					"seconds":	0.99997299909591675,
					"bytes":	11813291,
					"bits_per_second":	94508879.825199172,
					"omitted":	false,
					"sender":	true
				}],
			"sum":	{
				"start":	7.000131,
				"end":	8.000104,
				"seconds":	0.99997299909591675,
				"bytes":	11813291,
				"bits_per_second":	94508879.825199172,
				"omitted":	false,
				"sender":	true
			}
		}, {
			"streams":	[{
					"socket":	7,
					"start":	8.000104,
					"end":	9.00241,
					"seconds":	1.0023059844970703,
					"bytes":	11412586,
					"bits_per_second":	91090634.409224033,
					"omitted":	false,
					"sender":	true
				}],
			"sum":	{
				"start":	8.000104,
				"end":	9.00241,
				"seconds":	1.0023059844970703,
				"bytes":	11412586,
				"bits_per_second":	91090634.409224033,
				"omitted":	false,
				"sender":	true
			}
		}, {
			"streams":	[{
					"socket":	7,
					"start":	9.00241,
					"end":	10.00042,
					"seconds":	0.998009979724884,
					"bytes":	11775015,
					"bits_per_second":	94387953.942071438,
					"omitted":	false,
					"sender":	true
				}],
			"sum":	{
				"start":	9.00241,
				"end":	10.00042,
				"seconds":	0.998009979724884,
				"bytes":	11775015,
				"bits_per_second":	94387953.942071438,
				"omitted":	false,
				"sender":	true
			}
		}],
	"end":	{
		"streams":	[{
				"sender":	{
					"socket":	7,
					"start":	0,
					"end":	10.00042,
					"seconds":	10.00042,
					"bytes":	93285920,
					"bits_per_second":	74625601.724727556,
					"sender":	true
				},
				"receiver":	{
					"socket":	7,
					"start":	0,
					"end":	10.177879,
					"seconds":	10.00042,
					"bytes":	93265415,
					"bits_per_second":	73308330.743566513,
					"sender":	true
				}
			}],
		"sum_sent":	{
			"start":	0,
			"end":	10.00042,
			"seconds":	10.00042,
			"bytes":	93285920,
			"bits_per_second":	74625601.724727556,
			"sender":	true
		},
		"sum_received":	{
			"start":	0,
			"end":	10.177879,
			"seconds":	10.177879,
			"bytes":	93265415,
			"bits_per_second":	73308330.743566513,
			"sender":	true
		},
		"cpu_utilization_percent":	{
			"host_total":	8.04385451009651,
			"host_user":	1.2846549690834552,
			"host_system":	6.75909858003897,
			"remote_total":	2.4556491140374104,
			"remote_user":	0.51177903741192554,
			"remote_system":	1.9438783198249276
		},
		"receiver_tcp_congestion":	"cubic"
	}
}
