{
	"start":	{
		"connected":	[{
				"socket":	7,
				"local_host":	"10.145.69.251",
				"local_port":	63577,
				"remote_host":	"89.84.1.222",
				"remote_port":	5202
			}],
		"version":	"iperf 3.7",
		"system_info":	"Darwin SAMAC135.local 18.0.0 Darwin Kernel Version 18.0.0: Wed Aug 22 20:13:40 PDT 2018; root:xnu-4903.201.2~1/RELEASE_X86_64 x86_64",
		"timestamp":	{
			"time":	"Tue, 10 Mar 2020 14:06:52 UTC",
			"timesecs":	1583849212
		},
		"connecting_to":	{
			"host":	"bouygues.iperf.fr",
			"port":	5202
		},
		"cookie":	"45htkyvhlgcs6dr5tvkrv54z7lbf7c3yuvca",
		"tcp_mss_default":	1367,
		"sock_bufsize":	0,
		"sndbuf_actual":	131072,
		"rcvbuf_actual":	131072,
		"test_start":	{
			"protocol":	"TCP",
			"num_streams":	1,
			"blksize":	131072,
			"omit":	0,
			"duration":	10,
			"bytes":	0,
			"blocks":	0,
			"reverse":	0,
			"tos":	0
		}
	},
	"intervals":	[{
			"streams":	[{
					"socket":	7,
					"start":	0,
					"end":	1.00348,
					"seconds":	1.0034799575805664,
					"bytes":	191380,
					"bits_per_second":	1525730.5225023166,
					"omitted":	false,
					"sender":	true
				}],
			"sum":	{
				"start":	0,
				"end":	1.00348,
				"seconds":	1.0034799575805664,
				"bytes":	191380,
				"bits_per_second":	1525730.5225023166,
				"omitted":	false,
				"sender":	true
			}
		}, {
			"streams":	[{
					"socket":	7,
					"start":	1.00348,
					"end":	2.000105,
					"seconds":	0.99662500619888306,
					"bytes":	3876986,
					"bits_per_second":	31120920.915173762,
					"omitted":	false,
					"sender":	true
				}],
			"sum":	{
				"start":	1.00348,
				"end":	2.000105,
				"seconds":	0.99662500619888306,
				"bytes":	3876986,
				"bits_per_second":	31120920.915173762,
				"omitted":	false,
				"sender":	true
			}
		}, {
			"streams":	[{
					"socket":	7,
					"start":	2.000105,
					"end":	3.000409,
					"seconds":	1.0003039836883545,
					"bytes":	9648808,
					"bits_per_second":	77167006.488748282,
					"omitted":	false,
					"sender":	true
				}],
			"sum":	{
				"start":	2.000105,
				"end":	3.000409,
				"seconds":	1.0003039836883545,
				"bytes":	9648808,
				"bits_per_second":	77167006.488748282,
				"omitted":	false,
				"sender":	true
			}
		}, {
			"streams":	[{
					"socket":	7,
					"start":	3.000409,
					"end":	4.000027,
					"seconds":	0.99961799383163452,
					"bytes":	4711030,
					"bits_per_second":	37702642.642052941,
					"omitted":	false,
					"sender":	true
				}],
			"sum":	{
				"start":	3.000409,
				"end":	4.000027,
				"seconds":	0.99961799383163452,
				"bytes":	4711030,
				"bits_per_second":	37702642.642052941,
				"omitted":	false,
				"sender":	true
			}
		}, {
			"streams":	[{
					"socket":	7,
					"start":	4.000027,
					"end":	5.003913,
					"seconds":	1.0038859844207764,
					"bytes":	308942,
					"bits_per_second":	2461968.8274919293,
					"omitted":	false,
					"sender":	true
				}],
			"sum":	{
				"start":	4.000027,
				"end":	5.003913,
				"seconds":	1.0038859844207764,
				"bytes":	308942,
				"bits_per_second":	2461968.8274919293,
				"omitted":	false,
				"sender":	true
			}
		}, {
			"streams":	[{
					"socket":	7,
					"start":	5.003913,
					"end":	6.005027,
					"seconds":	1.0011140108108521,
					"bytes":	4507066,
					"bits_per_second":	36016405.335088685,
					"omitted":	false,
					"sender":	true
				}],
			"sum":	{
				"start":	5.003913,
				"end":	6.005027,
				"seconds":	1.0011140108108521,
				"bytes":	4507066,
				"bits_per_second":	36016405.335088685,
				"omitted":	false,
				"sender":	true
			}
		}, {
			"streams":	[{
					"socket":	7,
					"start":	6.005027,
					"end":	7.000201,
					"seconds":	0.995173990726471,
					"bytes":	4625928,
					"bits_per_second":	37186888.267633289,
					"omitted":	false,
					"sender":	true
				}],
			"sum":	{
				"start":	6.005027,
				"end":	7.000201,
				"seconds":	0.995173990726471,
				"bytes":	4625928,
				"bits_per_second":	37186888.267633289,
				"omitted":	false,
				"sender":	true
			}
		}, {
			"streams":	[{
					"socket":	7,
					"start":	7.000201,
					"end":	8.004029,
					"seconds":	1.0038280487060547,
					"bytes":	5614189,
					"bits_per_second":	44742236.5393097,
					"omitted":	false,
					"sender":	true
				}],
			"sum":	{
				"start":	7.000201,
				"end":	8.004029,
				"seconds":	1.0038280487060547,
				"bytes":	5614189,
				"bits_per_second":	44742236.5393097,
				"omitted":	false,
				"sender":	true
			}
		}, {
			"streams":	[{
					"socket":	7,
					"start":	8.004029,
					"end":	9.000241,
					"seconds":	0.99621200561523438,
					"bytes":	5372240,
					"bits_per_second":	43141339.150453188,
					"omitted":	false,
					"sender":	true
				}],
			"sum":	{
				"start":	8.004029,
				"end":	9.000241,
				"seconds":	0.99621200561523438,
				"bytes":	5372240,
				"bits_per_second":	43141339.150453188,
				"omitted":	false,
				"sender":	true
			}
		}, {
			"streams":	[{
					"socket":	7,
					"start":	9.000241,
					"end":	10.00025,
					"seconds":	1.0000089406967163,
					"bytes":	5806936,
					"bits_per_second":	46455072.65928442,
					"omitted":	false,
					"sender":	true
				}],
			"sum":	{
				"start":	9.000241,
				"end":	10.00025,
				"seconds":	1.0000089406967163,
				"bytes":	5806936,
				"bits_per_second":	46455072.65928442,
				"omitted":	false,
				"sender":	true
			}
		}],
	"end":	{
		"streams":	[{
				"sender":	{
					"socket":	7,
					"start":	0,
					"end":	10.00025,
					"seconds":	10.00025,
					"bytes":	44663505,
					"bits_per_second":	35729910.752231196,
					"sender":	true
				},
				"receiver":	{
					"socket":	7,
					"start":	0,
					"end":	10.172986,
					"seconds":	10.00025,
					"bytes":	43572802,
					"bits_per_second":	34265496.482547015,
					"sender":	true
				}
			}],
		"sum_sent":	{
			"start":	0,
			"end":	10.00025,
			"seconds":	10.00025,
			"bytes":	44663505,
			"bits_per_second":	35729910.752231196,
			"sender":	true
		},
		"sum_received":	{
			"start":	0,
			"end":	10.172986,
			"seconds":	10.172986,
			"bytes":	43572802,
			"bits_per_second":	34265496.482547015,
			"sender":	true
		},
		"cpu_utilization_percent":	{
			"host_total":	6.3868081196907953,
			"host_user":	1.2412173086745169,
			"host_system":	5.1454811886680085,
			"remote_total":	1.0561308415069972,
			"remote_user":	0.12322019496498093,
			"remote_system":	0.932918863412846
		},
		"receiver_tcp_congestion":	"cubic"
	}
}
