{
	"start":	{
		"connected":	[{
				"socket":	7,
				"local_host":	"10.145.69.251",
				"local_port":	65458,
				"remote_host":	"89.84.1.222",
				"remote_port":	5202
			}],
		"version":	"iperf 3.7",
		"system_info":	"Darwin SAMAC135.local 18.0.0 Darwin Kernel Version 18.0.0: Wed Aug 22 20:13:40 PDT 2018; root:xnu-4903.201.2~1/RELEASE_X86_64 x86_64",
		"timestamp":	{
			"time":	"Tue, 10 Mar 2020 15:34:54 UTC",
			"timesecs":	1583854494
		},
		"connecting_to":	{
			"host":	"bouygues.iperf.fr",
			"port":	5202
		},
		"cookie":	"vqvu5wh3koviiiajbzdp4zpgvw37lwuhhnpb",
		"tcp_mss_default":	1367,
		"sock_bufsize":	0,
		"sndbuf_actual":	131072,
		"rcvbuf_actual":	131072,
		"test_start":	{
			"protocol":	"TCP",
			"num_streams":	1,
			"blksize":	131072,
			"omit":	0,
			"duration":	10,
			"bytes":	0,
			"blocks":	0,
			"reverse":	0,
			"tos":	0
		}
	},
	"intervals":	[{
			"streams":	[{
					"socket":	7,
					"start":	0,
					"end":	1.00404,
					"seconds":	1.004040002822876,
					"bytes":	192747,
					"bits_per_second":	1535771.478889992,
					"omitted":	false,
					"sender":	true
				}],
			"sum":	{
				"start":	0,
				"end":	1.00404,
				"seconds":	1.004040002822876,
				"bytes":	192747,
				"bits_per_second":	1535771.478889992,
				"omitted":	false,
				"sender":	true
			}
		}, {
			"streams":	[{
					"socket":	7,
					"start":	1.00404,
					"end":	2.000288,
					"seconds":	0.99624800682067871,
					"bytes":	3495873,
					"bits_per_second":	28072311.119849462,
					"omitted":	false,
					"sender":	true
				}],
			"sum":	{
				"start":	1.00404,
				"end":	2.000288,
				"seconds":	0.99624800682067871,
				"bytes":	3495873,
				"bits_per_second":	28072311.119849462,
				"omitted":	false,
				"sender":	true
			}
		}, {
			"streams":	[{
					"socket":	7,
					"start":	2.000288,
					"end":	3.00288,
					"seconds":	1.0025919675827026,
					"bytes":	5547006,
					"bits_per_second":	44261324.082809858,
					"omitted":	false,
					"sender":	true
				}],
			"sum":	{
				"start":	2.000288,
				"end":	3.00288,
				"seconds":	1.0025919675827026,
				"bytes":	5547006,
				"bits_per_second":	44261324.082809858,
				"omitted":	false,
				"sender":	true
			}
		}, {
			"streams":	[{
					"socket":	7,
					"start":	3.00288,
					"end":	4.001693,
					"seconds":	0.9988129734992981,
					"bytes":	477083,
					"bits_per_second":	3821199.8655048329,
					"omitted":	false,
					"sender":	true
				}],
			"sum":	{
				"start":	3.00288,
				"end":	4.001693,
				"seconds":	0.9988129734992981,
				"bytes":	477083,
				"bits_per_second":	3821199.8655048329,
				"omitted":	false,
				"sender":	true
			}
		}, {
			"streams":	[{
					"socket":	7,
					"start":	4.001693,
					"end":	5.00027,
					"seconds":	0.99857699871063232,
					"bytes":	5573433,
					"bits_per_second":	44651002.434035189,
					"omitted":	false,
					"sender":	true
				}],
			"sum":	{
				"start":	4.001693,
				"end":	5.00027,
				"seconds":	0.99857699871063232,
				"bytes":	5573433,
				"bits_per_second":	44651002.434035189,
				"omitted":	false,
				"sender":	true
			}
		}, {
			"streams":	[{
					"socket":	7,
					"start":	5.00027,
					"end":	6.000255,
					"seconds":	0.9999849796295166,
					"bytes":	11372797,
					"bits_per_second":	90983742.609521955,
					"omitted":	false,
					"sender":	true
				}],
			"sum":	{
				"start":	5.00027,
				"end":	6.000255,
				"seconds":	0.9999849796295166,
				"bytes":	11372797,
				"bits_per_second":	90983742.609521955,
				"omitted":	false,
				"sender":	true
			}
		}, {
			"streams":	[{
					"socket":	7,
					"start":	6.000255,
					"end":	7.000291,
					"seconds":	1.0000360012054443,
					"bytes":	12580178,
					"bits_per_second":	100637800.91785368,
					"omitted":	false,
					"sender":	true
				}],
			"sum":	{
				"start":	6.000255,
				"end":	7.000291,
				"seconds":	1.0000360012054443,
				"bytes":	12580178,
				"bits_per_second":	100637800.91785368,
				"omitted":	false,
				"sender":	true
			}
		}, {
			"streams":	[{
					"socket":	7,
					"start":	7.000291,
					"end":	8.000244,
					"seconds":	0.99995297193527222,
					"bytes":	11407438,
					"bits_per_second":	91263795.9597037,
					"omitted":	false,
					"sender":	true
				}],
			"sum":	{
				"start":	7.000291,
				"end":	8.000244,
				"seconds":	0.99995297193527222,
				"bytes":	11407438,
				"bits_per_second":	91263795.9597037,
				"omitted":	false,
				"sender":	true
			}
		}, {
			"streams":	[{
					"socket":	7,
					"start":	8.000244,
					"end":	9.00359,
					"seconds":	1.0033459663391113,
					"bytes":	11546552,
					"bits_per_second":	92064371.711222813,
					"omitted":	false,
					"sender":	true
				}],
			"sum":	{
				"start":	8.000244,
				"end":	9.00359,
				"seconds":	1.0033459663391113,
				"bytes":	11546552,
				"bits_per_second":	92064371.711222813,
				"omitted":	false,
				"sender":	true
			}
		}, {
			"streams":	[{
					"socket":	7,
					"start":	9.00359,
					"end":	10.000171,
					"seconds":	0.99658101797103882,
					"bytes":	12451680,
					"bits_per_second":	99955184.981152043,
					"omitted":	false,
					"sender":	true
				}],
			"sum":	{
				"start":	9.00359,
				"end":	10.000171,
				"seconds":	0.99658101797103882,
				"bytes":	12451680,
				"bits_per_second":	99955184.981152043,
				"omitted":	false,
				"sender":	true
			}
		}],
	"end":	{
		"streams":	[{
				"sender":	{
					"socket":	7,
					"start":	0,
					"end":	10.000171,
					"seconds":	10.000171,
					"bytes":	74644787,
					"bits_per_second":	59714808.47677505,
					"sender":	true
				},
				"receiver":	{
					"socket":	7,
					"start":	0,
					"end":	10.180801,
					"seconds":	10.000171,
					"bytes":	74644467,
					"bits_per_second":	58655083.819043308,
					"sender":	true
				}
			}],
		"sum_sent":	{
			"start":	0,
			"end":	10.000171,
			"seconds":	10.000171,
			"bytes":	74644787,
			"bits_per_second":	59714808.47677505,
			"sender":	true
		},
		"sum_received":	{
			"start":	0,
			"end":	10.180801,
			"seconds":	10.180801,
			"bytes":	74644467,
			"bits_per_second":	58655083.819043308,
			"sender":	true
		},
		"cpu_utilization_percent":	{
			"host_total":	6.9672823988016237,
			"host_user":	1.1662642052563292,
			"host_system":	5.8008988187496673,
			"remote_total":	1.8647043425896008,
			"remote_user":	0.28970060257527408,
			"remote_system":	1.5750037400143266
		},
		"receiver_tcp_congestion":	"cubic"
	}
}
