{
	"start":	{
		"connected":	[{
				"socket":	7,
				"local_host":	"10.145.69.251",
				"local_port":	63461,
				"remote_host":	"89.84.1.222",
				"remote_port":	5202
			}],
		"version":	"iperf 3.7",
		"system_info":	"Darwin SAMAC135.local 18.0.0 Darwin Kernel Version 18.0.0: Wed Aug 22 20:13:40 PDT 2018; root:xnu-4903.201.2~1/RELEASE_X86_64 x86_64",
		"timestamp":	{
			"time":	"Tue, 10 Mar 2020 14:02:47 UTC",
			"timesecs":	1583848967
		},
		"connecting_to":	{
			"host":	"bouygues.iperf.fr",
			"port":	5202
		},
		"cookie":	"5ai2yfrqg5ce664ygkligqbacznqrpi6rkzf",
		"tcp_mss_default":	1367,
		"sock_bufsize":	0,
		"sndbuf_actual":	131072,
		"rcvbuf_actual":	131072,
		"test_start":	{
			"protocol":	"TCP",
			"num_streams":	1,
			"blksize":	131072,
			"omit":	0,
			"duration":	10,
			"bytes":	0,
			"blocks":	0,
			"reverse":	0,
			"tos":	0
		}
	},
	"intervals":	[{
			"streams":	[{
					"socket":	7,
					"start":	0,
					"end":	1.000283,
					"seconds":	1.0002830028533936,
					"bytes":	191380,
					"bits_per_second":	1530606.833898583,
					"omitted":	false,
					"sender":	true
				}],
			"sum":	{
				"start":	0,
				"end":	1.000283,
				"seconds":	1.0002830028533936,
				"bytes":	191380,
				"bits_per_second":	1530606.833898583,
				"omitted":	false,
				"sender":	true
			}
		}, {
			"streams":	[{
					"socket":	7,
					"start":	1.000283,
					"end":	2.004977,
					"seconds":	1.0046939849853516,
					"bytes":	1759546,
					"bits_per_second":	14010602.442499179,
					"omitted":	false,
					"sender":	true
				}],
			"sum":	{
				"start":	1.000283,
				"end":	2.004977,
				"seconds":	1.0046939849853516,
				"bytes":	1759546,
				"bits_per_second":	14010602.442499179,
				"omitted":	false,
				"sender":	true
			}
		}, {
			"streams":	[{
					"socket":	7,
					"start":	2.004977,
					"end":	3.002889,
					"seconds":	0.99791198968887329,
					"bytes":	8040999,
					"bits_per_second":	64462590.553758189,
					"omitted":	false,
					"sender":	true
				}],
			"sum":	{
				"start":	2.004977,
				"end":	3.002889,
				"seconds":	0.99791198968887329,
				"bytes":	8040999,
				"bits_per_second":	64462590.553758189,
				"omitted":	false,
				"sender":	true
			}
		}, {
			"streams":	[{
					"socket":	7,
					"start":	3.002889,
					"end":	4.000448,
					"seconds":	0.99755901098251343,
					"bytes":	12331210,
					"bits_per_second":	98891072.020730078,
					"omitted":	false,
					"sender":	true
				}],
			"sum":	{
				"start":	3.002889,
				"end":	4.000448,
				"seconds":	0.99755901098251343,
				"bytes":	12331210,
				"bits_per_second":	98891072.020730078,
				"omitted":	false,
				"sender":	true
			}
		}, {
			"streams":	[{
					"socket":	7,
					"start":	4.000448,
					"end":	5.000112,
					"seconds":	0.99966400861740112,
					"bytes":	11613709,
					"bits_per_second":	92940899.341269657,
					"omitted":	false,
					"sender":	true
				}],
			"sum":	{
				"start":	4.000448,
				"end":	5.000112,
				"seconds":	0.99966400861740112,
				"bytes":	11613709,
				"bits_per_second":	92940899.341269657,
				"omitted":	false,
				"sender":	true
			}
		}, {
			"streams":	[{
					"socket":	7,
					"start":	5.000112,
					"end":	6.000302,
					"seconds":	1.0001900196075439,
					"bytes":	11862503,
					"bits_per_second":	94881994.5606306,
					"omitted":	false,
					"sender":	true
				}],
			"sum":	{
				"start":	5.000112,
				"end":	6.000302,
				"seconds":	1.0001900196075439,
				"bytes":	11862503,
				"bits_per_second":	94881994.5606306,
				"omitted":	false,
				"sender":	true
			}
		}, {
			"streams":	[{
					"socket":	7,
					"start":	6.000302,
					"end":	7.000089,
					"seconds":	0.99978697299957275,
					"bytes":	11862329,
					"bits_per_second":	94918852.278384864,
					"omitted":	false,
					"sender":	true
				}],
			"sum":	{
				"start":	6.000302,
				"end":	7.000089,
				"seconds":	0.99978697299957275,
				"bytes":	11862329,
				"bits_per_second":	94918852.278384864,
				"omitted":	false,
				"sender":	true
			}
		}, {
			"streams":	[{
					"socket":	7,
					"start":	7.000089,
					"end":	8.000156,
					"seconds":	1.0000669956207275,
					"bytes":	11697096,
					"bits_per_second":	93570499.186325222,
					"omitted":	false,
					"sender":	true
				}],
			"sum":	{
				"start":	7.000089,
				"end":	8.000156,
				"seconds":	1.0000669956207275,
				"bytes":	11697096,
				"bits_per_second":	93570499.186325222,
				"omitted":	false,
				"sender":	true
			}
		}, {
			"streams":	[{
					"socket":	7,
					"start":	8.000156,
					"end":	9.000161,
					"seconds":	1.0000050067901611,
					"bytes":	12235694,
					"bits_per_second":	97885061.9100351,
					"omitted":	false,
					"sender":	true
				}],
			"sum":	{
				"start":	8.000156,
				"end":	9.000161,
				"seconds":	1.0000050067901611,
				"bytes":	12235694,
				"bits_per_second":	97885061.9100351,
				"omitted":	false,
				"sender":	true
			}
		}, {
			"streams":	[{
					"socket":	7,
					"start":	9.000161,
					"end":	10.000222,
					"seconds":	1.00006103515625,
					"bytes":	11658646,
					"bits_per_second":	93263475.649191335,
					"omitted":	false,
					"sender":	true
				}],
			"sum":	{
				"start":	9.000161,
				"end":	10.000222,
				"seconds":	1.00006103515625,
				"bytes":	11658646,
				"bits_per_second":	93263475.649191335,
				"omitted":	false,
				"sender":	true
			}
		}],
	"end":	{
		"streams":	[{
				"sender":	{
					"socket":	7,
					"start":	0,
					"end":	10.000222,
					"seconds":	10.000222,
					"bytes":	93253112,
					"bits_per_second":	74600833.461497143,
					"sender":	true
				},
				"receiver":	{
					"socket":	7,
					"start":	0,
					"end":	10.268619,
					"seconds":	10.000222,
					"bytes":	93239442,
					"bits_per_second":	72640297.200626493,
					"sender":	true
				}
			}],
		"sum_sent":	{
			"start":	0,
			"end":	10.000222,
			"seconds":	10.000222,
			"bytes":	93253112,
			"bits_per_second":	74600833.461497143,
			"sender":	true
		},
		"sum_received":	{
			"start":	0,
			"end":	10.268619,
			"seconds":	10.268619,
			"bytes":	93239442,
			"bits_per_second":	72640297.200626493,
			"sender":	true
		},
		"cpu_utilization_percent":	{
			"host_total":	9.1298983650528083,
			"host_user":	1.5205255790587067,
			"host_system":	7.6092564947751251,
			"remote_total":	2.1053680132103794,
			"remote_user":	0.4125183582627765,
			"remote_system":	1.692833549442371
		},
		"receiver_tcp_congestion":	"cubic"
	}
}
