{
	"start":	{
		"connected":	[{
				"socket":	7,
				"local_host":	"10.145.69.251",
				"local_port":	63773,
				"remote_host":	"89.84.1.222",
				"remote_port":	5202
			}],
		"version":	"iperf 3.7",
		"system_info":	"Darwin SAMAC135.local 18.0.0 Darwin Kernel Version 18.0.0: Wed Aug 22 20:13:40 PDT 2018; root:xnu-4903.201.2~1/RELEASE_X86_64 x86_64",
		"timestamp":	{
			"time":	"Tue, 10 Mar 2020 14:13:43 UTC",
			"timesecs":	1583849623
		},
		"connecting_to":	{
			"host":	"bouygues.iperf.fr",
			"port":	5202
		},
		"cookie":	"o7us35s2rcwgbmow3yf5axtnvcih24invc5v",
		"tcp_mss_default":	1367,
		"sock_bufsize":	0,
		"sndbuf_actual":	131072,
		"rcvbuf_actual":	131072,
		"test_start":	{
			"protocol":	"TCP",
			"num_streams":	1,
			"blksize":	131072,
			"omit":	0,
			"duration":	10,
			"bytes":	0,
			"blocks":	0,
			"reverse":	0,
			"tos":	0
		}
	},
	"intervals":	[{
			"streams":	[{
					"socket":	7,
					"start":	0,
					"end":	1.003356,
					"seconds":	1.0033559799194336,
					"bytes":	190013,
					"bits_per_second":	1515019.6245624206,
					"omitted":	false,
					"sender":	true
				}],
			"sum":	{
				"start":	0,
				"end":	1.003356,
				"seconds":	1.0033559799194336,
				"bytes":	190013,
				"bits_per_second":	1515019.6245624206,
				"omitted":	false,
				"sender":	true
			}
		}, {
			"streams":	[{
					"socket":	7,
					"start":	1.003356,
					"end":	2.002019,
					"seconds":	0.99866300821304321,
					"bytes":	3535236,
					"bits_per_second":	28319751.27486315,
					"omitted":	false,
					"sender":	true
				}],
			"sum":	{
				"start":	1.003356,
				"end":	2.002019,
				"seconds":	0.99866300821304321,
				"bytes":	3535236,
				"bits_per_second":	28319751.27486315,
				"omitted":	false,
				"sender":	true
			}
		}, {
			"streams":	[{
					"socket":	7,
					"start":	2.002019,
					"end":	3.000096,
					"seconds":	0.99807697534561157,
					"bytes":	10155965,
					"bits_per_second":	81404262.403574377,
					"omitted":	false,
					"sender":	true
				}],
			"sum":	{
				"start":	2.002019,
				"end":	3.000096,
				"seconds":	0.99807697534561157,
				"bytes":	10155965,
				"bits_per_second":	81404262.403574377,
				"omitted":	false,
				"sender":	true
			}
		}, {
			"streams":	[{
					"socket":	7,
					"start":	3.000096,
					"end":	4.000042,
					"seconds":	0.9999459981918335,
					"bytes":	11412760,
					"bits_per_second":	91307010.743678436,
					"omitted":	false,
					"sender":	true
				}],
			"sum":	{
				"start":	3.000096,
				"end":	4.000042,
				"seconds":	0.9999459981918335,
				"bytes":	11412760,
				"bits_per_second":	91307010.743678436,
				"omitted":	false,
				"sender":	true
			}
		}, {
			"streams":	[{
					"socket":	7,
					"start":	4.000042,
					"end":	5.004128,
					"seconds":	1.0040860176086426,
					"bytes":	12473552,
					"bits_per_second":	99382338.016874984,
					"omitted":	false,
					"sender":	true
				}],
			"sum":	{
				"start":	4.000042,
				"end":	5.004128,
				"seconds":	1.0040860176086426,
				"bytes":	12473552,
				"bits_per_second":	99382338.016874984,
				"omitted":	false,
				"sender":	true
			}
		}, {
			"streams":	[{
					"socket":	7,
					"start":	5.004128,
					"end":	6.000081,
					"seconds":	0.9959530234336853,
					"bytes":	11907440,
					"bits_per_second":	95646599.54701446,
					"omitted":	false,
					"sender":	true
				}],
			"sum":	{
				"start":	5.004128,
				"end":	6.000081,
				"seconds":	0.9959530234336853,
				"bytes":	11907440,
				"bits_per_second":	95646599.54701446,
				"omitted":	false,
				"sender":	true
			}
		}, {
			"streams":	[{
					"socket":	7,
					"start":	6.000081,
					"end":	7.000219,
					"seconds":	1.0001380443572998,
					"bytes":	11677958,
					"bits_per_second":	93410769.170404986,
					"omitted":	false,
					"sender":	true
				}],
			"sum":	{
				"start":	6.000081,
				"end":	7.000219,
				"seconds":	1.0001380443572998,
				"bytes":	11677958,
				"bits_per_second":	93410769.170404986,
				"omitted":	false,
				"sender":	true
			}
		}, {
			"streams":	[{
					"socket":	7,
					"start":	7.000219,
					"end":	8.000722,
					"seconds":	1.0005029439926147,
					"bytes":	12083957,
					"bits_per_second":	96623060.0124187,
					"omitted":	false,
					"sender":	true
				}],
			"sum":	{
				"start":	7.000219,
				"end":	8.000722,
				"seconds":	1.0005029439926147,
				"bytes":	12083957,
				"bits_per_second":	96623060.0124187,
				"omitted":	false,
				"sender":	true
			}
		}, {
			"streams":	[{
					"socket":	7,
					"start":	8.000722,
					"end":	9.000104,
					"seconds":	0.99938201904296875,
					"bytes":	12186308,
					"bits_per_second":	97550748.504920185,
					"omitted":	false,
					"sender":	true
				}],
			"sum":	{
				"start":	8.000722,
				"end":	9.000104,
				"seconds":	0.99938201904296875,
				"bytes":	12186308,
				"bits_per_second":	97550748.504920185,
				"omitted":	false,
				"sender":	true
			}
		}, {
			"streams":	[{
					"socket":	7,
					"start":	9.000104,
					"end":	10.000132,
					"seconds":	1.0000280141830444,
					"bytes":	11803722,
					"bits_per_second":	94427130.70107618,
					"omitted":	false,
					"sender":	true
				}],
			"sum":	{
				"start":	9.000104,
				"end":	10.000132,
				"seconds":	1.0000280141830444,
				"bytes":	11803722,
				"bits_per_second":	94427130.70107618,
				"omitted":	false,
				"sender":	true
			}
		}],
	"end":	{
		"streams":	[{
				"sender":	{
					"socket":	7,
					"start":	0,
					"end":	10.000132,
					"seconds":	10.000132,
					"bytes":	97426911,
					"bits_per_second":	77940499.985400185,
					"sender":	true
				},
				"receiver":	{
					"socket":	7,
					"start":	0,
					"end":	10.176142,
					"seconds":	10.000132,
					"bytes":	97417342,
					"bits_per_second":	76584891.995414361,
					"sender":	true
				}
			}],
		"sum_sent":	{
			"start":	0,
			"end":	10.000132,
			"seconds":	10.000132,
			"bytes":	97426911,
			"bits_per_second":	77940499.985400185,
			"sender":	true
		},
		"sum_received":	{
			"start":	0,
			"end":	10.176142,
			"seconds":	10.176142,
			"bytes":	97417342,
			"bits_per_second":	76584891.995414361,
			"sender":	true
		},
		"cpu_utilization_percent":	{
			"host_total":	6.6052565450188618,
			"host_user":	1.126193578105529,
			"host_system":	5.478998580932994,
			"remote_total":	3.2421947767593329,
			"remote_user":	0.68977554761228144,
			"remote_system":	2.552419229147052
		},
		"receiver_tcp_congestion":	"cubic"
	}
}
