{
	"start":	{
		"connected":	[{
				"socket":	7,
				"local_host":	"10.145.69.251",
				"local_port":	63554,
				"remote_host":	"89.84.1.222",
				"remote_port":	5202
			}],
		"version":	"iperf 3.7",
		"system_info":	"Darwin SAMAC135.local 18.0.0 Darwin Kernel Version 18.0.0: Wed Aug 22 20:13:40 PDT 2018; root:xnu-4903.201.2~1/RELEASE_X86_64 x86_64",
		"timestamp":	{
			"time":	"Tue, 10 Mar 2020 14:06:00 UTC",
			"timesecs":	1583849160
		},
		"connecting_to":	{
			"host":	"bouygues.iperf.fr",
			"port":	5202
		},
		"cookie":	"txp5fyiyj5v4akkywy7mfnhncv4rt3dzine6",
		"tcp_mss_default":	1367,
		"sock_bufsize":	0,
		"sndbuf_actual":	131072,
		"rcvbuf_actual":	131072,
		"test_start":	{
			"protocol":	"TCP",
			"num_streams":	1,
			"blksize":	131072,
			"omit":	0,
			"duration":	10,
			"bytes":	0,
			"blocks":	0,
			"reverse":	0,
			"tos":	0
		}
	},
	"intervals":	[{
			"streams":	[{
					"socket":	7,
					"start":	0,
					"end":	1.00467,
					"seconds":	1.0046700239181519,
					"bytes":	188646,
					"bits_per_second":	1502152.9099816643,
					"omitted":	false,
					"sender":	true
				}],
			"sum":	{
				"start":	0,
				"end":	1.00467,
				"seconds":	1.0046700239181519,
				"bytes":	188646,
				"bits_per_second":	1502152.9099816643,
				"omitted":	false,
				"sender":	true
			}
		}, {
			"streams":	[{
					"socket":	7,
					"start":	1.00467,
					"end":	2.000272,
					"seconds":	0.995602011680603,
					"bytes":	2318299,
					"bits_per_second":	18628319.12994349,
					"omitted":	false,
					"sender":	true
				}],
			"sum":	{
				"start":	1.00467,
				"end":	2.000272,
				"seconds":	0.995602011680603,
				"bytes":	2318299,
				"bits_per_second":	18628319.12994349,
				"omitted":	false,
				"sender":	true
			}
		}, {
			"streams":	[{
					"socket":	7,
					"start":	2.000272,
					"end":	3.004055,
					"seconds":	1.0037829875946045,
					"bytes":	8262803,
					"bits_per_second":	65853301.776316449,
					"omitted":	false,
					"sender":	true
				}],
			"sum":	{
				"start":	2.000272,
				"end":	3.004055,
				"seconds":	1.0037829875946045,
				"bytes":	8262803,
				"bits_per_second":	65853301.776316449,
				"omitted":	false,
				"sender":	true
			}
		}, {
			"streams":	[{
					"socket":	7,
					"start":	3.004055,
					"end":	4.000209,
					"seconds":	0.99615401029586792,
					"bytes":	12067219,
					"bits_per_second":	96910468.66470708,
					"omitted":	false,
					"sender":	true
				}],
			"sum":	{
				"start":	3.004055,
				"end":	4.000209,
				"seconds":	0.99615401029586792,
				"bytes":	12067219,
				"bits_per_second":	96910468.66470708,
				"omitted":	false,
				"sender":	true
			}
		}, {
			"streams":	[{
					"socket":	7,
					"start":	4.000209,
					"end":	5.00017,
					"seconds":	0.99996101856231689,
					"bytes":	11110813,
					"bits_per_second":	88889969.058789521,
					"omitted":	false,
					"sender":	true
				}],
			"sum":	{
				"start":	4.000209,
				"end":	5.00017,
				"seconds":	0.99996101856231689,
				"bytes":	11110813,
				"bits_per_second":	88889969.058789521,
				"omitted":	false,
				"sender":	true
			}
		}, {
			"streams":	[{
					"socket":	7,
					"start":	5.00017,
					"end":	6.000474,
					"seconds":	1.0003039836883545,
					"bytes":	11901972,
					"bits_per_second":	95186840.753065065,
					"omitted":	false,
					"sender":	true
				}],
			"sum":	{
				"start":	5.00017,
				"end":	6.000474,
				"seconds":	1.0003039836883545,
				"bytes":	11901972,
				"bits_per_second":	95186840.753065065,
				"omitted":	false,
				"sender":	true
			}
		}, {
			"streams":	[{
					"socket":	7,
					"start":	6.000474,
					"end":	7.000262,
					"seconds":	0.99978798627853394,
					"bytes":	11446935,
					"bits_per_second":	91594899.3754839,
					"omitted":	false,
					"sender":	true
				}],
			"sum":	{
				"start":	6.000474,
				"end":	7.000262,
				"seconds":	0.99978798627853394,
				"bytes":	11446935,
				"bits_per_second":	91594899.3754839,
				"omitted":	false,
				"sender":	true
			}
		}, {
			"streams":	[{
					"socket":	7,
					"start":	7.000262,
					"end":	8.004074,
					"seconds":	1.0038119554519653,
					"bytes":	11393448,
					"bits_per_second":	90801452.906546518,
					"omitted":	false,
					"sender":	true
				}],
			"sum":	{
				"start":	7.000262,
				"end":	8.004074,
				"seconds":	1.0038119554519653,
				"bytes":	11393448,
				"bits_per_second":	90801452.906546518,
				"omitted":	false,
				"sender":	true
			}
		}, {
			"streams":	[{
					"socket":	7,
					"start":	8.004074,
					"end":	9.000046,
					"seconds":	0.99597197771072388,
					"bytes":	11870705,
					"bits_per_second":	95349710.760218188,
					"omitted":	false,
					"sender":	true
				}],
			"sum":	{
				"start":	8.004074,
				"end":	9.000046,
				"seconds":	0.99597197771072388,
				"bytes":	11870705,
				"bits_per_second":	95349710.760218188,
				"omitted":	false,
				"sender":	true
			}
		}, {
			"streams":	[{
					"socket":	7,
					"start":	9.000046,
					"end":	10.003381,
					"seconds":	1.0033349990844727,
					"bytes":	11076304,
					"bits_per_second":	88315898.559160814,
					"omitted":	false,
					"sender":	true
				}],
			"sum":	{
				"start":	9.000046,
				"end":	10.003381,
				"seconds":	1.0033349990844727,
				"bytes":	11076304,
				"bits_per_second":	88315898.559160814,
				"omitted":	false,
				"sender":	true
			}
		}],
	"end":	{
		"streams":	[{
				"sender":	{
					"socket":	7,
					"start":	0,
					"end":	10.003381,
					"seconds":	10.003381,
					"bytes":	91637144,
					"bits_per_second":	73284937.56261009,
					"sender":	true
				},
				"receiver":	{
					"socket":	7,
					"start":	0,
					"end":	10.17672,
					"seconds":	10.003381,
					"bytes":	91637144,
					"bits_per_second":	72036682.939100221,
					"sender":	true
				}
			}],
		"sum_sent":	{
			"start":	0,
			"end":	10.003381,
			"seconds":	10.003381,
			"bytes":	91637144,
			"bits_per_second":	73284937.56261009,
			"sender":	true
		},
		"sum_received":	{
			"start":	0,
			"end":	10.17672,
			"seconds":	10.17672,
			"bytes":	91637144,
			"bits_per_second":	72036682.939100221,
			"sender":	true
		},
		"cpu_utilization_percent":	{
			"host_total":	8.1496825734297413,
			"host_user":	1.2823266838609313,
			"host_system":	6.867254779276692,
			"remote_total":	2.0424518575599722,
			"remote_user":	0.472502402330558,
			"remote_system":	1.5699577163386234
		},
		"receiver_tcp_congestion":	"cubic"
	}
}
