{
	"start":	{
		"connected":	[{
				"socket":	7,
				"local_host":	"10.145.69.251",
				"local_port":	63820,
				"remote_host":	"89.84.1.222",
				"remote_port":	5202
			}],
		"version":	"iperf 3.7",
		"system_info":	"Darwin SAMAC135.local 18.0.0 Darwin Kernel Version 18.0.0: Wed Aug 22 20:13:40 PDT 2018; root:xnu-4903.201.2~1/RELEASE_X86_64 x86_64",
		"timestamp":	{
			"time":	"Tue, 10 Mar 2020 14:15:39 UTC",
			"timesecs":	1583849739
		},
		"connecting_to":	{
			"host":	"bouygues.iperf.fr",
			"port":	5202
		},
		"cookie":	"ilmvtmigvklxezjc75zybrc35htoypjky4mq",
		"tcp_mss_default":	1367,
		"sock_bufsize":	0,
		"sndbuf_actual":	131072,
		"rcvbuf_actual":	131072,
		"test_start":	{
			"protocol":	"TCP",
			"num_streams":	1,
			"blksize":	131072,
			"omit":	0,
			"duration":	10,
			"bytes":	0,
			"blocks":	0,
			"reverse":	0,
			"tos":	0
		}
	},
	"intervals":	[{
			"streams":	[{
					"socket":	7,
					"start":	0,
					"end":	1.00435,
					"seconds":	1.004349946975708,
					"bytes":	187279,
					"bits_per_second":	1491742.9970613993,
					"omitted":	false,
					"sender":	true
				}],
			"sum":	{
				"start":	0,
				"end":	1.00435,
				"seconds":	1.004349946975708,
				"bytes":	187279,
				"bits_per_second":	1491742.9970613993,
				"omitted":	false,
				"sender":	true
			}
		}, {
			"streams":	[{
					"socket":	7,
					"start":	1.00435,
					"end":	2.001044,
					"seconds":	0.996694028377533,
					"bytes":	3641862,
					"bits_per_second":	29231534.623947933,
					"omitted":	false,
					"sender":	true
				}],
			"sum":	{
				"start":	1.00435,
				"end":	2.001044,
				"seconds":	0.996694028377533,
				"bytes":	3641862,
				"bits_per_second":	29231534.623947933,
				"omitted":	false,
				"sender":	true
			}
		}, {
			"streams":	[{
					"socket":	7,
					"start":	2.001044,
					"end":	3.001953,
					"seconds":	1.0009089708328247,
					"bytes":	9270149,
					"bits_per_second":	74093842.857950225,
					"omitted":	false,
					"sender":	true
				}],
			"sum":	{
				"start":	2.001044,
				"end":	3.001953,
				"seconds":	1.0009089708328247,
				"bytes":	9270149,
				"bits_per_second":	74093842.857950225,
				"omitted":	false,
				"sender":	true
			}
		}, {
			"streams":	[{
					"socket":	7,
					"start":	3.001953,
					"end":	4.000227,
					"seconds":	0.998274028301239,
					"bytes":	11593204,
					"bits_per_second":	92905985.1009297,
					"omitted":	false,
					"sender":	true
				}],
			"sum":	{
				"start":	3.001953,
				"end":	4.000227,
				"seconds":	0.998274028301239,
				"bytes":	11593204,
				"bits_per_second":	92905985.1009297,
				"omitted":	false,
				"sender":	true
			}
		}, {
			"streams":	[{
					"socket":	7,
					"start":	4.000227,
					"end":	5.000396,
					"seconds":	1.000169038772583,
					"bytes":	11499914,
					"bits_per_second":	91983763.1775749,
					"omitted":	false,
					"sender":	true
				}],
			"sum":	{
				"start":	4.000227,
				"end":	5.000396,
				"seconds":	1.000169038772583,
				"bytes":	11499914,
				"bits_per_second":	91983763.1775749,
				"omitted":	false,
				"sender":	true
			}
		}, {
			"streams":	[{
					"socket":	7,
					"start":	5.000396,
					"end":	6.000049,
					"seconds":	0.99965298175811768,
					"bytes":	11724596,
					"bits_per_second":	93829328.48860912,
					"omitted":	false,
					"sender":	true
				}],
			"sum":	{
				"start":	5.000396,
				"end":	6.000049,
				"seconds":	0.99965298175811768,
				"bytes":	11724596,
				"bits_per_second":	93829328.48860912,
				"omitted":	false,
				"sender":	true
			}
		}, {
			"streams":	[{
					"socket":	7,
					"start":	6.000049,
					"end":	7.000217,
					"seconds":	1.0001679658889771,
					"bytes":	11546552,
					"bits_per_second":	92356903.190652415,
					"omitted":	false,
					"sender":	true
				}],
			"sum":	{
				"start":	6.000049,
				"end":	7.000217,
				"seconds":	1.0001679658889771,
				"bytes":	11546552,
				"bits_per_second":	92356903.190652415,
				"omitted":	false,
				"sender":	true
			}
		}, {
			"streams":	[{
					"socket":	7,
					"start":	7.000217,
					"end":	8.000184,
					"seconds":	0.99996697902679443,
					"bytes":	11751776,
					"bits_per_second":	94017312.543158352,
					"omitted":	false,
					"sender":	true
				}],
			"sum":	{
				"start":	7.000217,
				"end":	8.000184,
				"seconds":	0.99996697902679443,
				"bytes":	11751776,
				"bits_per_second":	94017312.543158352,
				"omitted":	false,
				"sender":	true
			}
		}, {
			"streams":	[{
					"socket":	7,
					"start":	8.000184,
					"end":	9.00011,
					"seconds":	0.999925971031189,
					"bytes":	11535616,
					"bits_per_second":	92291760.263842091,
					"omitted":	false,
					"sender":	true
				}],
			"sum":	{
				"start":	8.000184,
				"end":	9.00011,
				"seconds":	0.999925971031189,
				"bytes":	11535616,
				"bits_per_second":	92291760.263842091,
				"omitted":	false,
				"sender":	true
			}
		}, {
			"streams":	[{
					"socket":	7,
					"start":	9.00011,
					"end":	10.000266,
					"seconds":	1.000156044960022,
					"bytes":	11617810,
					"bits_per_second":	92927979.0572231,
					"omitted":	false,
					"sender":	true
				}],
			"sum":	{
				"start":	9.00011,
				"end":	10.000266,
				"seconds":	1.000156044960022,
				"bytes":	11617810,
				"bits_per_second":	92927979.0572231,
				"omitted":	false,
				"sender":	true
			}
		}],
	"end":	{
		"streams":	[{
				"sender":	{
					"socket":	7,
					"start":	0,
					"end":	10.000266,
					"seconds":	10.000266,
					"bytes":	94368758,
					"bits_per_second":	75492998.286245584,
					"sender":	true
				},
				"receiver":	{
					"socket":	7,
					"start":	0,
					"end":	10.171809,
					"seconds":	10.000266,
					"bytes":	94252389,
					"bits_per_second":	74128319.9478087,
					"sender":	true
				}
			}],
		"sum_sent":	{
			"start":	0,
			"end":	10.000266,
			"seconds":	10.000266,
			"bytes":	94368758,
			"bits_per_second":	75492998.286245584,
			"sender":	true
		},
		"sum_received":	{
			"start":	0,
			"end":	10.171809,
			"seconds":	10.171809,
			"bytes":	94252389,
			"bits_per_second":	74128319.9478087,
			"sender":	true
		},
		"cpu_utilization_percent":	{
			"host_total":	8.751291221606,
			"host_user":	1.3582106243626662,
			"host_system":	7.3929794331573939,
			"remote_total":	2.7117831109206416,
			"remote_user":	0.63396380023464771,
			"remote_system":	2.0778110437854735
		},
		"receiver_tcp_congestion":	"cubic"
	}
}
