{
	"start":	{
		"connected":	[{
				"socket":	7,
				"local_host":	"10.145.69.251",
				"local_port":	65454,
				"remote_host":	"89.84.1.222",
				"remote_port":	5202
			}],
		"version":	"iperf 3.7",
		"system_info":	"Darwin SAMAC135.local 18.0.0 Darwin Kernel Version 18.0.0: Wed Aug 22 20:13:40 PDT 2018; root:xnu-4903.201.2~1/RELEASE_X86_64 x86_64",
		"timestamp":	{
			"time":	"Tue, 10 Mar 2020 15:34:41 UTC",
			"timesecs":	1583854481
		},
		"connecting_to":	{
			"host":	"bouygues.iperf.fr",
			"port":	5202
		},
		"cookie":	"t6bhhhf4i6f6vyurxavnlxcsqjv4l7xs67yu",
		"tcp_mss_default":	1367,
		"sock_bufsize":	0,
		"sndbuf_actual":	131072,
		"rcvbuf_actual":	131072,
		"test_start":	{
			"protocol":	"TCP",
			"num_streams":	1,
			"blksize":	131072,
			"omit":	0,
			"duration":	10,
			"bytes":	0,
			"blocks":	0,
			"reverse":	0,
			"tos":	0
		}
	},
	"intervals":	[{
			"streams":	[{
					"socket":	7,
					"start":	0,
					"end":	1.000182,
					"seconds":	1.000182032585144,
					"bytes":	188646,
					"bits_per_second":	1508893.3322460246,
					"omitted":	false,
					"sender":	true
				}],
			"sum":	{
				"start":	0,
				"end":	1.000182,
				"seconds":	1.000182032585144,
				"bytes":	188646,
				"bits_per_second":	1508893.3322460246,
				"omitted":	false,
				"sender":	true
			}
		}, {
			"streams":	[{
					"socket":	7,
					"start":	1.000182,
					"end":	2.003946,
					"seconds":	1.0037640333175659,
					"bytes":	1822358,
					"bits_per_second":	14524194.448186221,
					"omitted":	false,
					"sender":	true
				}],
			"sum":	{
				"start":	1.000182,
				"end":	2.003946,
				"seconds":	1.0037640333175659,
				"bytes":	1822358,
				"bits_per_second":	14524194.448186221,
				"omitted":	false,
				"sender":	true
			}
		}, {
			"streams":	[{
					"socket":	7,
					"start":	2.003946,
					"end":	3.001556,
					"seconds":	0.99760997295379639,
					"bytes":	9734782,
					"bits_per_second":	78064833.062376454,
					"omitted":	false,
					"sender":	true
				}],
			"sum":	{
				"start":	2.003946,
				"end":	3.001556,
				"seconds":	0.99760997295379639,
				"bytes":	9734782,
				"bits_per_second":	78064833.062376454,
				"omitted":	false,
				"sender":	true
			}
		}, {
			"streams":	[{
					"socket":	7,
					"start":	3.001556,
					"end":	4.003851,
					"seconds":	1.0022950172424316,
					"bytes":	10485760,
					"bits_per_second":	83694000.8250185,
					"omitted":	false,
					"sender":	true
				}],
			"sum":	{
				"start":	3.001556,
				"end":	4.003851,
				"seconds":	1.0022950172424316,
				"bytes":	10485760,
				"bits_per_second":	83694000.8250185,
				"omitted":	false,
				"sender":	true
			}
		}, {
			"streams":	[{
					"socket":	7,
					"start":	4.003851,
					"end":	5.000352,
					"seconds":	0.99650102853775024,
					"bytes":	12023809,
					"bits_per_second":	96528221.4923033,
					"omitted":	false,
					"sender":	true
				}],
			"sum":	{
				"start":	4.003851,
				"end":	5.000352,
				"seconds":	0.99650102853775024,
				"bytes":	12023809,
				"bits_per_second":	96528221.4923033,
				"omitted":	false,
				"sender":	true
			}
		}, {
			"streams":	[{
					"socket":	7,
					"start":	5.000352,
					"end":	6.000555,
					"seconds":	1.000203013420105,
					"bytes":	11092708,
					"bits_per_second":	88723651.907981962,
					"omitted":	false,
					"sender":	true
				}],
			"sum":	{
				"start":	5.000352,
				"end":	6.000555,
				"seconds":	1.000203013420105,
				"bytes":	11092708,
				"bits_per_second":	88723651.907981962,
				"omitted":	false,
				"sender":	true
			}
		}, {
			"streams":	[{
					"socket":	7,
					"start":	6.000555,
					"end":	7.000056,
					"seconds":	0.99950098991394043,
					"bytes":	12107196,
					"bits_per_second":	96905925.03399089,
					"omitted":	false,
					"sender":	true
				}],
			"sum":	{
				"start":	6.000555,
				"end":	7.000056,
				"seconds":	0.99950098991394043,
				"bytes":	12107196,
				"bits_per_second":	96905925.03399089,
				"omitted":	false,
				"sender":	true
			}
		}, {
			"streams":	[{
					"socket":	7,
					"start":	7.000056,
					"end":	8.000055,
					"seconds":	0.99999898672103882,
					"bytes":	11206169,
					"bits_per_second":	89649442.83989431,
					"omitted":	false,
					"sender":	true
				}],
			"sum":	{
				"start":	7.000056,
				"end":	8.000055,
				"seconds":	0.99999898672103882,
				"bytes":	11206169,
				"bits_per_second":	89649442.83989431,
				"omitted":	false,
				"sender":	true
			}
		}, {
			"streams":	[{
					"socket":	7,
					"start":	8.000055,
					"end":	9.000155,
					"seconds":	1.0001000165939331,
					"bytes":	12094893,
					"bits_per_second":	96749467.447801024,
					"omitted":	false,
					"sender":	true
				}],
			"sum":	{
				"start":	8.000055,
				"end":	9.000155,
				"seconds":	1.0001000165939331,
				"bytes":	12094893,
				"bits_per_second":	96749467.447801024,
				"omitted":	false,
				"sender":	true
			}
		}, {
			"streams":	[{
					"socket":	7,
					"start":	9.000155,
					"end":	10.000093,
					"seconds":	0.99993801116943359,
					"bytes":	11197967,
					"bits_per_second":	89589289.535289571,
					"omitted":	false,
					"sender":	true
				}],
			"sum":	{
				"start":	9.000155,
				"end":	10.000093,
				"seconds":	0.99993801116943359,
				"bytes":	11197967,
				"bits_per_second":	89589289.535289571,
				"omitted":	false,
				"sender":	true
			}
		}],
	"end":	{
		"streams":	[{
				"sender":	{
					"socket":	7,
					"start":	0,
					"end":	10.000093,
					"seconds":	10.000093,
					"bytes":	91954288,
					"bits_per_second":	73562746.266459718,
					"sender":	true
				},
				"receiver":	{
					"socket":	7,
					"start":	0,
					"end":	10.174637,
					"seconds":	10.000093,
					"bytes":	91954288,
					"bits_per_second":	72300791.074905172,
					"sender":	true
				}
			}],
		"sum_sent":	{
			"start":	0,
			"end":	10.000093,
			"seconds":	10.000093,
			"bytes":	91954288,
			"bits_per_second":	73562746.266459718,
			"sender":	true
		},
		"sum_received":	{
			"start":	0,
			"end":	10.174637,
			"seconds":	10.174637,
			"bytes":	91954288,
			"bits_per_second":	72300791.074905172,
			"sender":	true
		},
		"cpu_utilization_percent":	{
			"host_total":	8.080640226477275,
			"host_user":	1.265327003510291,
			"host_system":	6.8152212607160161,
			"remote_total":	2.812751963142889,
			"remote_user":	0.63456231852922618,
			"remote_system":	2.1782960790850696
		},
		"receiver_tcp_congestion":	"cubic"
	}
}
