{
	"start":	{
		"connected":	[{
				"socket":	7,
				"local_host":	"10.145.69.251",
				"local_port":	63443,
				"remote_host":	"89.84.1.222",
				"remote_port":	5202
			}],
		"version":	"iperf 3.7",
		"system_info":	"Darwin SAMAC135.local 18.0.0 Darwin Kernel Version 18.0.0: Wed Aug 22 20:13:40 PDT 2018; root:xnu-4903.201.2~1/RELEASE_X86_64 x86_64",
		"timestamp":	{
			"time":	"Tue, 10 Mar 2020 14:01:53 UTC",
			"timesecs":	1583848913
		},
		"connecting_to":	{
			"host":	"bouygues.iperf.fr",
			"port":	5202
		},
		"cookie":	"lpyahb4dcl6u4mohjajk7ruvek4lzr4oy2n5",
		"tcp_mss_default":	1367,
		"sock_bufsize":	0,
		"sndbuf_actual":	131072,
		"rcvbuf_actual":	131072,
		"test_start":	{
			"protocol":	"TCP",
			"num_streams":	1,
			"blksize":	131072,
			"omit":	0,
			"duration":	10,
			"bytes":	0,
			"blocks":	0,
			"reverse":	0,
			"tos":	0
		}
	},
	"intervals":	[{
			"streams":	[{
					"socket":	7,
					"start":	0,
					"end":	1.002757,
					"seconds":	1.0027569532394409,
					"bytes":	188646,
					"bits_per_second":	1505018.733726633,
					"omitted":	false,
					"sender":	true
				}],
			"sum":	{
				"start":	0,
				"end":	1.002757,
				"seconds":	1.0027569532394409,
				"bytes":	188646,
				"bits_per_second":	1505018.733726633,
				"omitted":	false,
				"sender":	true
			}
		}, {
			"streams":	[{
					"socket":	7,
					"start":	1.002757,
					"end":	2.001235,
					"seconds":	0.9984779953956604,
					"bytes":	2505358,
					"bits_per_second":	20073415.831320092,
					"omitted":	false,
					"sender":	true
				}],
			"sum":	{
				"start":	1.002757,
				"end":	2.001235,
				"seconds":	0.9984779953956604,
				"bytes":	2505358,
				"bits_per_second":	20073415.831320092,
				"omitted":	false,
				"sender":	true
			}
		}, {
			"streams":	[{
					"socket":	7,
					"start":	2.001235,
					"end":	3.001844,
					"seconds":	1.0006090402603149,
					"bytes":	10652713,
					"bits_per_second":	85169832.1432605,
					"omitted":	false,
					"sender":	true
				}],
			"sum":	{
				"start":	2.001235,
				"end":	3.001844,
				"seconds":	1.0006090402603149,
				"bytes":	10652713,
				"bits_per_second":	85169832.1432605,
				"omitted":	false,
				"sender":	true
			}
		}, {
			"streams":	[{
					"socket":	7,
					"start":	3.001844,
					"end":	4.000181,
					"seconds":	0.99833697080612183,
					"bytes":	10733187,
					"bits_per_second":	86008530.697472468,
					"omitted":	false,
					"sender":	true
				}],
			"sum":	{
				"start":	3.001844,
				"end":	4.000181,
				"seconds":	0.99833697080612183,
				"bytes":	10733187,
				"bits_per_second":	86008530.697472468,
				"omitted":	false,
				"sender":	true
			}
		}, {
			"streams":	[{
					"socket":	7,
					"start":	4.000181,
					"end":	5.000509,
					"seconds":	1.0003279447555542,
					"bytes":	12320128,
					"bits_per_second":	98528712.025619686,
					"omitted":	false,
					"sender":	true
				}],
			"sum":	{
				"start":	4.000181,
				"end":	5.000509,
				"seconds":	1.0003279447555542,
				"bytes":	12320128,
				"bits_per_second":	98528712.025619686,
				"omitted":	false,
				"sender":	true
			}
		}, {
			"streams":	[{
					"socket":	7,
					"start":	5.000509,
					"end":	6.000109,
					"seconds":	0.99959999322891235,
					"bytes":	11084826,
					"bits_per_second":	88714094.238386258,
					"omitted":	false,
					"sender":	true
				}],
			"sum":	{
				"start":	5.000509,
				"end":	6.000109,
				"seconds":	0.99959999322891235,
				"bytes":	11084826,
				"bits_per_second":	88714094.238386258,
				"omitted":	false,
				"sender":	true
			}
		}, {
			"streams":	[{
					"socket":	7,
					"start":	6.000109,
					"end":	7.000789,
					"seconds":	1.0006799697875977,
					"bytes":	12115398,
					"bits_per_second":	96857323.946009159,
					"omitted":	false,
					"sender":	true
				}],
			"sum":	{
				"start":	6.000109,
				"end":	7.000789,
				"seconds":	1.0006799697875977,
				"bytes":	12115398,
				"bits_per_second":	96857323.946009159,
				"omitted":	false,
				"sender":	true
			}
		}, {
			"streams":	[{
					"socket":	7,
					"start":	7.000789,
					"end":	8.00017,
					"seconds":	0.99938100576400757,
					"bytes":	11219839,
					"bits_per_second":	89814306.538056716,
					"omitted":	false,
					"sender":	true
				}],
			"sum":	{
				"start":	7.000789,
				"end":	8.00017,
				"seconds":	0.99938100576400757,
				"bytes":	11219839,
				"bits_per_second":	89814306.538056716,
				"omitted":	false,
				"sender":	true
			}
		}, {
			"streams":	[{
					"socket":	7,
					"start":	8.00017,
					"end":	9.000032,
					"seconds":	0.999862015247345,
					"bytes":	11943156,
					"bits_per_second":	95558433.606825337,
					"omitted":	false,
					"sender":	true
				}],
			"sum":	{
				"start":	8.00017,
				"end":	9.000032,
				"seconds":	0.999862015247345,
				"bytes":	11943156,
				"bits_per_second":	95558433.606825337,
				"omitted":	false,
				"sender":	true
			}
		}, {
			"streams":	[{
					"socket":	7,
					"start":	9.000032,
					"end":	10.000368,
					"seconds":	1.0003360509872437,
					"bytes":	11550667,
					"bits_per_second":	92374293.527464166,
					"omitted":	false,
					"sender":	true
				}],
			"sum":	{
				"start":	9.000032,
				"end":	10.000368,
				"seconds":	1.0003360509872437,
				"bytes":	11550667,
				"bits_per_second":	92374293.527464166,
				"omitted":	false,
				"sender":	true
			}
		}],
	"end":	{
		"streams":	[{
				"sender":	{
					"socket":	7,
					"start":	0,
					"end":	10.000368,
					"seconds":	10.000368,
					"bytes":	94313918,
					"bits_per_second":	75448357.900429264,
					"sender":	true
				},
				"receiver":	{
					"socket":	7,
					"start":	0,
					"end":	10.176867,
					"seconds":	10.000368,
					"bytes":	94313918,
					"bits_per_second":	74139845.199902877,
					"sender":	true
				}
			}],
		"sum_sent":	{
			"start":	0,
			"end":	10.000368,
			"seconds":	10.000368,
			"bytes":	94313918,
			"bits_per_second":	75448357.900429264,
			"sender":	true
		},
		"sum_received":	{
			"start":	0,
			"end":	10.176867,
			"seconds":	10.176867,
			"bytes":	94313918,
			"bits_per_second":	74139845.199902877,
			"sender":	true
		},
		"cpu_utilization_percent":	{
			"host_total":	8.516968842293176,
			"host_user":	1.3393376782974724,
			"host_system":	7.1775300270881415,
			"remote_total":	2.5159762492212248,
			"remote_user":	0.62141701522184967,
			"remote_system":	1.8945592339993753
		},
		"receiver_tcp_congestion":	"cubic"
	}
}
