{
	"start":	{
		"connected":	[{
				"socket":	7,
				"local_host":	"10.145.69.251",
				"local_port":	63538,
				"remote_host":	"89.84.1.222",
				"remote_port":	5202
			}],
		"version":	"iperf 3.7",
		"system_info":	"Darwin SAMAC135.local 18.0.0 Darwin Kernel Version 18.0.0: Wed Aug 22 20:13:40 PDT 2018; root:xnu-4903.201.2~1/RELEASE_X86_64 x86_64",
		"timestamp":	{
			"time":	"Tue, 10 Mar 2020 14:05:35 UTC",
			"timesecs":	1583849135
		},
		"connecting_to":	{
			"host":	"bouygues.iperf.fr",
			"port":	5202
		},
		"cookie":	"62rnzp5gpodwyw7hdrreo63mjkrgqko5tfdq",
		"tcp_mss_default":	1367,
		"sock_bufsize":	0,
		"sndbuf_actual":	131072,
		"rcvbuf_actual":	131072,
		"test_start":	{
			"protocol":	"TCP",
			"num_streams":	1,
			"blksize":	131072,
			"omit":	0,
			"duration":	10,
			"bytes":	0,
			"blocks":	0,
			"reverse":	0,
			"tos":	0
		}
	},
	"intervals":	[{
			"streams":	[{
					"socket":	7,
					"start":	0,
					"end":	1.000428,
					"seconds":	1.0004279613494873,
					"bytes":	190013,
					"bits_per_second":	1519453.7325301429,
					"omitted":	false,
					"sender":	true
				}],
			"sum":	{
				"start":	0,
				"end":	1.000428,
				"seconds":	1.0004279613494873,
				"bytes":	190013,
				"bits_per_second":	1519453.7325301429,
				"omitted":	false,
				"sender":	true
			}
		}, {
			"streams":	[{
					"socket":	7,
					"start":	1.000428,
					"end":	2.004701,
					"seconds":	1.0042730569839478,
					"bytes":	2084622,
					"bits_per_second":	16606017.540771846,
					"omitted":	false,
					"sender":	true
				}],
			"sum":	{
				"start":	1.000428,
				"end":	2.004701,
				"seconds":	1.0042730569839478,
				"bytes":	2084622,
				"bits_per_second":	16606017.540771846,
				"omitted":	false,
				"sender":	true
			}
		}, {
			"streams":	[{
					"socket":	7,
					"start":	2.004701,
					"end":	3.003689,
					"seconds":	0.99898797273635864,
					"bytes":	10150724,
					"bits_per_second":	81288057.730631858,
					"omitted":	false,
					"sender":	true
				}],
			"sum":	{
				"start":	2.004701,
				"end":	3.003689,
				"seconds":	0.99898797273635864,
				"bytes":	10150724,
				"bits_per_second":	81288057.730631858,
				"omitted":	false,
				"sender":	true
			}
		}, {
			"streams":	[{
					"socket":	7,
					"start":	3.003689,
					"end":	4.000455,
					"seconds":	0.99676597118377686,
					"bytes":	11567057,
					"bits_per_second":	92836692.538873568,
					"omitted":	false,
					"sender":	true
				}],
			"sum":	{
				"start":	3.003689,
				"end":	4.000455,
				"seconds":	0.99676597118377686,
				"bytes":	11567057,
				"bits_per_second":	92836692.538873568,
				"omitted":	false,
				"sender":	true
			}
		}, {
			"streams":	[{
					"socket":	7,
					"start":	4.000455,
					"end":	5.000211,
					"seconds":	0.99975597858428955,
					"bytes":	11662921,
					"bits_per_second":	93326141.577190459,
					"omitted":	false,
					"sender":	true
				}],
			"sum":	{
				"start":	4.000455,
				"end":	5.000211,
				"seconds":	0.99975597858428955,
				"bytes":	11662921,
				"bits_per_second":	93326141.577190459,
				"omitted":	false,
				"sender":	true
			}
		}, {
			"streams":	[{
					"socket":	7,
					"start":	5.000211,
					"end":	6.004473,
					"seconds":	1.0042619705200195,
					"bytes":	7491042,
					"bits_per_second":	59674007.14075467,
					"omitted":	false,
					"sender":	true
				}],
			"sum":	{
				"start":	5.000211,
				"end":	6.004473,
				"seconds":	1.0042619705200195,
				"bytes":	7491042,
				"bits_per_second":	59674007.14075467,
				"omitted":	false,
				"sender":	true
			}
		}, {
			"streams":	[{
					"socket":	7,
					"start":	6.004473,
					"end":	7.004371,
					"seconds":	0.99989801645278931,
					"bytes":	662428,
					"bits_per_second":	5299964.5091807367,
					"omitted":	false,
					"sender":	true
				}],
			"sum":	{
				"start":	6.004473,
				"end":	7.004371,
				"seconds":	0.99989801645278931,
				"bytes":	662428,
				"bits_per_second":	5299964.5091807367,
				"omitted":	false,
				"sender":	true
			}
		}, {
			"streams":	[{
					"socket":	7,
					"start":	7.004371,
					"end":	8.00074,
					"seconds":	0.99636900424957275,
					"bytes":	16404,
					"bits_per_second":	131710.23931925598,
					"omitted":	false,
					"sender":	true
				}],
			"sum":	{
				"start":	7.004371,
				"end":	8.00074,
				"seconds":	0.99636900424957275,
				"bytes":	16404,
				"bits_per_second":	131710.23931925598,
				"omitted":	false,
				"sender":	true
			}
		}, {
			"streams":	[{
					"socket":	7,
					"start":	8.00074,
					"end":	9.001504,
					"seconds":	1.000764012336731,
					"bytes":	13670,
					"bits_per_second":	109276.51139717763,
					"omitted":	false,
					"sender":	true
				}],
			"sum":	{
				"start":	8.00074,
				"end":	9.001504,
				"seconds":	1.000764012336731,
				"bytes":	13670,
				"bits_per_second":	109276.51139717763,
				"omitted":	false,
				"sender":	true
			}
		}, {
			"streams":	[{
					"socket":	7,
					"start":	9.001504,
					"end":	10.004048,
					"seconds":	1.0025440454483032,
					"bytes":	16404,
					"bits_per_second":	130898.98702786426,
					"omitted":	false,
					"sender":	true
				}],
			"sum":	{
				"start":	9.001504,
				"end":	10.004048,
				"seconds":	1.0025440454483032,
				"bytes":	16404,
				"bits_per_second":	130898.98702786426,
				"omitted":	false,
				"sender":	true
			}
		}],
	"end":	{
		"streams":	[{
				"sender":	{
					"socket":	7,
					"start":	0,
					"end":	10.004048,
					"seconds":	10.004048,
					"bytes":	43855285,
					"bits_per_second":	35070031.6511876,
					"sender":	true
				},
				"receiver":	{
					"socket":	7,
					"start":	0,
					"end":	10.188077,
					"seconds":	10.004048,
					"bytes":	43020048,
					"bits_per_second":	33780701.107775293,
					"sender":	true
				}
			}],
		"sum_sent":	{
			"start":	0,
			"end":	10.004048,
			"seconds":	10.004048,
			"bytes":	43855285,
			"bits_per_second":	35070031.6511876,
			"sender":	true
		},
		"sum_received":	{
			"start":	0,
			"end":	10.188077,
			"seconds":	10.188077,
			"bytes":	43020048,
			"bits_per_second":	33780701.107775293,
			"sender":	true
		},
		"cpu_utilization_percent":	{
			"host_total":	5.0185474394523517,
			"host_user":	0.96914920112680725,
			"host_system":	4.0493340714358981,
			"remote_total":	0.84312792703623751,
			"remote_user":	0.15682427874117091,
			"remote_system":	0.68630364829506663
		},
		"receiver_tcp_congestion":	"cubic"
	}
}
