{
	"start":	{
		"connected":	[{
				"socket":	7,
				"local_host":	"10.145.69.251",
				"local_port":	63557,
				"remote_host":	"89.84.1.222",
				"remote_port":	5202
			}],
		"version":	"iperf 3.7",
		"system_info":	"Darwin SAMAC135.local 18.0.0 Darwin Kernel Version 18.0.0: Wed Aug 22 20:13:40 PDT 2018; root:xnu-4903.201.2~1/RELEASE_X86_64 x86_64",
		"timestamp":	{
			"time":	"Tue, 10 Mar 2020 14:06:13 UTC",
			"timesecs":	1583849173
		},
		"connecting_to":	{
			"host":	"bouygues.iperf.fr",
			"port":	5202
		},
		"cookie":	"7eriim55u3et4fwhfxiemwrgdi3wsn7cybmv",
		"tcp_mss_default":	1367,
		"sock_bufsize":	0,
		"sndbuf_actual":	131072,
		"rcvbuf_actual":	131072,
		"test_start":	{
			"protocol":	"TCP",
			"num_streams":	1,
			"blksize":	131072,
			"omit":	0,
			"duration":	10,
			"bytes":	0,
			"blocks":	0,
			"reverse":	0,
			"tos":	0
		}
	},
	"intervals":	[{
			"streams":	[{
					"socket":	7,
					"start":	0,
					"end":	1.002618,
					"seconds":	1.0026179552078247,
					"bytes":	190013,
					"bits_per_second":	1516134.8269340636,
					"omitted":	false,
					"sender":	true
				}],
			"sum":	{
				"start":	0,
				"end":	1.002618,
				"seconds":	1.0026179552078247,
				"bytes":	190013,
				"bits_per_second":	1516134.8269340636,
				"omitted":	false,
				"sender":	true
			}
		}, {
			"streams":	[{
					"socket":	7,
					"start":	1.002618,
					"end":	2.002646,
					"seconds":	1.0000280141830444,
					"bytes":	3538150,
					"bits_per_second":	28304407.075159233,
					"omitted":	false,
					"sender":	true
				}],
			"sum":	{
				"start":	1.002618,
				"end":	2.002646,
				"seconds":	1.0000280141830444,
				"bytes":	3538150,
				"bits_per_second":	28304407.075159233,
				"omitted":	false,
				"sender":	true
			}
		}, {
			"streams":	[{
					"socket":	7,
					"start":	2.002646,
					"end":	3.000473,
					"seconds":	0.99782699346542358,
					"bytes":	9094993,
					"bits_per_second":	72918396.15132767,
					"omitted":	false,
					"sender":	true
				}],
			"sum":	{
				"start":	2.002646,
				"end":	3.000473,
				"seconds":	0.99782699346542358,
				"bytes":	9094993,
				"bits_per_second":	72918396.15132767,
				"omitted":	false,
				"sender":	true
			}
		}, {
			"streams":	[{
					"socket":	7,
					"start":	3.000473,
					"end":	4.002481,
					"seconds":	1.0020079612731934,
					"bytes":	12376495,
					"bits_per_second":	98813546.225911468,
					"omitted":	false,
					"sender":	true
				}],
			"sum":	{
				"start":	3.000473,
				"end":	4.002481,
				"seconds":	1.0020079612731934,
				"bytes":	12376495,
				"bits_per_second":	98813546.225911468,
				"omitted":	false,
				"sender":	true
			}
		}, {
			"streams":	[{
					"socket":	7,
					"start":	4.002481,
					"end":	5.000699,
					"seconds":	0.99821799993515015,
					"bytes":	11624471,
					"bits_per_second":	93161782.302103877,
					"omitted":	false,
					"sender":	true
				}],
			"sum":	{
				"start":	4.002481,
				"end":	5.000699,
				"seconds":	0.99821799993515015,
				"bytes":	11624471,
				"bits_per_second":	93161782.302103877,
				"omitted":	false,
				"sender":	true
			}
		}, {
			"streams":	[{
					"socket":	7,
					"start":	5.000699,
					"end":	6.000077,
					"seconds":	0.9993780255317688,
					"bytes":	11758611,
					"bits_per_second":	94127432.859999061,
					"omitted":	false,
					"sender":	true
				}],
			"sum":	{
				"start":	5.000699,
				"end":	6.000077,
				"seconds":	0.9993780255317688,
				"bytes":	11758611,
				"bits_per_second":	94127432.859999061,
				"omitted":	false,
				"sender":	true
			}
		}, {
			"streams":	[{
					"socket":	7,
					"start":	6.000077,
					"end":	7.000493,
					"seconds":	1.0004160404205322,
					"bytes":	12299943,
					"bits_per_second":	98358622.83719185,
					"omitted":	false,
					"sender":	true
				}],
			"sum":	{
				"start":	6.000077,
				"end":	7.000493,
				"seconds":	1.0004160404205322,
				"bytes":	12299943,
				"bits_per_second":	98358622.83719185,
				"omitted":	false,
				"sender":	true
			}
		}, {
			"streams":	[{
					"socket":	7,
					"start":	7.000493,
					"end":	8.000059,
					"seconds":	0.99956601858139038,
					"bytes":	11792612,
					"bits_per_second":	94381855.971745625,
					"omitted":	false,
					"sender":	true
				}],
			"sum":	{
				"start":	7.000493,
				"end":	8.000059,
				"seconds":	0.99956601858139038,
				"bytes":	11792612,
				"bits_per_second":	94381855.971745625,
				"omitted":	false,
				"sender":	true
			}
		}, {
			"streams":	[{
					"socket":	7,
					"start":	8.000059,
					"end":	9.000191,
					"seconds":	1.0001319646835327,
					"bytes":	11772281,
					"bits_per_second":	94165821.437174439,
					"omitted":	false,
					"sender":	true
				}],
			"sum":	{
				"start":	8.000059,
				"end":	9.000191,
				"seconds":	1.0001319646835327,
				"bytes":	11772281,
				"bits_per_second":	94165821.437174439,
				"omitted":	false,
				"sender":	true
			}
		}, {
			"streams":	[{
					"socket":	7,
					"start":	9.000191,
					"end":	10.000291,
					"seconds":	1.0001000165939331,
					"bytes":	12189216,
					"bits_per_second":	97503975.984427109,
					"omitted":	false,
					"sender":	true
				}],
			"sum":	{
				"start":	9.000191,
				"end":	10.000291,
				"seconds":	1.0001000165939331,
				"bytes":	12189216,
				"bits_per_second":	97503975.984427109,
				"omitted":	false,
				"sender":	true
			}
		}],
	"end":	{
		"streams":	[{
				"sender":	{
					"socket":	7,
					"start":	0,
					"end":	10.000291,
					"seconds":	10.000291,
					"bytes":	96636785,
					"bits_per_second":	77307178.361109689,
					"sender":	true
				},
				"receiver":	{
					"socket":	7,
					"start":	0,
					"end":	10.172777,
					"seconds":	10.000291,
					"bytes":	96634051,
					"bits_per_second":	75994235.20244275,
					"sender":	true
				}
			}],
		"sum_sent":	{
			"start":	0,
			"end":	10.000291,
			"seconds":	10.000291,
			"bytes":	96636785,
			"bits_per_second":	77307178.361109689,
			"sender":	true
		},
		"sum_received":	{
			"start":	0,
			"end":	10.172777,
			"seconds":	10.172777,
			"bytes":	96634051,
			"bits_per_second":	75994235.20244275,
			"sender":	true
		},
		"cpu_utilization_percent":	{
			"host_total":	8.07261429078071,
			"host_user":	1.278073135130728,
			"host_system":	6.7944399323386584,
			"remote_total":	2.6295139864668275,
			"remote_user":	0.43430602422831166,
			"remote_system":	2.1952079622385159
		},
		"receiver_tcp_congestion":	"cubic"
	}
}
