{
	"start":	{
		"connected":	[{
				"socket":	7,
				"local_host":	"10.145.69.251",
				"local_port":	63709,
				"remote_host":	"89.84.1.222",
				"remote_port":	5202
			}],
		"version":	"iperf 3.7",
		"system_info":	"Darwin SAMAC135.local 18.0.0 Darwin Kernel Version 18.0.0: Wed Aug 22 20:13:40 PDT 2018; root:xnu-4903.201.2~1/RELEASE_X86_64 x86_64",
		"timestamp":	{
			"time":	"Tue, 10 Mar 2020 14:10:56 UTC",
			"timesecs":	1583849456
		},
		"connecting_to":	{
			"host":	"bouygues.iperf.fr",
			"port":	5202
		},
		"cookie":	"bnnyy6zhprrkov7tf3p6x2s7intlivhhpl63",
		"tcp_mss_default":	1367,
		"sock_bufsize":	0,
		"sndbuf_actual":	131072,
		"rcvbuf_actual":	131072,
		"test_start":	{
			"protocol":	"TCP",
			"num_streams":	1,
			"blksize":	131072,
			"omit":	0,
			"duration":	10,
			"bytes":	0,
			"blocks":	0,
			"reverse":	0,
			"tos":	0
		}
	},
	"intervals":	[{
			"streams":	[{
					"socket":	7,
					"start":	0,
					"end":	1.002503,
					"seconds":	1.0025030374526978,
					"bytes":	188646,
					"bits_per_second":	1505399.9275999288,
					"omitted":	false,
					"sender":	true
				}],
			"sum":	{
				"start":	0,
				"end":	1.002503,
				"seconds":	1.0025030374526978,
				"bytes":	188646,
				"bits_per_second":	1505399.9275999288,
				"omitted":	false,
				"sender":	true
			}
		}, {
			"streams":	[{
					"socket":	7,
					"start":	1.002503,
					"end":	2.0002,
					"seconds":	0.99769699573516846,
					"bytes":	3308624,
					"bits_per_second":	26530090.912517898,
					"omitted":	false,
					"sender":	true
				}],
			"sum":	{
				"start":	1.002503,
				"end":	2.0002,
				"seconds":	0.99769699573516846,
				"bytes":	3308624,
				"bits_per_second":	26530090.912517898,
				"omitted":	false,
				"sender":	true
			}
		}, {
			"streams":	[{
					"socket":	7,
					"start":	2.0002,
					"end":	3.000129,
					"seconds":	0.99992901086807251,
					"bytes":	9630727,
					"bits_per_second":	77051285.803893119,
					"omitted":	false,
					"sender":	true
				}],
			"sum":	{
				"start":	2.0002,
				"end":	3.000129,
				"seconds":	0.99992901086807251,
				"bytes":	9630727,
				"bits_per_second":	77051285.803893119,
				"omitted":	false,
				"sender":	true
			}
		}, {
			"streams":	[{
					"socket":	7,
					"start":	3.000129,
					"end":	4.000436,
					"seconds":	1.0003069639205933,
					"bytes":	11787318,
					"bits_per_second":	94269606.631955475,
					"omitted":	false,
					"sender":	true
				}],
			"sum":	{
				"start":	3.000129,
				"end":	4.000436,
				"seconds":	1.0003069639205933,
				"bytes":	11787318,
				"bits_per_second":	94269606.631955475,
				"omitted":	false,
				"sender":	true
			}
		}, {
			"streams":	[{
					"socket":	7,
					"start":	4.000436,
					"end":	5.000928,
					"seconds":	1.0004919767379761,
					"bytes":	12562407,
					"bits_per_second":	100449837.01685423,
					"omitted":	false,
					"sender":	true
				}],
			"sum":	{
				"start":	4.000436,
				"end":	5.000928,
				"seconds":	1.0004919767379761,
				"bytes":	12562407,
				"bits_per_second":	100449837.01685423,
				"omitted":	false,
				"sender":	true
			}
		}, {
			"streams":	[{
					"socket":	7,
					"start":	5.000928,
					"end":	6.000286,
					"seconds":	0.99935799837112427,
					"bytes":	11415320,
					"bits_per_second":	91381226.896516234,
					"omitted":	false,
					"sender":	true
				}],
			"sum":	{
				"start":	5.000928,
				"end":	6.000286,
				"seconds":	0.99935799837112427,
				"bytes":	11415320,
				"bits_per_second":	91381226.896516234,
				"omitted":	false,
				"sender":	true
			}
		}, {
			"streams":	[{
					"socket":	7,
					"start":	6.000286,
					"end":	7.000502,
					"seconds":	1.000216007232666,
					"bytes":	11857035,
					"bits_per_second":	94835794.782411367,
					"omitted":	false,
					"sender":	true
				}],
			"sum":	{
				"start":	6.000286,
				"end":	7.000502,
				"seconds":	1.000216007232666,
				"bytes":	11857035,
				"bits_per_second":	94835794.782411367,
				"omitted":	false,
				"sender":	true
			}
		}, {
			"streams":	[{
					"socket":	7,
					"start":	7.000502,
					"end":	8.000284,
					"seconds":	0.9997820258140564,
					"bytes":	12394266,
					"bits_per_second":	99175745.752445742,
					"omitted":	false,
					"sender":	true
				}],
			"sum":	{
				"start":	7.000502,
				"end":	8.000284,
				"seconds":	0.9997820258140564,
				"bytes":	12394266,
				"bits_per_second":	99175745.752445742,
				"omitted":	false,
				"sender":	true
			}
		}, {
			"streams":	[{
					"socket":	7,
					"start":	8.000284,
					"end":	9.000192,
					"seconds":	0.9999079704284668,
					"bytes":	11587562,
					"bits_per_second":	92709027.972121537,
					"omitted":	false,
					"sender":	true
				}],
			"sum":	{
				"start":	8.000284,
				"end":	9.000192,
				"seconds":	0.9999079704284668,
				"bytes":	11587562,
				"bits_per_second":	92709027.972121537,
				"omitted":	false,
				"sender":	true
			}
		}, {
			"streams":	[{
					"socket":	7,
					"start":	9.000192,
					"end":	10.000124,
					"seconds":	0.99993199110031128,
					"bytes":	11922651,
					"bits_per_second":	95387695.212195218,
					"omitted":	false,
					"sender":	true
				}],
			"sum":	{
				"start":	9.000192,
				"end":	10.000124,
				"seconds":	0.99993199110031128,
				"bytes":	11922651,
				"bits_per_second":	95387695.212195218,
				"omitted":	false,
				"sender":	true
			}
		}],
	"end":	{
		"streams":	[{
				"sender":	{
					"socket":	7,
					"start":	0,
					"end":	10.000124,
					"seconds":	10.000124,
					"bytes":	96654556,
					"bits_per_second":	77322685.998693615,
					"sender":	true
				},
				"receiver":	{
					"socket":	7,
					"start":	0,
					"end":	10.179039,
					"seconds":	10.000124,
					"bytes":	96632684,
					"bits_per_second":	75946410.265251964,
					"sender":	true
				}
			}],
		"sum_sent":	{
			"start":	0,
			"end":	10.000124,
			"seconds":	10.000124,
			"bytes":	96654556,
			"bits_per_second":	77322685.998693615,
			"sender":	true
		},
		"sum_received":	{
			"start":	0,
			"end":	10.179039,
			"seconds":	10.179039,
			"bytes":	96632684,
			"bits_per_second":	75946410.265251964,
			"sender":	true
		},
		"cpu_utilization_percent":	{
			"host_total":	8.4860108926977524,
			"host_user":	1.3411024523953035,
			"host_system":	7.1448166009540817,
			"remote_total":	2.0786345938266919,
			"remote_user":	0.57871358134699391,
			"remote_system":	1.4999622807766166
		},
		"receiver_tcp_congestion":	"cubic"
	}
}
