{
	"start":	{
		"connected":	[{
				"socket":	7,
				"local_host":	"10.145.69.251",
				"local_port":	63812,
				"remote_host":	"89.84.1.222",
				"remote_port":	5202
			}],
		"version":	"iperf 3.7",
		"system_info":	"Darwin SAMAC135.local 18.0.0 Darwin Kernel Version 18.0.0: Wed Aug 22 20:13:40 PDT 2018; root:xnu-4903.201.2~1/RELEASE_X86_64 x86_64",
		"timestamp":	{
			"time":	"Tue, 10 Mar 2020 14:15:13 UTC",
			"timesecs":	1583849713
		},
		"connecting_to":	{
			"host":	"bouygues.iperf.fr",
			"port":	5202
		},
		"cookie":	"qmazajwyyvjcaxqso7bwxcynthfkelqc2ny7",
		"tcp_mss_default":	1367,
		"sock_bufsize":	0,
		"sndbuf_actual":	131072,
		"rcvbuf_actual":	131072,
		"test_start":	{
			"protocol":	"TCP",
			"num_streams":	1,
			"blksize":	131072,
			"omit":	0,
			"duration":	10,
			"bytes":	0,
			"blocks":	0,
			"reverse":	0,
			"tos":	0
		}
	},
	"intervals":	[{
			"streams":	[{
					"socket":	7,
					"start":	0,
					"end":	1.002541,
					"seconds":	1.0025409460067749,
					"bytes":	185912,
					"bits_per_second":	1483526.4394178162,
					"omitted":	false,
					"sender":	true
				}],
			"sum":	{
				"start":	0,
				"end":	1.002541,
				"seconds":	1.0025409460067749,
				"bytes":	185912,
				"bits_per_second":	1483526.4394178162,
				"omitted":	false,
				"sender":	true
			}
		}, {
			"streams":	[{
					"socket":	7,
					"start":	1.002541,
					"end":	2.001731,
					"seconds":	0.99918997287750244,
					"bytes":	1640657,
					"bits_per_second":	13135896.432388553,
					"omitted":	false,
					"sender":	true
				}],
			"sum":	{
				"start":	1.002541,
				"end":	2.001731,
				"seconds":	0.99918997287750244,
				"bytes":	1640657,
				"bits_per_second":	13135896.432388553,
				"omitted":	false,
				"sender":	true
			}
		}, {
			"streams":	[{
					"socket":	7,
					"start":	2.001731,
					"end":	3.000134,
					"seconds":	0.998403012752533,
					"bytes":	8356736,
					"bits_per_second":	66960823.581339292,
					"omitted":	false,
					"sender":	true
				}],
			"sum":	{
				"start":	2.001731,
				"end":	3.000134,
				"seconds":	0.998403012752533,
				"bytes":	8356736,
				"bits_per_second":	66960823.581339292,
				"omitted":	false,
				"sender":	true
			}
		}, {
			"streams":	[{
					"socket":	7,
					"start":	3.000134,
					"end":	4.00024,
					"seconds":	1.0001059770584106,
					"bytes":	11699656,
					"bits_per_second":	93587329.890073746,
					"omitted":	false,
					"sender":	true
				}],
			"sum":	{
				"start":	3.000134,
				"end":	4.00024,
				"seconds":	1.0001059770584106,
				"bytes":	11699656,
				"bits_per_second":	93587329.890073746,
				"omitted":	false,
				"sender":	true
			}
		}, {
			"streams":	[{
					"socket":	7,
					"start":	4.00024,
					"end":	5.0027,
					"seconds":	1.00246000289917,
					"bytes":	10838446,
					"bits_per_second":	86494790.564448357,
					"omitted":	false,
					"sender":	true
				}],
			"sum":	{
				"start":	4.00024,
				"end":	5.0027,
				"seconds":	1.00246000289917,
				"bytes":	10838446,
				"bits_per_second":	86494790.564448357,
				"omitted":	false,
				"sender":	true
			}
		}, {
			"streams":	[{
					"socket":	7,
					"start":	5.0027,
					"end":	6.00007,
					"seconds":	0.99737000465393066,
					"bytes":	10839813,
					"bits_per_second":	86947174.6647221,
					"omitted":	false,
					"sender":	true
				}],
			"sum":	{
				"start":	5.0027,
				"end":	6.00007,
				"seconds":	0.99737000465393066,
				"bytes":	10839813,
				"bits_per_second":	86947174.6647221,
				"omitted":	false,
				"sender":	true
			}
		}, {
			"streams":	[{
					"socket":	7,
					"start":	6.00007,
					"end":	7.000113,
					"seconds":	1.0000430345535278,
					"bytes":	11237784,
					"bits_per_second":	89898403.262352735,
					"omitted":	false,
					"sender":	true
				}],
			"sum":	{
				"start":	6.00007,
				"end":	7.000113,
				"seconds":	1.0000430345535278,
				"bytes":	11237784,
				"bits_per_second":	89898403.262352735,
				"omitted":	false,
				"sender":	true
			}
		}, {
			"streams":	[{
					"socket":	7,
					"start":	7.000113,
					"end":	8.00021,
					"seconds":	1.0000970363616943,
					"bytes":	10780952,
					"bits_per_second":	86239247.657172084,
					"omitted":	false,
					"sender":	true
				}],
			"sum":	{
				"start":	7.000113,
				"end":	8.00021,
				"seconds":	1.0000970363616943,
				"bytes":	10780952,
				"bits_per_second":	86239247.657172084,
				"omitted":	false,
				"sender":	true
			}
		}, {
			"streams":	[{
					"socket":	7,
					"start":	8.00021,
					"end":	9.000117,
					"seconds":	0.99990701675415039,
					"bytes":	11468713,
					"bits_per_second":	91758235.978614733,
					"omitted":	false,
					"sender":	true
				}],
			"sum":	{
				"start":	8.00021,
				"end":	9.000117,
				"seconds":	0.99990701675415039,
				"bytes":	11468713,
				"bits_per_second":	91758235.978614733,
				"omitted":	false,
				"sender":	true
			}
		}, {
			"streams":	[{
					"socket":	7,
					"start":	9.000117,
					"end":	10.004239,
					"seconds":	1.0041220188140869,
					"bytes":	11032560,
					"bits_per_second":	87898162.122009411,
					"omitted":	false,
					"sender":	true
				}],
			"sum":	{
				"start":	9.000117,
				"end":	10.004239,
				"seconds":	1.0041220188140869,
				"bytes":	11032560,
				"bits_per_second":	87898162.122009411,
				"omitted":	false,
				"sender":	true
			}
		}],
	"end":	{
		"streams":	[{
				"sender":	{
					"socket":	7,
					"start":	0,
					"end":	10.004239,
					"seconds":	10.004239,
					"bytes":	88081229,
					"bits_per_second":	70435125.75019449,
					"sender":	true
				},
				"receiver":	{
					"socket":	7,
					"start":	0,
					"end":	10.185463,
					"seconds":	10.004239,
					"bytes":	88081229,
					"bits_per_second":	69181914.6562115,
					"sender":	true
				}
			}],
		"sum_sent":	{
			"start":	0,
			"end":	10.004239,
			"seconds":	10.004239,
			"bytes":	88081229,
			"bits_per_second":	70435125.75019449,
			"sender":	true
		},
		"sum_received":	{
			"start":	0,
			"end":	10.185463,
			"seconds":	10.185463,
			"bytes":	88081229,
			"bits_per_second":	69181914.6562115,
			"sender":	true
		},
		"cpu_utilization_percent":	{
			"host_total":	8.533132198204866,
			"host_user":	1.3697983193831076,
			"host_system":	7.1632789638795131,
			"remote_total":	2.3563923040097641,
			"remote_user":	0.64715773386782827,
			"remote_system":	1.7092427901055312
		},
		"receiver_tcp_congestion":	"cubic"
	}
}
