{
	"start":	{
		"connected":	[{
				"socket":	7,
				"local_host":	"10.145.69.251",
				"local_port":	63608,
				"remote_host":	"89.84.1.222",
				"remote_port":	5202
			}],
		"version":	"iperf 3.7",
		"system_info":	"Darwin SAMAC135.local 18.0.0 Darwin Kernel Version 18.0.0: Wed Aug 22 20:13:40 PDT 2018; root:xnu-4903.201.2~1/RELEASE_X86_64 x86_64",
		"timestamp":	{
			"time":	"Tue, 10 Mar 2020 14:07:56 UTC",
			"timesecs":	1583849276
		},
		"connecting_to":	{
			"host":	"bouygues.iperf.fr",
			"port":	5202
		},
		"cookie":	"2frkstupnjjkp4mb6tcanckm7wxedovppxoq",
		"tcp_mss_default":	1367,
		"sock_bufsize":	0,
		"sndbuf_actual":	131072,
		"rcvbuf_actual":	131072,
		"test_start":	{
			"protocol":	"TCP",
			"num_streams":	1,
			"blksize":	131072,
			"omit":	0,
			"duration":	10,
			"bytes":	0,
			"blocks":	0,
			"reverse":	0,
			"tos":	0
		}
	},
	"intervals":	[{
			"streams":	[{
					"socket":	7,
					"start":	0,
					"end":	1.000226,
					"seconds":	1.0002260208129883,
					"bytes":	185912,
					"bits_per_second":	1486959.9161108797,
					"omitted":	false,
					"sender":	true
				}],
			"sum":	{
				"start":	0,
				"end":	1.000226,
				"seconds":	1.0002260208129883,
				"bytes":	185912,
				"bits_per_second":	1486959.9161108797,
				"omitted":	false,
				"sender":	true
			}
		}, {
			"streams":	[{
					"socket":	7,
					"start":	1.000226,
					"end":	2.000351,
					"seconds":	1.0001250505447388,
					"bytes":	2080471,
					"bits_per_second":	16641686.947981782,
					"omitted":	false,
					"sender":	true
				}],
			"sum":	{
				"start":	1.000226,
				"end":	2.000351,
				"seconds":	1.0001250505447388,
				"bytes":	2080471,
				"bits_per_second":	16641686.947981782,
				"omitted":	false,
				"sender":	true
			}
		}, {
			"streams":	[{
					"socket":	7,
					"start":	2.000351,
					"end":	3.000213,
					"seconds":	0.999862015247345,
					"bytes":	9903187,
					"bits_per_second":	79236429.419114664,
					"omitted":	false,
					"sender":	true
				}],
			"sum":	{
				"start":	2.000351,
				"end":	3.000213,
				"seconds":	0.999862015247345,
				"bytes":	9903187,
				"bits_per_second":	79236429.419114664,
				"omitted":	false,
				"sender":	true
			}
		}, {
			"streams":	[{
					"socket":	7,
					"start":	3.000213,
					"end":	4.000404,
					"seconds":	1.0001909732818604,
					"bytes":	10604689,
					"bits_per_second":	84821313.395409167,
					"omitted":	false,
					"sender":	true
				}],
			"sum":	{
				"start":	3.000213,
				"end":	4.000404,
				"seconds":	1.0001909732818604,
				"bytes":	10604689,
				"bits_per_second":	84821313.395409167,
				"omitted":	false,
				"sender":	true
			}
		}, {
			"streams":	[{
					"socket":	7,
					"start":	4.000404,
					"end":	5.000023,
					"seconds":	0.9996190071105957,
					"bytes":	11516638,
					"bits_per_second":	92168219.436234266,
					"omitted":	false,
					"sender":	true
				}],
			"sum":	{
				"start":	4.000404,
				"end":	5.000023,
				"seconds":	0.9996190071105957,
				"bytes":	11516638,
				"bits_per_second":	92168219.436234266,
				"omitted":	false,
				"sender":	true
			}
		}, {
			"streams":	[{
					"socket":	7,
					"start":	5.000023,
					"end":	6.000301,
					"seconds":	1.0002779960632324,
					"bytes":	11543832,
					"bits_per_second":	92324990.016237512,
					"omitted":	false,
					"sender":	true
				}],
			"sum":	{
				"start":	5.000023,
				"end":	6.000301,
				"seconds":	1.0002779960632324,
				"bytes":	11543832,
				"bits_per_second":	92324990.016237512,
				"omitted":	false,
				"sender":	true
			}
		}, {
			"streams":	[{
					"socket":	7,
					"start":	6.000301,
					"end":	7.000668,
					"seconds":	1.0003670454025269,
					"bytes":	11127043,
					"bits_per_second":	88983682.948273927,
					"omitted":	false,
					"sender":	true
				}],
			"sum":	{
				"start":	6.000301,
				"end":	7.000668,
				"seconds":	1.0003670454025269,
				"bytes":	11127043,
				"bits_per_second":	88983682.948273927,
				"omitted":	false,
				"sender":	true
			}
		}, {
			"streams":	[{
					"socket":	7,
					"start":	7.000668,
					"end":	8.000209,
					"seconds":	0.99954098463058472,
					"bytes":	11464212,
					"bits_per_second":	91755813.328551009,
					"omitted":	false,
					"sender":	true
				}],
			"sum":	{
				"start":	7.000668,
				"end":	8.000209,
				"seconds":	0.99954098463058472,
				"bytes":	11464212,
				"bits_per_second":	91755813.328551009,
				"omitted":	false,
				"sender":	true
			}
		}, {
			"streams":	[{
					"socket":	7,
					"start":	8.000209,
					"end":	9.000569,
					"seconds":	1.0003600120544434,
					"bytes":	11384373,
					"bits_per_second":	91042207.707762063,
					"omitted":	false,
					"sender":	true
				}],
			"sum":	{
				"start":	8.000209,
				"end":	9.000569,
				"seconds":	1.0003600120544434,
				"bytes":	11384373,
				"bits_per_second":	91042207.707762063,
				"omitted":	false,
				"sender":	true
			}
		}, {
			"streams":	[{
					"socket":	7,
					"start":	9.000569,
					"end":	10.000076,
					"seconds":	0.99950700998306274,
					"bytes":	11445394,
					"bits_per_second":	91608313.98426269,
					"omitted":	false,
					"sender":	true
				}],
			"sum":	{
				"start":	9.000569,
				"end":	10.000076,
				"seconds":	0.99950700998306274,
				"bytes":	11445394,
				"bits_per_second":	91608313.98426269,
				"omitted":	false,
				"sender":	true
			}
		}],
	"end":	{
		"streams":	[{
				"sender":	{
					"socket":	7,
					"start":	0,
					"end":	10.000076,
					"seconds":	10.000076,
					"bytes":	91255751,
					"bits_per_second":	73004045.969250634,
					"sender":	true
				},
				"receiver":	{
					"socket":	7,
					"start":	0,
					"end":	10.17567,
					"seconds":	10.000076,
					"bytes":	91210640,
					"bits_per_second":	71708803.4497974,
					"sender":	true
				}
			}],
		"sum_sent":	{
			"start":	0,
			"end":	10.000076,
			"seconds":	10.000076,
			"bytes":	91255751,
			"bits_per_second":	73004045.969250634,
			"sender":	true
		},
		"sum_received":	{
			"start":	0,
			"end":	10.17567,
			"seconds":	10.17567,
			"bytes":	91210640,
			"bits_per_second":	71708803.4497974,
			"sender":	true
		},
		"cpu_utilization_percent":	{
			"host_total":	8.08189779908737,
			"host_user":	1.2955683172209906,
			"host_system":	6.78621005178672,
			"remote_total":	2.2811722028358874,
			"remote_user":	0.25885050592719855,
			"remote_system":	2.0223216969086888
		},
		"receiver_tcp_congestion":	"cubic"
	}
}
