{
	"start":	{
		"connected":	[{
				"socket":	7,
				"local_host":	"10.145.69.251",
				"local_port":	63748,
				"remote_host":	"89.84.1.222",
				"remote_port":	5202
			}],
		"version":	"iperf 3.7",
		"system_info":	"Darwin SAMAC135.local 18.0.0 Darwin Kernel Version 18.0.0: Wed Aug 22 20:13:40 PDT 2018; root:xnu-4903.201.2~1/RELEASE_X86_64 x86_64",
		"timestamp":	{
			"time":	"Tue, 10 Mar 2020 14:12:39 UTC",
			"timesecs":	1583849559
		},
		"connecting_to":	{
			"host":	"bouygues.iperf.fr",
			"port":	5202
		},
		"cookie":	"3eq3majjrqovzwk3h7u4ijosszmky6g55nnu",
		"tcp_mss_default":	1367,
		"sock_bufsize":	0,
		"sndbuf_actual":	131072,
		"rcvbuf_actual":	131072,
		"test_start":	{
			"protocol":	"TCP",
			"num_streams":	1,
			"blksize":	131072,
			"omit":	0,
			"duration":	10,
			"bytes":	0,
			"blocks":	0,
			"reverse":	0,
			"tos":	0
		}
	},
	"intervals":	[{
			"streams":	[{
					"socket":	7,
					"start":	0,
					"end":	1.002306,
					"seconds":	1.0023059844970703,
					"bytes":	191380,
					"bits_per_second":	1527517.5681688,
					"omitted":	false,
					"sender":	true
				}],
			"sum":	{
				"start":	0,
				"end":	1.002306,
				"seconds":	1.0023059844970703,
				"bytes":	191380,
				"bits_per_second":	1527517.5681688,
				"omitted":	false,
				"sender":	true
			}
		}, {
			"streams":	[{
					"socket":	7,
					"start":	1.002306,
					"end":	2.001775,
					"seconds":	0.999468982219696,
					"bytes":	3752589,
					"bits_per_second":	30036662.001583822,
					"omitted":	false,
					"sender":	true
				}],
			"sum":	{
				"start":	1.002306,
				"end":	2.001775,
				"seconds":	0.999468982219696,
				"bytes":	3752589,
				"bits_per_second":	30036662.001583822,
				"omitted":	false,
				"sender":	true
			}
		}, {
			"streams":	[{
					"socket":	7,
					"start":	2.001775,
					"end":	3.00034,
					"seconds":	0.99856501817703247,
					"bytes":	9997393,
					"bits_per_second":	80094077.545405015,
					"omitted":	false,
					"sender":	true
				}],
			"sum":	{
				"start":	2.001775,
				"end":	3.00034,
				"seconds":	0.99856501817703247,
				"bytes":	9997393,
				"bits_per_second":	80094077.545405015,
				"omitted":	false,
				"sender":	true
			}
		}, {
			"streams":	[{
					"socket":	7,
					"start":	3.00034,
					"end":	4.00112,
					"seconds":	1.0007799863815308,
					"bytes":	11816025,
					"bits_per_second":	94454526.7554568,
					"omitted":	false,
					"sender":	true
				}],
			"sum":	{
				"start":	3.00034,
				"end":	4.00112,
				"seconds":	1.0007799863815308,
				"bytes":	11816025,
				"bits_per_second":	94454526.7554568,
				"omitted":	false,
				"sender":	true
			}
		}, {
			"streams":	[{
					"socket":	7,
					"start":	4.00112,
					"end":	5.000176,
					"seconds":	0.99905598163604736,
					"bytes":	11359193,
					"bits_per_second":	90959411.354693159,
					"omitted":	false,
					"sender":	true
				}],
			"sum":	{
				"start":	4.00112,
				"end":	5.000176,
				"seconds":	0.99905598163604736,
				"bytes":	11359193,
				"bits_per_second":	90959411.354693159,
				"omitted":	false,
				"sender":	true
			}
		}, {
			"streams":	[{
					"socket":	7,
					"start":	5.000176,
					"end":	6.000626,
					"seconds":	1.0004500150680542,
					"bytes":	11844812,
					"bits_per_second":	94715872.4302225,
					"omitted":	false,
					"sender":	true
				}],
			"sum":	{
				"start":	5.000176,
				"end":	6.000626,
				"seconds":	1.0004500150680542,
				"bytes":	11844812,
				"bits_per_second":	94715872.4302225,
				"omitted":	false,
				"sender":	true
			}
		}, {
			"streams":	[{
					"socket":	7,
					"start":	6.000626,
					"end":	7.000179,
					"seconds":	0.99955302476882935,
					"bytes":	12496791,
					"bits_per_second":	100019034.03085741,
					"omitted":	false,
					"sender":	true
				}],
			"sum":	{
				"start":	6.000626,
				"end":	7.000179,
				"seconds":	0.99955302476882935,
				"bytes":	12496791,
				"bits_per_second":	100019034.03085741,
				"omitted":	false,
				"sender":	true
			}
		}, {
			"streams":	[{
					"socket":	7,
					"start":	7.000179,
					"end":	8.000252,
					"seconds":	1.0000729560852051,
					"bytes":	11397229,
					"bits_per_second":	91171180.507586643,
					"omitted":	false,
					"sender":	true
				}],
			"sum":	{
				"start":	7.000179,
				"end":	8.000252,
				"seconds":	1.0000729560852051,
				"bytes":	11397229,
				"bits_per_second":	91171180.507586643,
				"omitted":	false,
				"sender":	true
			}
		}, {
			"streams":	[{
					"socket":	7,
					"start":	8.000252,
					"end":	9.000289,
					"seconds":	1.0000369548797607,
					"bytes":	11868291,
					"bits_per_second":	94942819.399524942,
					"omitted":	false,
					"sender":	true
				}],
			"sum":	{
				"start":	8.000252,
				"end":	9.000289,
				"seconds":	1.0000369548797607,
				"bytes":	11868291,
				"bits_per_second":	94942819.399524942,
				"omitted":	false,
				"sender":	true
			}
		}, {
			"streams":	[{
					"socket":	7,
					"start":	9.000289,
					"end":	10.00031,
					"seconds":	1.0000209808349609,
					"bytes":	12141197,
					"bits_per_second":	97127538.183151215,
					"omitted":	false,
					"sender":	true
				}],
			"sum":	{
				"start":	9.000289,
				"end":	10.00031,
				"seconds":	1.0000209808349609,
				"bytes":	12141197,
				"bits_per_second":	97127538.183151215,
				"omitted":	false,
				"sender":	true
			}
		}],
	"end":	{
		"streams":	[{
				"sender":	{
					"socket":	7,
					"start":	0,
					"end":	10.00031,
					"seconds":	10.00031,
					"bytes":	96864900,
					"bits_per_second":	77489517.824947417,
					"sender":	true
				},
				"receiver":	{
					"socket":	7,
					"start":	0,
					"end":	10.178272,
					"seconds":	10.00031,
					"bytes":	96827991,
					"bits_per_second":	76105642.293701723,
					"sender":	true
				}
			}],
		"sum_sent":	{
			"start":	0,
			"end":	10.00031,
			"seconds":	10.00031,
			"bytes":	96864900,
			"bits_per_second":	77489517.824947417,
			"sender":	true
		},
		"sum_received":	{
			"start":	0,
			"end":	10.178272,
			"seconds":	10.178272,
			"bytes":	96827991,
			"bits_per_second":	76105642.293701723,
			"sender":	true
		},
		"cpu_utilization_percent":	{
			"host_total":	8.4784846715403663,
			"host_user":	1.3086248594018883,
			"host_system":	7.1697954230784369,
			"remote_total":	2.6797401287784233,
			"remote_user":	0.638651711397469,
			"remote_system":	2.0410884173809545
		},
		"receiver_tcp_congestion":	"cubic"
	}
}
