{
	"start":	{
		"connected":	[{
				"socket":	7,
				"local_host":	"10.145.69.251",
				"local_port":	63473,
				"remote_host":	"89.84.1.222",
				"remote_port":	5202
			}],
		"version":	"iperf 3.7",
		"system_info":	"Darwin SAMAC135.local 18.0.0 Darwin Kernel Version 18.0.0: Wed Aug 22 20:13:40 PDT 2018; root:xnu-4903.201.2~1/RELEASE_X86_64 x86_64",
		"timestamp":	{
			"time":	"Tue, 10 Mar 2020 14:03:26 UTC",
			"timesecs":	1583849006
		},
		"connecting_to":	{
			"host":	"bouygues.iperf.fr",
			"port":	5202
		},
		"cookie":	"l3gyjvhl6c42tucni5ymuvi4aifkiwrz5sak",
		"tcp_mss_default":	1367,
		"sock_bufsize":	0,
		"sndbuf_actual":	131072,
		"rcvbuf_actual":	131072,
		"test_start":	{
			"protocol":	"TCP",
			"num_streams":	1,
			"blksize":	131072,
			"omit":	0,
			"duration":	10,
			"bytes":	0,
			"blocks":	0,
			"reverse":	0,
			"tos":	0
		}
	},
	"intervals":	[{
			"streams":	[{
					"socket":	7,
					"start":	0,
					"end":	1.001733,
					"seconds":	1.0017329454421997,
					"bytes":	190013,
					"bits_per_second":	1517474.2998284572,
					"omitted":	false,
					"sender":	true
				}],
			"sum":	{
				"start":	0,
				"end":	1.001733,
				"seconds":	1.0017329454421997,
				"bytes":	190013,
				"bits_per_second":	1517474.2998284572,
				"omitted":	false,
				"sender":	true
			}
		}, {
			"streams":	[{
					"socket":	7,
					"start":	1.001733,
					"end":	2.001366,
					"seconds":	0.99963301420211792,
					"bytes":	3797870,
					"bits_per_second":	30394114.208253633,
					"omitted":	false,
					"sender":	true
				}],
			"sum":	{
				"start":	1.001733,
				"end":	2.001366,
				"seconds":	0.99963301420211792,
				"bytes":	3797870,
				"bits_per_second":	30394114.208253633,
				"omitted":	false,
				"sender":	true
			}
		}, {
			"streams":	[{
					"socket":	7,
					"start":	2.001366,
					"end":	3.000486,
					"seconds":	0.99911999702453613,
					"bytes":	9932974,
					"bits_per_second":	79533781.9647789,
					"omitted":	false,
					"sender":	true
				}],
			"sum":	{
				"start":	2.001366,
				"end":	3.000486,
				"seconds":	0.99911999702453613,
				"bytes":	9932974,
				"bits_per_second":	79533781.9647789,
				"omitted":	false,
				"sender":	true
			}
		}, {
			"streams":	[{
					"socket":	7,
					"start":	3.000486,
					"end":	4.000335,
					"seconds":	0.99984902143478394,
					"bytes":	11822860,
					"bits_per_second":	94597162.143813983,
					"omitted":	false,
					"sender":	true
				}],
			"sum":	{
				"start":	3.000486,
				"end":	4.000335,
				"seconds":	0.99984902143478394,
				"bytes":	11822860,
				"bits_per_second":	94597162.143813983,
				"omitted":	false,
				"sender":	true
			}
		}, {
			"streams":	[{
					"socket":	7,
					"start":	4.000335,
					"end":	5.000083,
					"seconds":	0.99974799156188965,
					"bytes":	12459882,
					"bits_per_second":	99704182.295253292,
					"omitted":	false,
					"sender":	true
				}],
			"sum":	{
				"start":	4.000335,
				"end":	5.000083,
				"seconds":	0.99974799156188965,
				"bytes":	12459882,
				"bits_per_second":	99704182.295253292,
				"omitted":	false,
				"sender":	true
			}
		}, {
			"streams":	[{
					"socket":	7,
					"start":	5.000083,
					"end":	6.000077,
					"seconds":	0.99999397993087769,
					"bytes":	11478202,
					"bits_per_second":	91826168.79988341,
					"omitted":	false,
					"sender":	true
				}],
			"sum":	{
				"start":	5.000083,
				"end":	6.000077,
				"seconds":	0.99999397993087769,
				"bytes":	11478202,
				"bits_per_second":	91826168.79988341,
				"omitted":	false,
				"sender":	true
			}
		}, {
			"streams":	[{
					"socket":	7,
					"start":	6.000077,
					"end":	7.000492,
					"seconds":	1.0004149675369263,
					"bytes":	11872072,
					"bits_per_second":	94937180.152189523,
					"omitted":	false,
					"sender":	true
				}],
			"sum":	{
				"start":	6.000077,
				"end":	7.000492,
				"seconds":	1.0004149675369263,
				"bytes":	11872072,
				"bits_per_second":	94937180.152189523,
				"omitted":	false,
				"sender":	true
			}
		}, {
			"streams":	[{
					"socket":	7,
					"start":	7.000492,
					"end":	8.000163,
					"seconds":	0.99967098236083984,
					"bytes":	12398367,
					"bits_per_second":	99219580.992296547,
					"omitted":	false,
					"sender":	true
				}],
			"sum":	{
				"start":	7.000492,
				"end":	8.000163,
				"seconds":	0.99967098236083984,
				"bytes":	12398367,
				"bits_per_second":	99219580.992296547,
				"omitted":	false,
				"sender":	true
			}
		}, {
			"streams":	[{
					"socket":	7,
					"start":	8.000163,
					"end":	9.000654,
					"seconds":	1.0004910230636597,
					"bytes":	11661380,
					"bits_per_second":	93245254.4294983,
					"omitted":	false,
					"sender":	true
				}],
			"sum":	{
				"start":	8.000163,
				"end":	9.000654,
				"seconds":	1.0004910230636597,
				"bytes":	11661380,
				"bits_per_second":	93245254.4294983,
				"omitted":	false,
				"sender":	true
			}
		}, {
			"streams":	[{
					"socket":	7,
					"start":	9.000654,
					"end":	10.000283,
					"seconds":	0.999629020690918,
					"bytes":	11910348,
					"bits_per_second":	95318145.0595972,
					"omitted":	false,
					"sender":	true
				}],
			"sum":	{
				"start":	9.000654,
				"end":	10.000283,
				"seconds":	0.999629020690918,
				"bytes":	11910348,
				"bits_per_second":	95318145.0595972,
				"omitted":	false,
				"sender":	true
			}
		}],
	"end":	{
		"streams":	[{
				"sender":	{
					"socket":	7,
					"start":	0,
					"end":	10.000283,
					"seconds":	10.000283,
					"bytes":	97523968,
					"bits_per_second":	78016966.5198475,
					"sender":	true
				},
				"receiver":	{
					"socket":	7,
					"start":	0,
					"end":	10.174473,
					"seconds":	10.000283,
					"bytes":	97523968,
					"bits_per_second":	76681292.878756464,
					"sender":	true
				}
			}],
		"sum_sent":	{
			"start":	0,
			"end":	10.000283,
			"seconds":	10.000283,
			"bytes":	97523968,
			"bits_per_second":	78016966.5198475,
			"sender":	true
		},
		"sum_received":	{
			"start":	0,
			"end":	10.174473,
			"seconds":	10.174473,
			"bytes":	97523968,
			"bits_per_second":	76681292.878756464,
			"sender":	true
		},
		"cpu_utilization_percent":	{
			"host_total":	8.1027469409117323,
			"host_user":	1.2728350458927651,
			"host_system":	6.8298106799225327,
			"remote_total":	3.3736993104748527,
			"remote_user":	0.56732328049744052,
			"remote_system":	2.8063760299774128
		},
		"receiver_tcp_congestion":	"cubic"
	}
}
