{
	"start":	{
		"connected":	[{
				"socket":	7,
				"local_host":	"10.145.69.251",
				"local_port":	63716,
				"remote_host":	"89.84.1.222",
				"remote_port":	5202
			}],
		"version":	"iperf 3.7",
		"system_info":	"Darwin SAMAC135.local 18.0.0 Darwin Kernel Version 18.0.0: Wed Aug 22 20:13:40 PDT 2018; root:xnu-4903.201.2~1/RELEASE_X86_64 x86_64",
		"timestamp":	{
			"time":	"Tue, 10 Mar 2020 14:11:09 UTC",
			"timesecs":	1583849469
		},
		"connecting_to":	{
			"host":	"bouygues.iperf.fr",
			"port":	5202
		},
		"cookie":	"57yhrftwty3o3qyu4lobydwqejfvjbggwijo",
		"tcp_mss_default":	1367,
		"sock_bufsize":	0,
		"sndbuf_actual":	131072,
		"rcvbuf_actual":	131072,
		"test_start":	{
			"protocol":	"TCP",
			"num_streams":	1,
			"blksize":	131072,
			"omit":	0,
			"duration":	10,
			"bytes":	0,
			"blocks":	0,
			"reverse":	0,
			"tos":	0
		}
	},
	"intervals":	[{
			"streams":	[{
					"socket":	7,
					"start":	0,
					"end":	1.00476,
					"seconds":	1.0047600269317627,
					"bytes":	184545,
					"bits_per_second":	1469365.7793178365,
					"omitted":	false,
					"sender":	true
				}],
			"sum":	{
				"start":	0,
				"end":	1.00476,
				"seconds":	1.0047600269317627,
				"bytes":	184545,
				"bits_per_second":	1469365.7793178365,
				"omitted":	false,
				"sender":	true
			}
		}, {
			"streams":	[{
					"socket":	7,
					"start":	1.00476,
					"end":	2.001475,
					"seconds":	0.9967150092124939,
					"bytes":	3088717,
					"bits_per_second":	24791174.780766271,
					"omitted":	false,
					"sender":	true
				}],
			"sum":	{
				"start":	1.00476,
				"end":	2.001475,
				"seconds":	0.9967150092124939,
				"bytes":	3088717,
				"bits_per_second":	24791174.780766271,
				"omitted":	false,
				"sender":	true
			}
		}, {
			"streams":	[{
					"socket":	7,
					"start":	2.001475,
					"end":	3.000136,
					"seconds":	0.99866098165512085,
					"bytes":	9497948,
					"bits_per_second":	76085463.831849486,
					"omitted":	false,
					"sender":	true
				}],
			"sum":	{
				"start":	2.001475,
				"end":	3.000136,
				"seconds":	0.99866098165512085,
				"bytes":	9497948,
				"bits_per_second":	76085463.831849486,
				"omitted":	false,
				"sender":	true
			}
		}, {
			"streams":	[{
					"socket":	7,
					"start":	3.000136,
					"end":	4.000626,
					"seconds":	1.0004899501800537,
					"bytes":	11716060,
					"bits_per_second":	93682580.202961668,
					"omitted":	false,
					"sender":	true
				}],
			"sum":	{
				"start":	3.000136,
				"end":	4.000626,
				"seconds":	1.0004899501800537,
				"bytes":	11716060,
				"bits_per_second":	93682580.202961668,
				"omitted":	false,
				"sender":	true
			}
		}, {
			"streams":	[{
					"socket":	7,
					"start":	4.000626,
					"end":	5.000144,
					"seconds":	0.99951797723770142,
					"bytes":	12551471,
					"bits_per_second":	100460192.09929675,
					"omitted":	false,
					"sender":	true
				}],
			"sum":	{
				"start":	4.000626,
				"end":	5.000144,
				"seconds":	0.99951797723770142,
				"bytes":	12551471,
				"bits_per_second":	100460192.09929675,
				"omitted":	false,
				"sender":	true
			}
		}, {
			"streams":	[{
					"socket":	7,
					"start":	5.000144,
					"end":	6.001139,
					"seconds":	1.0009950399398804,
					"bytes":	10660736,
					"bits_per_second":	85201109.493132219,
					"omitted":	false,
					"sender":	true
				}],
			"sum":	{
				"start":	5.000144,
				"end":	6.001139,
				"seconds":	1.0009950399398804,
				"bytes":	10660736,
				"bits_per_second":	85201109.493132219,
				"omitted":	false,
				"sender":	true
			}
		}, {
			"streams":	[{
					"socket":	7,
					"start":	6.001139,
					"end":	7.000645,
					"seconds":	0.99950599670410156,
					"bytes":	12581545,
					"bits_per_second":	100702107.1728473,
					"omitted":	false,
					"sender":	true
				}],
			"sum":	{
				"start":	6.001139,
				"end":	7.000645,
				"seconds":	0.99950599670410156,
				"bytes":	12581545,
				"bits_per_second":	100702107.1728473,
				"omitted":	false,
				"sender":	true
			}
		}, {
			"streams":	[{
					"socket":	7,
					"start":	7.000645,
					"end":	8.000116,
					"seconds":	0.99947100877761841,
					"bytes":	10938077,
					"bits_per_second":	87550929.673308522,
					"omitted":	false,
					"sender":	true
				}],
			"sum":	{
				"start":	7.000645,
				"end":	8.000116,
				"seconds":	0.99947100877761841,
				"bytes":	10938077,
				"bits_per_second":	87550929.673308522,
				"omitted":	false,
				"sender":	true
			}
		}, {
			"streams":	[{
					"socket":	7,
					"start":	8.000116,
					"end":	9.0009,
					"seconds":	1.0007840394973755,
					"bytes":	12133329,
					"bits_per_second":	96990587.548488334,
					"omitted":	false,
					"sender":	true
				}],
			"sum":	{
				"start":	8.000116,
				"end":	9.0009,
				"seconds":	1.0007840394973755,
				"bytes":	12133329,
				"bits_per_second":	96990587.548488334,
				"omitted":	false,
				"sender":	true
			}
		}, {
			"streams":	[{
					"socket":	7,
					"start":	9.0009,
					"end":	10.000118,
					"seconds":	0.99921798706054688,
					"bytes":	11752809,
					"bits_per_second":	94096056.3336044,
					"omitted":	false,
					"sender":	true
				}],
			"sum":	{
				"start":	9.0009,
				"end":	10.000118,
				"seconds":	0.99921798706054688,
				"bytes":	11752809,
				"bits_per_second":	94096056.3336044,
				"omitted":	false,
				"sender":	true
			}
		}],
	"end":	{
		"streams":	[{
				"sender":	{
					"socket":	7,
					"start":	0,
					"end":	10.000118,
					"seconds":	10.000118,
					"bytes":	95105237,
					"bits_per_second":	76083291.817156553,
					"sender":	true
				},
				"receiver":	{
					"socket":	7,
					"start":	0,
					"end":	10.176411,
					"seconds":	10.000118,
					"bytes":	95103870,
					"bits_per_second":	74764173.734728292,
					"sender":	true
				}
			}],
		"sum_sent":	{
			"start":	0,
			"end":	10.000118,
			"seconds":	10.000118,
			"bytes":	95105237,
			"bits_per_second":	76083291.817156553,
			"sender":	true
		},
		"sum_received":	{
			"start":	0,
			"end":	10.176411,
			"seconds":	10.176411,
			"bytes":	95103870,
			"bits_per_second":	74764173.734728292,
			"sender":	true
		},
		"cpu_utilization_percent":	{
			"host_total":	7.78325841251655,
			"host_user":	1.1997956240007717,
			"host_system":	6.5833623176545206,
			"remote_total":	2.6105847137762233,
			"remote_user":	0.45517428196723148,
			"remote_system":	2.1554104318089919
		},
		"receiver_tcp_congestion":	"cubic"
	}
}
