{
	"start":	{
		"connected":	[{
				"socket":	7,
				"local_host":	"10.145.69.251",
				"local_port":	63663,
				"remote_host":	"89.84.1.222",
				"remote_port":	5202
			}],
		"version":	"iperf 3.7",
		"system_info":	"Darwin SAMAC135.local 18.0.0 Darwin Kernel Version 18.0.0: Wed Aug 22 20:13:40 PDT 2018; root:xnu-4903.201.2~1/RELEASE_X86_64 x86_64",
		"timestamp":	{
			"time":	"Tue, 10 Mar 2020 14:09:01 UTC",
			"timesecs":	1583849341
		},
		"connecting_to":	{
			"host":	"bouygues.iperf.fr",
			"port":	5202
		},
		"cookie":	"56ue6wqvm2dhqn2zpppssjkpwqicjdpegsjh",
		"tcp_mss_default":	1367,
		"sock_bufsize":	0,
		"sndbuf_actual":	131072,
		"rcvbuf_actual":	131072,
		"test_start":	{
			"protocol":	"TCP",
			"num_streams":	1,
			"blksize":	131072,
			"omit":	0,
			"duration":	10,
			"bytes":	0,
			"blocks":	0,
			"reverse":	0,
			"tos":	0
		}
	},
	"intervals":	[{
			"streams":	[{
					"socket":	7,
					"start":	0,
					"end":	1.003688,
					"seconds":	1.0036879777908325,
					"bytes":	190013,
					"bits_per_second":	1514518.4894471138,
					"omitted":	false,
					"sender":	true
				}],
			"sum":	{
				"start":	0,
				"end":	1.003688,
				"seconds":	1.0036879777908325,
				"bytes":	190013,
				"bits_per_second":	1514518.4894471138,
				"omitted":	false,
				"sender":	true
			}
		}, {
			"streams":	[{
					"socket":	7,
					"start":	1.003688,
					"end":	2.000079,
					"seconds":	0.99639099836349487,
					"bytes":	3793599,
					"bits_per_second":	30458717.561525393,
					"omitted":	false,
					"sender":	true
				}],
			"sum":	{
				"start":	1.003688,
				"end":	2.000079,
				"seconds":	0.99639099836349487,
				"bytes":	3793599,
				"bits_per_second":	30458717.561525393,
				"omitted":	false,
				"sender":	true
			}
		}, {
			"streams":	[{
					"socket":	7,
					"start":	2.000079,
					"end":	3.000033,
					"seconds":	0.9999539852142334,
					"bytes":	10347519,
					"bits_per_second":	82783961.2862435,
					"omitted":	false,
					"sender":	true
				}],
			"sum":	{
				"start":	2.000079,
				"end":	3.000033,
				"seconds":	0.9999539852142334,
				"bytes":	10347519,
				"bits_per_second":	82783961.2862435,
				"omitted":	false,
				"sender":	true
			}
		}, {
			"streams":	[{
					"socket":	7,
					"start":	3.000033,
					"end":	4.000095,
					"seconds":	1.0000619888305664,
					"bytes":	11612168,
					"bits_per_second":	92891585.759229332,
					"omitted":	false,
					"sender":	true
				}],
			"sum":	{
				"start":	3.000033,
				"end":	4.000095,
				"seconds":	1.0000619888305664,
				"bytes":	11612168,
				"bits_per_second":	92891585.759229332,
				"omitted":	false,
				"sender":	true
			}
		}, {
			"streams":	[{
					"socket":	7,
					"start":	4.000095,
					"end":	5.000435,
					"seconds":	1.0003399848937988,
					"bytes":	12563774,
					"bits_per_second":	100476031.66704436,
					"omitted":	false,
					"sender":	true
				}],
			"sum":	{
				"start":	4.000095,
				"end":	5.000435,
				"seconds":	1.0003399848937988,
				"bytes":	12563774,
				"bits_per_second":	100476031.66704436,
				"omitted":	false,
				"sender":	true
			}
		}, {
			"streams":	[{
					"socket":	7,
					"start":	5.000435,
					"end":	6.000468,
					"seconds":	1.0000330209732056,
					"bytes":	11147388,
					"bits_per_second":	89176159.31643264,
					"omitted":	false,
					"sender":	true
				}],
			"sum":	{
				"start":	5.000435,
				"end":	6.000468,
				"seconds":	1.0000330209732056,
				"bytes":	11147388,
				"bits_per_second":	89176159.31643264,
				"omitted":	false,
				"sender":	true
			}
		}, {
			"streams":	[{
					"socket":	7,
					"start":	6.000468,
					"end":	7.000106,
					"seconds":	0.999638020992279,
					"bytes":	12217923,
					"bits_per_second":	97778777.864987731,
					"omitted":	false,
					"sender":	true
				}],
			"sum":	{
				"start":	6.000468,
				"end":	7.000106,
				"seconds":	0.999638020992279,
				"bytes":	12217923,
				"bits_per_second":	97778777.864987731,
				"omitted":	false,
				"sender":	true
			}
		}, {
			"streams":	[{
					"socket":	7,
					"start":	7.000106,
					"end":	8.000431,
					"seconds":	1.0003249645233154,
					"bytes":	12045681,
					"bits_per_second":	96334142.8211991,
					"omitted":	false,
					"sender":	true
				}],
			"sum":	{
				"start":	7.000106,
				"end":	8.000431,
				"seconds":	1.0003249645233154,
				"bytes":	12045681,
				"bits_per_second":	96334142.8211991,
				"omitted":	false,
				"sender":	true
			}
		}, {
			"streams":	[{
					"socket":	7,
					"start":	8.000431,
					"end":	9.000134,
					"seconds":	0.99970299005508423,
					"bytes":	11629939,
					"bits_per_second":	93067153.870244473,
					"omitted":	false,
					"sender":	true
				}],
			"sum":	{
				"start":	8.000431,
				"end":	9.000134,
				"seconds":	0.99970299005508423,
				"bytes":	11629939,
				"bits_per_second":	93067153.870244473,
				"omitted":	false,
				"sender":	true
			}
		}, {
			"streams":	[{
					"socket":	7,
					"start":	9.000134,
					"end":	10.000206,
					"seconds":	1.0000720024108887,
					"bytes":	11505716,
					"bits_per_second":	92039100.962834656,
					"omitted":	false,
					"sender":	true
				}],
			"sum":	{
				"start":	9.000134,
				"end":	10.000206,
				"seconds":	1.0000720024108887,
				"bytes":	11505716,
				"bits_per_second":	92039100.962834656,
				"omitted":	false,
				"sender":	true
			}
		}],
	"end":	{
		"streams":	[{
				"sender":	{
					"socket":	7,
					"start":	0,
					"end":	10.000206,
					"seconds":	10.000206,
					"bytes":	97053720,
					"bits_per_second":	77641376.5876423,
					"sender":	true
				},
				"receiver":	{
					"socket":	7,
					"start":	0,
					"end":	10.172964,
					"seconds":	10.000206,
					"bytes":	97053720,
					"bits_per_second":	76322865.1944507,
					"sender":	true
				}
			}],
		"sum_sent":	{
			"start":	0,
			"end":	10.000206,
			"seconds":	10.000206,
			"bytes":	97053720,
			"bits_per_second":	77641376.5876423,
			"sender":	true
		},
		"sum_received":	{
			"start":	0,
			"end":	10.172964,
			"seconds":	10.172964,
			"bytes":	97053720,
			"bits_per_second":	76322865.1944507,
			"sender":	true
		},
		"cpu_utilization_percent":	{
			"host_total":	7.6510724341194987,
			"host_user":	1.223689867433521,
			"host_system":	6.4273365657286057,
			"remote_total":	2.517583087148882,
			"remote_user":	0.49076967541372141,
			"remote_system":	2.0268216835988961
		},
		"receiver_tcp_congestion":	"cubic"
	}
}
