{
	"start":	{
		"connected":	[{
				"socket":	7,
				"local_host":	"10.145.69.251",
				"local_port":	63373,
				"remote_host":	"89.84.1.222",
				"remote_port":	5202
			}],
		"version":	"iperf 3.7",
		"system_info":	"Darwin SAMAC135.local 18.0.0 Darwin Kernel Version 18.0.0: Wed Aug 22 20:13:40 PDT 2018; root:xnu-4903.201.2~1/RELEASE_X86_64 x86_64",
		"timestamp":	{
			"time":	"Tue, 10 Mar 2020 13:58:15 UTC",
			"timesecs":	1583848695
		},
		"connecting_to":	{
			"host":	"bouygues.iperf.fr",
			"port":	5202
		},
		"cookie":	"2oguhhzxunedxp3d5b5ujl3zagdmclx2k5i3",
		"tcp_mss_default":	1367,
		"sock_bufsize":	0,
		"sndbuf_actual":	131072,
		"rcvbuf_actual":	131072,
		"test_start":	{
			"protocol":	"TCP",
			"num_streams":	1,
			"blksize":	131072,
			"omit":	0,
			"duration":	10,
			"bytes":	0,
			"blocks":	0,
			"reverse":	0,
			"tos":	0
		}
	},
	"intervals":	[{
			"streams":	[{
					"socket":	7,
					"start":	0,
					"end":	1.004176,
					"seconds":	1.0041760206222534,
					"bytes":	188646,
					"bits_per_second":	1502891.8924640527,
					"omitted":	false,
					"sender":	true
				}],
			"sum":	{
				"start":	0,
				"end":	1.004176,
				"seconds":	1.0041760206222534,
				"bytes":	188646,
				"bits_per_second":	1502891.8924640527,
				"omitted":	false,
				"sender":	true
			}
		}, {
			"streams":	[{
					"socket":	7,
					"start":	1.004176,
					"end":	2.004335,
					"seconds":	1.0001590251922607,
					"bytes":	3747121,
					"bits_per_second":	29972201.664867766,
					"omitted":	false,
					"sender":	true
				}],
			"sum":	{
				"start":	1.004176,
				"end":	2.004335,
				"seconds":	1.0001590251922607,
				"bytes":	3747121,
				"bits_per_second":	29972201.664867766,
				"omitted":	false,
				"sender":	true
			}
		}, {
			"streams":	[{
					"socket":	7,
					"start":	2.004335,
					"end":	3.000357,
					"seconds":	0.99602198600769043,
					"bytes":	10064550,
					"bits_per_second":	80837974.594045073,
					"omitted":	false,
					"sender":	true
				}],
			"sum":	{
				"start":	2.004335,
				"end":	3.000357,
				"seconds":	0.99602198600769043,
				"bytes":	10064550,
				"bits_per_second":	80837974.594045073,
				"omitted":	false,
				"sender":	true
			}
		}, {
			"streams":	[{
					"socket":	7,
					"start":	3.000357,
					"end":	4.000344,
					"seconds":	0.999987006187439,
					"bytes":	11843191,
					"bits_per_second":	94746759.121628791,
					"omitted":	false,
					"sender":	true
				}],
			"sum":	{
				"start":	3.000357,
				"end":	4.000344,
				"seconds":	0.999987006187439,
				"bytes":	11843191,
				"bits_per_second":	94746759.121628791,
				"omitted":	false,
				"sender":	true
			}
		}, {
			"streams":	[{
					"socket":	7,
					"start":	4.000344,
					"end":	5.000147,
					"seconds":	0.99980300664901733,
					"bytes":	12425707,
					"bits_per_second":	99425242.111615837,
					"omitted":	false,
					"sender":	true
				}],
			"sum":	{
				"start":	4.000344,
				"end":	5.000147,
				"seconds":	0.99980300664901733,
				"bytes":	12425707,
				"bits_per_second":	99425242.111615837,
				"omitted":	false,
				"sender":	true
			}
		}, {
			"streams":	[{
					"socket":	7,
					"start":	5.000147,
					"end":	6.000104,
					"seconds":	0.99995702505111694,
					"bytes":	11416687,
					"bits_per_second":	91337421.221008077,
					"omitted":	false,
					"sender":	true
				}],
			"sum":	{
				"start":	5.000147,
				"end":	6.000104,
				"seconds":	0.99995702505111694,
				"bytes":	11416687,
				"bits_per_second":	91337421.221008077,
				"omitted":	false,
				"sender":	true
			}
		}, {
			"streams":	[{
					"socket":	7,
					"start":	6.000104,
					"end":	7.000164,
					"seconds":	1.000059962272644,
					"bytes":	11960927,
					"bits_per_second":	95681678.709094211,
					"omitted":	false,
					"sender":	true
				}],
			"sum":	{
				"start":	6.000104,
				"end":	7.000164,
				"seconds":	1.000059962272644,
				"bytes":	11960927,
				"bits_per_second":	95681678.709094211,
				"omitted":	false,
				"sender":	true
			}
		}, {
			"streams":	[{
					"socket":	7,
					"start":	7.000164,
					"end":	8.000547,
					"seconds":	1.0003830194473267,
					"bytes":	11896598,
					"bits_per_second":	95136344.929744333,
					"omitted":	false,
					"sender":	true
				}],
			"sum":	{
				"start":	7.000164,
				"end":	8.000547,
				"seconds":	1.0003830194473267,
				"bytes":	11896598,
				"bits_per_second":	95136344.929744333,
				"omitted":	false,
				"sender":	true
			}
		}, {
			"streams":	[{
					"socket":	7,
					"start":	8.000547,
					"end":	9.000204,
					"seconds":	0.99965697526931763,
					"bytes":	11911621,
					"bits_per_second":	95325667.0612708,
					"omitted":	false,
					"sender":	true
				}],
			"sum":	{
				"start":	8.000547,
				"end":	9.000204,
				"seconds":	0.99965697526931763,
				"bytes":	11911621,
				"bits_per_second":	95325667.0612708,
				"omitted":	false,
				"sender":	true
			}
		}, {
			"streams":	[{
					"socket":	7,
					"start":	9.000204,
					"end":	10.000076,
					"seconds":	0.99987202882766724,
					"bytes":	12006038,
					"bits_per_second":	96060596.987211436,
					"omitted":	false,
					"sender":	true
				}],
			"sum":	{
				"start":	9.000204,
				"end":	10.000076,
				"seconds":	0.99987202882766724,
				"bytes":	12006038,
				"bits_per_second":	96060596.987211436,
				"omitted":	false,
				"sender":	true
			}
		}],
	"end":	{
		"streams":	[{
				"sender":	{
					"socket":	7,
					"start":	0,
					"end":	10.000076,
					"seconds":	10.000076,
					"bytes":	97461086,
					"bits_per_second":	77968276.241100565,
					"sender":	true
				},
				"receiver":	{
					"socket":	7,
					"start":	0,
					"end":	10.173246,
					"seconds":	10.000076,
					"bytes":	97461086,
					"bits_per_second":	76641092.528382778,
					"sender":	true
				}
			}],
		"sum_sent":	{
			"start":	0,
			"end":	10.000076,
			"seconds":	10.000076,
			"bytes":	97461086,
			"bits_per_second":	77968276.241100565,
			"sender":	true
		},
		"sum_received":	{
			"start":	0,
			"end":	10.173246,
			"seconds":	10.173246,
			"bytes":	97461086,
			"bits_per_second":	76641092.528382778,
			"sender":	true
		},
		"cpu_utilization_percent":	{
			"host_total":	8.8182660983604269,
			"host_user":	1.3554171864243867,
			"host_system":	7.4627477723782532,
			"remote_total":	2.6281950180882627,
			"remote_user":	0.91894453918466468,
			"remote_system":	1.7092586933735512
		},
		"receiver_tcp_congestion":	"cubic"
	}
}
