{
	"start":	{
		"connected":	[{
				"socket":	7,
				"local_host":	"10.145.69.251",
				"local_port":	63492,
				"remote_host":	"89.84.1.222",
				"remote_port":	5202
			}],
		"version":	"iperf 3.7",
		"system_info":	"Darwin SAMAC135.local 18.0.0 Darwin Kernel Version 18.0.0: Wed Aug 22 20:13:40 PDT 2018; root:xnu-4903.201.2~1/RELEASE_X86_64 x86_64",
		"timestamp":	{
			"time":	"Tue, 10 Mar 2020 14:03:52 UTC",
			"timesecs":	1583849032
		},
		"connecting_to":	{
			"host":	"bouygues.iperf.fr",
			"port":	5202
		},
		"cookie":	"53eigt2w2rm334635tamcsb6wk3v42vcpvgs",
		"tcp_mss_default":	1367,
		"sock_bufsize":	0,
		"sndbuf_actual":	131072,
		"rcvbuf_actual":	131072,
		"test_start":	{
			"protocol":	"TCP",
			"num_streams":	1,
			"blksize":	131072,
			"omit":	0,
			"duration":	10,
			"bytes":	0,
			"blocks":	0,
			"reverse":	0,
			"tos":	0
		}
	},
	"intervals":	[{
			"streams":	[{
					"socket":	7,
					"start":	0,
					"end":	1.003778,
					"seconds":	1.0037779808044434,
					"bytes":	191380,
					"bits_per_second":	1525277.5307673123,
					"omitted":	false,
					"sender":	true
				}],
			"sum":	{
				"start":	0,
				"end":	1.003778,
				"seconds":	1.0037779808044434,
				"bytes":	191380,
				"bits_per_second":	1525277.5307673123,
				"omitted":	false,
				"sender":	true
			}
		}, {
			"streams":	[{
					"socket":	7,
					"start":	1.003778,
					"end":	2.000071,
					"seconds":	0.99629300832748413,
					"bytes":	3677404,
					"bits_per_second":	29528694.625075419,
					"omitted":	false,
					"sender":	true
				}],
			"sum":	{
				"start":	1.003778,
				"end":	2.000071,
				"seconds":	0.99629300832748413,
				"bytes":	3677404,
				"bits_per_second":	29528694.625075419,
				"omitted":	false,
				"sender":	true
			}
		}, {
			"streams":	[{
					"socket":	7,
					"start":	2.000071,
					"end":	3.00006,
					"seconds":	0.99998897314071655,
					"bytes":	10004228,
					"bits_per_second":	80034706.53144671,
					"omitted":	false,
					"sender":	true
				}],
			"sum":	{
				"start":	2.000071,
				"end":	3.00006,
				"seconds":	0.99998897314071655,
				"bytes":	10004228,
				"bits_per_second":	80034706.53144671,
				"omitted":	false,
				"sender":	true
			}
		}, {
			"streams":	[{
					"socket":	7,
					"start":	3.00006,
					"end":	4.00013,
					"seconds":	1.0000699758529663,
					"bytes":	11744941,
					"bits_per_second":	93952953.5619358,
					"omitted":	false,
					"sender":	true
				}],
			"sum":	{
				"start":	3.00006,
				"end":	4.00013,
				"seconds":	1.0000699758529663,
				"bytes":	11744941,
				"bits_per_second":	93952953.5619358,
				"omitted":	false,
				"sender":	true
			}
		}, {
			"streams":	[{
					"socket":	7,
					"start":	4.00013,
					"end":	5.000709,
					"seconds":	1.0005789995193481,
					"bytes":	12555572,
					"bits_per_second":	100386452.29237366,
					"omitted":	false,
					"sender":	true
				}],
			"sum":	{
				"start":	4.00013,
				"end":	5.000709,
				"seconds":	1.0005789995193481,
				"bytes":	12555572,
				"bits_per_second":	100386452.29237366,
				"omitted":	false,
				"sender":	true
			}
		}, {
			"streams":	[{
					"socket":	7,
					"start":	5.000709,
					"end":	6.000037,
					"seconds":	0.99932801723480225,
					"bytes":	11315529,
					"bits_per_second":	90585103.628421947,
					"omitted":	false,
					"sender":	true
				}],
			"sum":	{
				"start":	5.000709,
				"end":	6.000037,
				"seconds":	0.99932801723480225,
				"bytes":	11315529,
				"bits_per_second":	90585103.628421947,
				"omitted":	false,
				"sender":	true
			}
		}, {
			"streams":	[{
					"socket":	7,
					"start":	6.000037,
					"end":	7.000411,
					"seconds":	1.0003739595413208,
					"bytes":	11865237,
					"bits_per_second":	94886412.320770949,
					"omitted":	false,
					"sender":	true
				}],
			"sum":	{
				"start":	6.000037,
				"end":	7.000411,
				"seconds":	1.0003739595413208,
				"bytes":	11865237,
				"bits_per_second":	94886412.320770949,
				"omitted":	false,
				"sender":	true
			}
		}, {
			"streams":	[{
					"socket":	7,
					"start":	7.000411,
					"end":	8.000035,
					"seconds":	0.99962401390075684,
					"bytes":	12208354,
					"bits_per_second":	97703567.183107316,
					"omitted":	false,
					"sender":	true
				}],
			"sum":	{
				"start":	7.000411,
				"end":	8.000035,
				"seconds":	0.99962401390075684,
				"bytes":	12208354,
				"bits_per_second":	97703567.183107316,
				"omitted":	false,
				"sender":	true
			}
		}, {
			"streams":	[{
					"socket":	7,
					"start":	8.000035,
					"end":	9.000277,
					"seconds":	1.0002419948577881,
					"bytes":	11762538,
					"bits_per_second":	94077537.719638482,
					"omitted":	false,
					"sender":	true
				}],
			"sum":	{
				"start":	8.000035,
				"end":	9.000277,
				"seconds":	1.0002419948577881,
				"bytes":	11762538,
				"bits_per_second":	94077537.719638482,
				"omitted":	false,
				"sender":	true
			}
		}, {
			"streams":	[{
					"socket":	7,
					"start":	9.000277,
					"end":	10.000053,
					"seconds":	0.99977600574493408,
					"bytes":	11951358,
					"bits_per_second":	95632285.082457289,
					"omitted":	false,
					"sender":	true
				}],
			"sum":	{
				"start":	9.000277,
				"end":	10.000053,
				"seconds":	0.99977600574493408,
				"bytes":	11951358,
				"bits_per_second":	95632285.082457289,
				"omitted":	false,
				"sender":	true
			}
		}],
	"end":	{
		"streams":	[{
				"sender":	{
					"socket":	7,
					"start":	0,
					"end":	10.000053,
					"seconds":	10.000053,
					"bytes":	97276541,
					"bits_per_second":	77820820.349652156,
					"sender":	true
				},
				"receiver":	{
					"socket":	7,
					"start":	0,
					"end":	10.180541,
					"seconds":	10.000053,
					"bytes":	97275174,
					"bits_per_second":	76440082.309967622,
					"sender":	true
				}
			}],
		"sum_sent":	{
			"start":	0,
			"end":	10.000053,
			"seconds":	10.000053,
			"bytes":	97276541,
			"bits_per_second":	77820820.349652156,
			"sender":	true
		},
		"sum_received":	{
			"start":	0,
			"end":	10.180541,
			"seconds":	10.180541,
			"bytes":	97275174,
			"bits_per_second":	76440082.309967622,
			"sender":	true
		},
		"cpu_utilization_percent":	{
			"host_total":	7.5682437869548576,
			"host_user":	1.2024017052825542,
			"host_system":	6.3657236238365957,
			"remote_total":	2.8959163842331868,
			"remote_user":	0.54476775132210331,
			"remote_system":	2.351140440298837
		},
		"receiver_tcp_congestion":	"cubic"
	}
}
