{
	"start":	{
		"connected":	[{
				"socket":	7,
				"local_host":	"10.145.69.251",
				"local_port":	63528,
				"remote_host":	"89.84.1.222",
				"remote_port":	5202
			}],
		"version":	"iperf 3.7",
		"system_info":	"Darwin SAMAC135.local 18.0.0 Darwin Kernel Version 18.0.0: Wed Aug 22 20:13:40 PDT 2018; root:xnu-4903.201.2~1/RELEASE_X86_64 x86_64",
		"timestamp":	{
			"time":	"Tue, 10 Mar 2020 14:04:56 UTC",
			"timesecs":	1583849096
		},
		"connecting_to":	{
			"host":	"bouygues.iperf.fr",
			"port":	5202
		},
		"cookie":	"yqrs6ni7oqig7sqgz6zlfai73lplcz4xzfnu",
		"tcp_mss_default":	1367,
		"sock_bufsize":	0,
		"sndbuf_actual":	131072,
		"rcvbuf_actual":	131072,
		"test_start":	{
			"protocol":	"TCP",
			"num_streams":	1,
			"blksize":	131072,
			"omit":	0,
			"duration":	10,
			"bytes":	0,
			"blocks":	0,
			"reverse":	0,
			"tos":	0
		}
	},
	"intervals":	[{
			"streams":	[{
					"socket":	7,
					"start":	0,
					"end":	1.001036,
					"seconds":	1.0010360479354858,
					"bytes":	191380,
					"bits_per_second":	1529455.410879141,
					"omitted":	false,
					"sender":	true
				}],
			"sum":	{
				"start":	0,
				"end":	1.001036,
				"seconds":	1.0010360479354858,
				"bytes":	191380,
				"bits_per_second":	1529455.410879141,
				"omitted":	false,
				"sender":	true
			}
		}, {
			"streams":	[{
					"socket":	7,
					"start":	1.001036,
					"end":	2.000253,
					"seconds":	0.99921697378158569,
					"bytes":	2670745,
					"bits_per_second":	21382703.21723967,
					"omitted":	false,
					"sender":	true
				}],
			"sum":	{
				"start":	1.001036,
				"end":	2.000253,
				"seconds":	0.99921697378158569,
				"bytes":	2670745,
				"bits_per_second":	21382703.21723967,
				"omitted":	false,
				"sender":	true
			}
		}, {
			"streams":	[{
					"socket":	7,
					"start":	2.000253,
					"end":	3.00074,
					"seconds":	1.0004869699478149,
					"bytes":	9766917,
					"bits_per_second":	78097304.959479392,
					"omitted":	false,
					"sender":	true
				}],
			"sum":	{
				"start":	2.000253,
				"end":	3.00074,
				"seconds":	1.0004869699478149,
				"bytes":	9766917,
				"bits_per_second":	78097304.959479392,
				"omitted":	false,
				"sender":	true
			}
		}, {
			"streams":	[{
					"socket":	7,
					"start":	3.00074,
					"end":	4.00011,
					"seconds":	0.99936997890472412,
					"bytes":	10484393,
					"bits_per_second":	83928020.423351452,
					"omitted":	false,
					"sender":	true
				}],
			"sum":	{
				"start":	3.00074,
				"end":	4.00011,
				"seconds":	0.99936997890472412,
				"bytes":	10484393,
				"bits_per_second":	83928020.423351452,
				"omitted":	false,
				"sender":	true
			}
		}, {
			"streams":	[{
					"socket":	7,
					"start":	4.00011,
					"end":	5.003623,
					"seconds":	1.003512978553772,
					"bytes":	569865,
					"bits_per_second":	4542960.6765725715,
					"omitted":	false,
					"sender":	true
				}],
			"sum":	{
				"start":	4.00011,
				"end":	5.003623,
				"seconds":	1.003512978553772,
				"bytes":	569865,
				"bits_per_second":	4542960.6765725715,
				"omitted":	false,
				"sender":	true
			}
		}, {
			"streams":	[{
					"socket":	7,
					"start":	5.003623,
					"end":	6.000575,
					"seconds":	0.99695199728012085,
					"bytes":	0,
					"bits_per_second":	0,
					"omitted":	false,
					"sender":	true
				}],
			"sum":	{
				"start":	5.003623,
				"end":	6.000575,
				"seconds":	0.99695199728012085,
				"bytes":	0,
				"bits_per_second":	0,
				"omitted":	false,
				"sender":	true
			}
		}, {
			"streams":	[{
					"socket":	7,
					"start":	6.000575,
					"end":	7.003433,
					"seconds":	1.00285804271698,
					"bytes":	0,
					"bits_per_second":	0,
					"omitted":	false,
					"sender":	true
				}],
			"sum":	{
				"start":	6.000575,
				"end":	7.003433,
				"seconds":	1.00285804271698,
				"bytes":	0,
				"bits_per_second":	0,
				"omitted":	false,
				"sender":	true
			}
		}, {
			"streams":	[{
					"socket":	7,
					"start":	7.003433,
					"end":	8.004516,
					"seconds":	1.0010830163955688,
					"bytes":	0,
					"bits_per_second":	0,
					"omitted":	false,
					"sender":	true
				}],
			"sum":	{
				"start":	7.003433,
				"end":	8.004516,
				"seconds":	1.0010830163955688,
				"bytes":	0,
				"bits_per_second":	0,
				"omitted":	false,
				"sender":	true
			}
		}, {
			"streams":	[{
					"socket":	7,
					"start":	8.004516,
					"end":	9.000454,
					"seconds":	0.9959380030632019,
					"bytes":	0,
					"bits_per_second":	0,
					"omitted":	false,
					"sender":	true
				}],
			"sum":	{
				"start":	8.004516,
				"end":	9.000454,
				"seconds":	0.9959380030632019,
				"bytes":	0,
				"bits_per_second":	0,
				"omitted":	false,
				"sender":	true
			}
		}, {
			"streams":	[{
					"socket":	7,
					"start":	9.000454,
					"end":	10.004709,
					"seconds":	1.0042550563812256,
					"bytes":	0,
					"bits_per_second":	0,
					"omitted":	false,
					"sender":	true
				}],
			"sum":	{
				"start":	9.000454,
				"end":	10.004709,
				"seconds":	1.0042550563812256,
				"bytes":	0,
				"bits_per_second":	0,
				"omitted":	false,
				"sender":	true
			}
		}],
	"end":	{
		"streams":	[{
				"sender":	{
					"socket":	7,
					"start":	0,
					"end":	10.004709,
					"seconds":	10.004709,
					"bytes":	23683300,
					"bits_per_second":	18937722.226603493,
					"sender":	true
				},
				"receiver":	{
					"socket":	7,
					"start":	0,
					"end":	10.178982,
					"seconds":	10.004709,
					"bytes":	22867201,
					"bits_per_second":	17972092.690605015,
					"sender":	true
				}
			}],
		"sum_sent":	{
			"start":	0,
			"end":	10.004709,
			"seconds":	10.004709,
			"bytes":	23683300,
			"bits_per_second":	18937722.226603493,
			"sender":	true
		},
		"sum_received":	{
			"start":	0,
			"end":	10.178982,
			"seconds":	10.178982,
			"bytes":	22867201,
			"bits_per_second":	17972092.690605015,
			"sender":	true
		},
		"cpu_utilization_percent":	{
			"host_total":	4.0452809406188575,
			"host_user":	0.890782396227348,
			"host_system":	3.1544066325085343,
			"remote_total":	0.61844377664681838,
			"remote_user":	0.01457484704193689,
			"remote_system":	0.60386892960488159
		},
		"receiver_tcp_congestion":	"cubic"
	}
}
