{
	"start":	{
		"connected":	[{
				"socket":	7,
				"local_host":	"10.145.69.251",
				"local_port":	63787,
				"remote_host":	"89.84.1.222",
				"remote_port":	5202
			}],
		"version":	"iperf 3.7",
		"system_info":	"Darwin SAMAC135.local 18.0.0 Darwin Kernel Version 18.0.0: Wed Aug 22 20:13:40 PDT 2018; root:xnu-4903.201.2~1/RELEASE_X86_64 x86_64",
		"timestamp":	{
			"time":	"Tue, 10 Mar 2020 14:14:09 UTC",
			"timesecs":	1583849649
		},
		"connecting_to":	{
			"host":	"bouygues.iperf.fr",
			"port":	5202
		},
		"cookie":	"zyzlme4f7kkhudj3whzmbd4ydaxzcslihgov",
		"tcp_mss_default":	1367,
		"sock_bufsize":	0,
		"sndbuf_actual":	131072,
		"rcvbuf_actual":	131072,
		"test_start":	{
			"protocol":	"TCP",
			"num_streams":	1,
			"blksize":	131072,
			"omit":	0,
			"duration":	10,
			"bytes":	0,
			"blocks":	0,
			"reverse":	0,
			"tos":	0
		}
	},
	"intervals":	[{
			"streams":	[{
					"socket":	7,
					"start":	0,
					"end":	1.003926,
					"seconds":	1.0039260387420654,
					"bytes":	159939,
					"bits_per_second":	1274508.2313068081,
					"omitted":	false,
					"sender":	true
				}],
			"sum":	{
				"start":	0,
				"end":	1.003926,
				"seconds":	1.0039260387420654,
				"bytes":	159939,
				"bits_per_second":	1274508.2313068081,
				"omitted":	false,
				"sender":	true
			}
		}, {
			"streams":	[{
					"socket":	7,
					"start":	1.003926,
					"end":	2.003935,
					"seconds":	1.0000089406967163,
					"bytes":	2010914,
					"bits_per_second":	16087168.169508372,
					"omitted":	false,
					"sender":	true
				}],
			"sum":	{
				"start":	1.003926,
				"end":	2.003935,
				"seconds":	1.0000089406967163,
				"bytes":	2010914,
				"bits_per_second":	16087168.169508372,
				"omitted":	false,
				"sender":	true
			}
		}, {
			"streams":	[{
					"socket":	7,
					"start":	2.003935,
					"end":	3.00074,
					"seconds":	0.99680501222610474,
					"bytes":	9734872,
					"bits_per_second":	78128595.908719957,
					"omitted":	false,
					"sender":	true
				}],
			"sum":	{
				"start":	2.003935,
				"end":	3.00074,
				"seconds":	0.99680501222610474,
				"bytes":	9734872,
				"bits_per_second":	78128595.908719957,
				"omitted":	false,
				"sender":	true
			}
		}, {
			"streams":	[{
					"socket":	7,
					"start":	3.00074,
					"end":	4.000054,
					"seconds":	0.99931401014328,
					"bytes":	10991550,
					"bits_per_second":	87992762.142294392,
					"omitted":	false,
					"sender":	true
				}],
			"sum":	{
				"start":	3.00074,
				"end":	4.000054,
				"seconds":	0.99931401014328,
				"bytes":	10991550,
				"bits_per_second":	87992762.142294392,
				"omitted":	false,
				"sender":	true
			}
		}, {
			"streams":	[{
					"socket":	7,
					"start":	4.000054,
					"end":	5.000373,
					"seconds":	1.0003190040588379,
					"bytes":	12086691,
					"bits_per_second":	96662692.20884718,
					"omitted":	false,
					"sender":	true
				}],
			"sum":	{
				"start":	4.000054,
				"end":	5.000373,
				"seconds":	1.0003190040588379,
				"bytes":	12086691,
				"bits_per_second":	96662692.20884718,
				"omitted":	false,
				"sender":	true
			}
		}, {
			"streams":	[{
					"socket":	7,
					"start":	5.000373,
					"end":	6.000131,
					"seconds":	0.99975800514221191,
					"bytes":	12131802,
					"bits_per_second":	97077908.354626641,
					"omitted":	false,
					"sender":	true
				}],
			"sum":	{
				"start":	5.000373,
				"end":	6.000131,
				"seconds":	0.99975800514221191,
				"bytes":	12131802,
				"bits_per_second":	97077908.354626641,
				"omitted":	false,
				"sender":	true
			}
		}, {
			"streams":	[{
					"socket":	7,
					"start":	6.000131,
					"end":	7.000231,
					"seconds":	1.0001000165939331,
					"bytes":	11639508,
					"bits_per_second":	93106751.77981481,
					"omitted":	false,
					"sender":	true
				}],
			"sum":	{
				"start":	6.000131,
				"end":	7.000231,
				"seconds":	1.0001000165939331,
				"bytes":	11639508,
				"bits_per_second":	93106751.77981481,
				"omitted":	false,
				"sender":	true
			}
		}, {
			"streams":	[{
					"socket":	7,
					"start":	7.000231,
					"end":	8.000187,
					"seconds":	0.99995601177215576,
					"bytes":	11984166,
					"bits_per_second":	95877545.48331587,
					"omitted":	false,
					"sender":	true
				}],
			"sum":	{
				"start":	7.000231,
				"end":	8.000187,
				"seconds":	0.99995601177215576,
				"bytes":	11984166,
				"bits_per_second":	95877545.48331587,
				"omitted":	false,
				"sender":	true
			}
		}, {
			"streams":	[{
					"socket":	7,
					"start":	8.000187,
					"end":	9.000057,
					"seconds":	0.99987000226974487,
					"bytes":	12107196,
					"bits_per_second":	96870160.901046589,
					"omitted":	false,
					"sender":	true
				}],
			"sum":	{
				"start":	8.000187,
				"end":	9.000057,
				"seconds":	0.99987000226974487,
				"bytes":	12107196,
				"bits_per_second":	96870160.901046589,
				"omitted":	false,
				"sender":	true
			}
		}, {
			"streams":	[{
					"socket":	7,
					"start":	9.000057,
					"end":	10.000203,
					"seconds":	1.0001460313796997,
					"bytes":	11847292,
					"bits_per_second":	94764497.409696713,
					"omitted":	false,
					"sender":	true
				}],
			"sum":	{
				"start":	9.000057,
				"end":	10.000203,
				"seconds":	1.0001460313796997,
				"bytes":	11847292,
				"bits_per_second":	94764497.409696713,
				"omitted":	false,
				"sender":	true
			}
		}],
	"end":	{
		"streams":	[{
				"sender":	{
					"socket":	7,
					"start":	0,
					"end":	10.000203,
					"seconds":	10.000203,
					"bytes":	94693930,
					"bits_per_second":	75753606.2017941,
					"sender":	true
				},
				"receiver":	{
					"socket":	7,
					"start":	0,
					"end":	10.188863,
					"seconds":	10.000203,
					"bytes":	94693930,
					"bits_per_second":	74350930.030171186,
					"sender":	true
				}
			}],
		"sum_sent":	{
			"start":	0,
			"end":	10.000203,
			"seconds":	10.000203,
			"bytes":	94693930,
			"bits_per_second":	75753606.2017941,
			"sender":	true
		},
		"sum_received":	{
			"start":	0,
			"end":	10.188863,
			"seconds":	10.188863,
			"bytes":	94693930,
			"bits_per_second":	74350930.030171186,
			"sender":	true
		},
		"cpu_utilization_percent":	{
			"host_total":	7.4178875682113423,
			"host_user":	1.3565654228725017,
			"host_system":	6.06125795613695,
			"remote_total":	2.7720897209452668,
			"remote_user":	0.54489042613630756,
			"remote_system":	2.2272075237932851
		},
		"receiver_tcp_congestion":	"cubic"
	}
}
