{
	"start":	{
		"connected":	[{
				"socket":	7,
				"local_host":	"10.145.69.251",
				"local_port":	63592,
				"remote_host":	"89.84.1.222",
				"remote_port":	5202
			}],
		"version":	"iperf 3.7",
		"system_info":	"Darwin SAMAC135.local 18.0.0 Darwin Kernel Version 18.0.0: Wed Aug 22 20:13:40 PDT 2018; root:xnu-4903.201.2~1/RELEASE_X86_64 x86_64",
		"timestamp":	{
			"time":	"Tue, 10 Mar 2020 14:07:30 UTC",
			"timesecs":	1583849250
		},
		"connecting_to":	{
			"host":	"bouygues.iperf.fr",
			"port":	5202
		},
		"cookie":	"4kw6332qb7n3l55ej3re4fpipmdzojw6rl2e",
		"tcp_mss_default":	1367,
		"sock_bufsize":	0,
		"sndbuf_actual":	131072,
		"rcvbuf_actual":	131072,
		"test_start":	{
			"protocol":	"TCP",
			"num_streams":	1,
			"blksize":	131072,
			"omit":	0,
			"duration":	10,
			"bytes":	0,
			"blocks":	0,
			"reverse":	0,
			"tos":	0
		}
	},
	"intervals":	[{
			"streams":	[{
					"socket":	7,
					"start":	0,
					"end":	1.000085,
					"seconds":	1.0000849962234497,
					"bytes":	191380,
					"bits_per_second":	1530909.8784418907,
					"omitted":	false,
					"sender":	true
				}],
			"sum":	{
				"start":	0,
				"end":	1.000085,
				"seconds":	1.0000849962234497,
				"bytes":	191380,
				"bits_per_second":	1530909.8784418907,
				"omitted":	false,
				"sender":	true
			}
		}, {
			"streams":	[{
					"socket":	7,
					"start":	1.000085,
					"end":	2.001738,
					"seconds":	1.0016529560089111,
					"bytes":	3005320,
					"bits_per_second":	24002884.288184647,
					"omitted":	false,
					"sender":	true
				}],
			"sum":	{
				"start":	1.000085,
				"end":	2.001738,
				"seconds":	1.0016529560089111,
				"bytes":	3005320,
				"bits_per_second":	24002884.288184647,
				"omitted":	false,
				"sender":	true
			}
		}, {
			"streams":	[{
					"socket":	7,
					"start":	2.001738,
					"end":	3.000784,
					"seconds":	0.99904602766036987,
					"bytes":	0,
					"bits_per_second":	0,
					"omitted":	false,
					"sender":	true
				}],
			"sum":	{
				"start":	2.001738,
				"end":	3.000784,
				"seconds":	0.99904602766036987,
				"bytes":	0,
				"bits_per_second":	0,
				"omitted":	false,
				"sender":	true
			}
		}, {
			"streams":	[{
					"socket":	7,
					"start":	3.000784,
					"end":	4.004017,
					"seconds":	1.0032329559326172,
					"bytes":	1830246,
					"bits_per_second":	14594783.707427807,
					"omitted":	false,
					"sender":	true
				}],
			"sum":	{
				"start":	3.000784,
				"end":	4.004017,
				"seconds":	1.0032329559326172,
				"bytes":	1830246,
				"bits_per_second":	14594783.707427807,
				"omitted":	false,
				"sender":	true
			}
		}, {
			"streams":	[{
					"socket":	7,
					"start":	4.004017,
					"end":	5.001489,
					"seconds":	0.99747198820114136,
					"bytes":	4599725,
					"bits_per_second":	36891061.0375754,
					"omitted":	false,
					"sender":	true
				}],
			"sum":	{
				"start":	4.004017,
				"end":	5.001489,
				"seconds":	0.99747198820114136,
				"bytes":	4599725,
				"bits_per_second":	36891061.0375754,
				"omitted":	false,
				"sender":	true
			}
		}, {
			"streams":	[{
					"socket":	7,
					"start":	5.001489,
					"end":	6.000247,
					"seconds":	0.99875801801681519,
					"bytes":	4512337,
					"bits_per_second":	36143585.682225019,
					"omitted":	false,
					"sender":	true
				}],
			"sum":	{
				"start":	5.001489,
				"end":	6.000247,
				"seconds":	0.99875801801681519,
				"bytes":	4512337,
				"bits_per_second":	36143585.682225019,
				"omitted":	false,
				"sender":	true
			}
		}, {
			"streams":	[{
					"socket":	7,
					"start":	6.000247,
					"end":	7.000328,
					"seconds":	1.000080943107605,
					"bytes":	4545275,
					"bits_per_second":	36359256.968750738,
					"omitted":	false,
					"sender":	true
				}],
			"sum":	{
				"start":	6.000247,
				"end":	7.000328,
				"seconds":	1.000080943107605,
				"bytes":	4545275,
				"bits_per_second":	36359256.968750738,
				"omitted":	false,
				"sender":	true
			}
		}, {
			"streams":	[{
					"socket":	7,
					"start":	7.000328,
					"end":	8.004511,
					"seconds":	1.0041830539703369,
					"bytes":	5175392,
					"bits_per_second":	41230665.899310254,
					"omitted":	false,
					"sender":	true
				}],
			"sum":	{
				"start":	7.000328,
				"end":	8.004511,
				"seconds":	1.0041830539703369,
				"bytes":	5175392,
				"bits_per_second":	41230665.899310254,
				"omitted":	false,
				"sender":	true
			}
		}, {
			"streams":	[{
					"socket":	7,
					"start":	8.004511,
					"end":	9.000019,
					"seconds":	0.99550801515579224,
					"bytes":	5035968,
					"bits_per_second":	40469532.526762389,
					"omitted":	false,
					"sender":	true
				}],
			"sum":	{
				"start":	8.004511,
				"end":	9.000019,
				"seconds":	0.99550801515579224,
				"bytes":	5035968,
				"bits_per_second":	40469532.526762389,
				"omitted":	false,
				"sender":	true
			}
		}, {
			"streams":	[{
					"socket":	7,
					"start":	9.000019,
					"end":	10.000292,
					"seconds":	1.0002729892730713,
					"bytes":	4732554,
					"bits_per_second":	37850099.328898527,
					"omitted":	false,
					"sender":	true
				}],
			"sum":	{
				"start":	9.000019,
				"end":	10.000292,
				"seconds":	1.0002729892730713,
				"bytes":	4732554,
				"bits_per_second":	37850099.328898527,
				"omitted":	false,
				"sender":	true
			}
		}],
	"end":	{
		"streams":	[{
				"sender":	{
					"socket":	7,
					"start":	0,
					"end":	10.000292,
					"seconds":	10.000292,
					"bytes":	33628197,
					"bits_per_second":	26901772.068255607,
					"sender":	true
				},
				"receiver":	{
					"socket":	7,
					"start":	0,
					"end":	10.172851,
					"seconds":	10.000292,
					"bytes":	32682236,
					"bits_per_second":	25701535.194017883,
					"sender":	true
				}
			}],
		"sum_sent":	{
			"start":	0,
			"end":	10.000292,
			"seconds":	10.000292,
			"bytes":	33628197,
			"bits_per_second":	26901772.068255607,
			"sender":	true
		},
		"sum_received":	{
			"start":	0,
			"end":	10.172851,
			"seconds":	10.172851,
			"bytes":	32682236,
			"bits_per_second":	25701535.194017883,
			"sender":	true
		},
		"cpu_utilization_percent":	{
			"host_total":	4.7461652933035285,
			"host_user":	1.0873518562432725,
			"host_system":	3.6586294675388542,
			"remote_total":	1.0168894196190876,
			"remote_user":	0.25729284289499,
			"remote_system":	0.75959657672409764
		},
		"receiver_tcp_congestion":	"cubic"
	}
}
