{
	"start":	{
		"connected":	[{
				"socket":	7,
				"local_host":	"10.145.69.251",
				"local_port":	63401,
				"remote_host":	"89.84.1.222",
				"remote_port":	5202
			}],
		"version":	"iperf 3.7",
		"system_info":	"Darwin SAMAC135.local 18.0.0 Darwin Kernel Version 18.0.0: Wed Aug 22 20:13:40 PDT 2018; root:xnu-4903.201.2~1/RELEASE_X86_64 x86_64",
		"timestamp":	{
			"time":	"Tue, 10 Mar 2020 13:59:30 UTC",
			"timesecs":	1583848770
		},
		"connecting_to":	{
			"host":	"bouygues.iperf.fr",
			"port":	5202
		},
		"cookie":	"jf2oulevlwtvhzjtve3xs3yvd3juzfugg4e2",
		"tcp_mss_default":	1367,
		"sock_bufsize":	0,
		"sndbuf_actual":	131072,
		"rcvbuf_actual":	131072,
		"test_start":	{
			"protocol":	"TCP",
			"num_streams":	1,
			"blksize":	131072,
			"omit":	0,
			"duration":	10,
			"bytes":	0,
			"blocks":	0,
			"reverse":	0,
			"tos":	0
		}
	},
	"intervals":	[{
			"streams":	[{
					"socket":	7,
					"start":	0,
					"end":	1.004769,
					"seconds":	1.004768967628479,
					"bytes":	188646,
					"bits_per_second":	1502004.9868399464,
					"omitted":	false,
					"sender":	true
				}],
			"sum":	{
				"start":	0,
				"end":	1.004769,
				"seconds":	1.004768967628479,
				"bytes":	188646,
				"bits_per_second":	1502004.9868399464,
				"omitted":	false,
				"sender":	true
			}
		}, {
			"streams":	[{
					"socket":	7,
					"start":	1.004769,
					"end":	2.004388,
					"seconds":	0.9996190071105957,
					"bytes":	2197963,
					"bits_per_second":	17590405.819538981,
					"omitted":	false,
					"sender":	true
				}],
			"sum":	{
				"start":	1.004769,
				"end":	2.004388,
				"seconds":	0.9996190071105957,
				"bytes":	2197963,
				"bits_per_second":	17590405.819538981,
				"omitted":	false,
				"sender":	true
			}
		}, {
			"streams":	[{
					"socket":	7,
					"start":	2.004388,
					"end":	3.000157,
					"seconds":	0.99576902389526367,
					"bytes":	10026447,
					"bits_per_second":	80552391.2425265,
					"omitted":	false,
					"sender":	true
				}],
			"sum":	{
				"start":	2.004388,
				"end":	3.000157,
				"seconds":	0.99576902389526367,
				"bytes":	10026447,
				"bits_per_second":	80552391.2425265,
				"omitted":	false,
				"sender":	true
			}
		}, {
			"streams":	[{
					"socket":	7,
					"start":	3.000157,
					"end":	4.000645,
					"seconds":	1.0004880428314209,
					"bytes":	10715416,
					"bits_per_second":	85681511.75240393,
					"omitted":	false,
					"sender":	true
				}],
			"sum":	{
				"start":	3.000157,
				"end":	4.000645,
				"seconds":	1.0004880428314209,
				"bytes":	10715416,
				"bits_per_second":	85681511.75240393,
				"omitted":	false,
				"sender":	true
			}
		}, {
			"streams":	[{
					"socket":	7,
					"start":	4.000645,
					"end":	5.000357,
					"seconds":	0.99971199035644531,
					"bytes":	11824053,
					"bits_per_second":	94619675.378979161,
					"omitted":	false,
					"sender":	true
				}],
			"sum":	{
				"start":	4.000645,
				"end":	5.000357,
				"seconds":	0.99971199035644531,
				"bytes":	11824053,
				"bits_per_second":	94619675.378979161,
				"omitted":	false,
				"sender":	true
			}
		}, {
			"streams":	[{
					"socket":	7,
					"start":	5.000357,
					"end":	6.000081,
					"seconds":	0.99972397089004517,
					"bytes":	11302033,
					"bits_per_second":	90441228.411781728,
					"omitted":	false,
					"sender":	true
				}],
			"sum":	{
				"start":	5.000357,
				"end":	6.000081,
				"seconds":	0.99972397089004517,
				"bytes":	11302033,
				"bits_per_second":	90441228.411781728,
				"omitted":	false,
				"sender":	true
			}
		}, {
			"streams":	[{
					"socket":	7,
					"start":	6.000081,
					"end":	7.000323,
					"seconds":	1.0002419948577881,
					"bytes":	11814484,
					"bits_per_second":	94493005.178649828,
					"omitted":	false,
					"sender":	true
				}],
			"sum":	{
				"start":	6.000081,
				"end":	7.000323,
				"seconds":	1.0002419948577881,
				"bytes":	11814484,
				"bits_per_second":	94493005.178649828,
				"omitted":	false,
				"sender":	true
			}
		}, {
			"streams":	[{
					"socket":	7,
					"start":	7.000323,
					"end":	8.000033,
					"seconds":	0.99971002340316772,
					"bytes":	11464706,
					"bits_per_second":	91744251.685882792,
					"omitted":	false,
					"sender":	true
				}],
			"sum":	{
				"start":	7.000323,
				"end":	8.000033,
				"seconds":	0.99971002340316772,
				"bytes":	11464706,
				"bits_per_second":	91744251.685882792,
				"omitted":	false,
				"sender":	true
			}
		}, {
			"streams":	[{
					"socket":	7,
					"start":	8.000033,
					"end":	9.000296,
					"seconds":	1.000262975692749,
					"bytes":	11669582,
					"bits_per_second":	93332111.923211262,
					"omitted":	false,
					"sender":	true
				}],
			"sum":	{
				"start":	8.000033,
				"end":	9.000296,
				"seconds":	1.000262975692749,
				"bytes":	11669582,
				"bits_per_second":	93332111.923211262,
				"omitted":	false,
				"sender":	true
			}
		}, {
			"streams":	[{
					"socket":	7,
					"start":	9.000296,
					"end":	10.000292,
					"seconds":	0.9999960064888,
					"bytes":	11610815,
					"bits_per_second":	92886890.944839314,
					"omitted":	false,
					"sender":	true
				}],
			"sum":	{
				"start":	9.000296,
				"end":	10.000292,
				"seconds":	0.9999960064888,
				"bytes":	11610815,
				"bits_per_second":	92886890.944839314,
				"omitted":	false,
				"sender":	true
			}
		}],
	"end":	{
		"streams":	[{
				"sender":	{
					"socket":	7,
					"start":	0,
					"end":	10.000292,
					"seconds":	10.000292,
					"bytes":	92814145,
					"bits_per_second":	74249147.9248806,
					"sender":	true
				},
				"receiver":	{
					"socket":	7,
					"start":	0,
					"end":	10.173508,
					"seconds":	10.000292,
					"bytes":	92803209,
					"bits_per_second":	72976368.819880024,
					"sender":	true
				}
			}],
		"sum_sent":	{
			"start":	0,
			"end":	10.000292,
			"seconds":	10.000292,
			"bytes":	92814145,
			"bits_per_second":	74249147.9248806,
			"sender":	true
		},
		"sum_received":	{
			"start":	0,
			"end":	10.173508,
			"seconds":	10.173508,
			"bytes":	92803209,
			"bits_per_second":	72976368.819880024,
			"sender":	true
		},
		"cpu_utilization_percent":	{
			"host_total":	8.56275785683601,
			"host_user":	1.3448059681856983,
			"host_system":	7.2178324573198367,
			"remote_total":	3.179848780972367,
			"remote_user":	0.98401281597237045,
			"remote_system":	2.1958442222885193
		},
		"receiver_tcp_congestion":	"cubic"
	}
}
