{
	"start":	{
		"connected":	[{
				"socket":	7,
				"local_host":	"10.145.69.251",
				"local_port":	63465,
				"remote_host":	"89.84.1.222",
				"remote_port":	5202
			}],
		"version":	"iperf 3.7",
		"system_info":	"Darwin SAMAC135.local 18.0.0 Darwin Kernel Version 18.0.0: Wed Aug 22 20:13:40 PDT 2018; root:xnu-4903.201.2~1/RELEASE_X86_64 x86_64",
		"timestamp":	{
			"time":	"Tue, 10 Mar 2020 14:03:00 UTC",
			"timesecs":	1583848980
		},
		"connecting_to":	{
			"host":	"bouygues.iperf.fr",
			"port":	5202
		},
		"cookie":	"jzv4vsqg36s7g7777ljhkzwfbvde3grcmuf4",
		"tcp_mss_default":	1367,
		"sock_bufsize":	0,
		"sndbuf_actual":	131072,
		"rcvbuf_actual":	131072,
		"test_start":	{
			"protocol":	"TCP",
			"num_streams":	1,
			"blksize":	131072,
			"omit":	0,
			"duration":	10,
			"bytes":	0,
			"blocks":	0,
			"reverse":	0,
			"tos":	0
		}
	},
	"intervals":	[{
			"streams":	[{
					"socket":	7,
					"start":	0,
					"end":	1.004192,
					"seconds":	1.0041919946670532,
					"bytes":	191380,
					"bits_per_second":	1524648.6808607022,
					"omitted":	false,
					"sender":	true
				}],
			"sum":	{
				"start":	0,
				"end":	1.004192,
				"seconds":	1.0041919946670532,
				"bytes":	191380,
				"bits_per_second":	1524648.6808607022,
				"omitted":	false,
				"sender":	true
			}
		}, {
			"streams":	[{
					"socket":	7,
					"start":	1.004192,
					"end":	2.000317,
					"seconds":	0.9961249828338623,
					"bytes":	2545081,
					"bits_per_second":	20439852.780397367,
					"omitted":	false,
					"sender":	true
				}],
			"sum":	{
				"start":	1.004192,
				"end":	2.000317,
				"seconds":	0.9961249828338623,
				"bytes":	2545081,
				"bits_per_second":	20439852.780397367,
				"omitted":	false,
				"sender":	true
			}
		}, {
			"streams":	[{
					"socket":	7,
					"start":	2.000317,
					"end":	3.004768,
					"seconds":	1.0044510364532471,
					"bytes":	8861689,
					"bits_per_second":	70579360.692709878,
					"omitted":	false,
					"sender":	true
				}],
			"sum":	{
				"start":	2.000317,
				"end":	3.004768,
				"seconds":	1.0044510364532471,
				"bytes":	8861689,
				"bits_per_second":	70579360.692709878,
				"omitted":	false,
				"sender":	true
			}
		}, {
			"streams":	[{
					"socket":	7,
					"start":	3.004768,
					"end":	4.000481,
					"seconds":	0.9957129955291748,
					"bytes":	12570609,
					"bits_per_second":	100997850.23550333,
					"omitted":	false,
					"sender":	true
				}],
			"sum":	{
				"start":	3.004768,
				"end":	4.000481,
				"seconds":	0.9957129955291748,
				"bytes":	12570609,
				"bits_per_second":	100997850.23550333,
				"omitted":	false,
				"sender":	true
			}
		}, {
			"streams":	[{
					"socket":	7,
					"start":	4.000481,
					"end":	5.000217,
					"seconds":	0.99973601102828979,
					"bytes":	11156957,
					"bits_per_second":	89279224.730731755,
					"omitted":	false,
					"sender":	true
				}],
			"sum":	{
				"start":	4.000481,
				"end":	5.000217,
				"seconds":	0.99973601102828979,
				"bytes":	11156957,
				"bits_per_second":	89279224.730731755,
				"omitted":	false,
				"sender":	true
			}
		}, {
			"streams":	[{
					"socket":	7,
					"start":	5.000217,
					"end":	6.000147,
					"seconds":	0.99993002414703369,
					"bytes":	11952725,
					"bits_per_second":	95628491.685273558,
					"omitted":	false,
					"sender":	true
				}],
			"sum":	{
				"start":	5.000217,
				"end":	6.000147,
				"seconds":	0.99993002414703369,
				"bytes":	11952725,
				"bits_per_second":	95628491.685273558,
				"omitted":	false,
				"sender":	true
			}
		}, {
			"streams":	[{
					"socket":	7,
					"start":	6.000147,
					"end":	7.000396,
					"seconds":	1.0002490282058716,
					"bytes":	12256199,
					"bits_per_second":	98025180.965054035,
					"omitted":	false,
					"sender":	true
				}],
			"sum":	{
				"start":	6.000147,
				"end":	7.000396,
				"seconds":	1.0002490282058716,
				"bytes":	12256199,
				"bits_per_second":	98025180.965054035,
				"omitted":	false,
				"sender":	true
			}
		}, {
			"streams":	[{
					"socket":	7,
					"start":	7.000396,
					"end":	8.000697,
					"seconds":	1.0003010034561157,
					"bytes":	10899961,
					"bits_per_second":	87173448.490722761,
					"omitted":	false,
					"sender":	true
				}],
			"sum":	{
				"start":	7.000396,
				"end":	8.000697,
				"seconds":	1.0003010034561157,
				"bytes":	10899961,
				"bits_per_second":	87173448.490722761,
				"omitted":	false,
				"sender":	true
			}
		}, {
			"streams":	[{
					"socket":	7,
					"start":	8.000697,
					"end":	9.000057,
					"seconds":	0.99936002492904663,
					"bytes":	11761345,
					"bits_per_second":	94151014.3020583,
					"omitted":	false,
					"sender":	true
				}],
			"sum":	{
				"start":	8.000697,
				"end":	9.000057,
				"seconds":	0.99936002492904663,
				"bytes":	11761345,
				"bits_per_second":	94151014.3020583,
				"omitted":	false,
				"sender":	true
			}
		}, {
			"streams":	[{
					"socket":	7,
					"start":	9.000057,
					"end":	10.000168,
					"seconds":	1.0001109838485718,
					"bytes":	12343513,
					"bits_per_second":	98737145.771565273,
					"omitted":	false,
					"sender":	true
				}],
			"sum":	{
				"start":	9.000057,
				"end":	10.000168,
				"seconds":	1.0001109838485718,
				"bytes":	12343513,
				"bits_per_second":	98737145.771565273,
				"omitted":	false,
				"sender":	true
			}
		}],
	"end":	{
		"streams":	[{
				"sender":	{
					"socket":	7,
					"start":	0,
					"end":	10.000168,
					"seconds":	10.000168,
					"bytes":	94539459,
					"bits_per_second":	75630296.611016929,
					"sender":	true
				},
				"receiver":	{
					"socket":	7,
					"start":	0,
					"end":	10.176744,
					"seconds":	10.000168,
					"bytes":	94538092,
					"bits_per_second":	74316965.819322959,
					"sender":	true
				}
			}],
		"sum_sent":	{
			"start":	0,
			"end":	10.000168,
			"seconds":	10.000168,
			"bytes":	94539459,
			"bits_per_second":	75630296.611016929,
			"sender":	true
		},
		"sum_received":	{
			"start":	0,
			"end":	10.176744,
			"seconds":	10.176744,
			"bytes":	94538092,
			"bits_per_second":	74316965.819322959,
			"sender":	true
		},
		"cpu_utilization_percent":	{
			"host_total":	8.21029248658121,
			"host_user":	1.2623746162774181,
			"host_system":	6.9478350723359856,
			"remote_total":	2.07672275066474,
			"remote_user":	0.40436122605570468,
			"remote_system":	1.67236979020512
		},
		"receiver_tcp_congestion":	"cubic"
	}
}
