{
	"start":	{
		"connected":	[{
				"socket":	7,
				"local_host":	"10.145.69.251",
				"local_port":	63448,
				"remote_host":	"89.84.1.222",
				"remote_port":	5202
			}],
		"version":	"iperf 3.7",
		"system_info":	"Darwin SAMAC135.local 18.0.0 Darwin Kernel Version 18.0.0: Wed Aug 22 20:13:40 PDT 2018; root:xnu-4903.201.2~1/RELEASE_X86_64 x86_64",
		"timestamp":	{
			"time":	"Tue, 10 Mar 2020 14:02:09 UTC",
			"timesecs":	1583848929
		},
		"connecting_to":	{
			"host":	"bouygues.iperf.fr",
			"port":	5202
		},
		"cookie":	"4exqyhzhwoa2zf5rsohrijeeg773qfgdnelj",
		"tcp_mss_default":	1367,
		"sock_bufsize":	0,
		"sndbuf_actual":	131072,
		"rcvbuf_actual":	131072,
		"test_start":	{
			"protocol":	"TCP",
			"num_streams":	1,
			"blksize":	131072,
			"omit":	0,
			"duration":	10,
			"bytes":	0,
			"blocks":	0,
			"reverse":	0,
			"tos":	0
		}
	},
	"intervals":	[{
			"streams":	[{
					"socket":	7,
					"start":	0,
					"end":	1.002392,
					"seconds":	1.002392053604126,
					"bytes":	158572,
					"bits_per_second":	1265548.7395762994,
					"omitted":	false,
					"sender":	true
				}],
			"sum":	{
				"start":	0,
				"end":	1.002392,
				"seconds":	1.002392053604126,
				"bytes":	158572,
				"bits_per_second":	1265548.7395762994,
				"omitted":	false,
				"sender":	true
			}
		}, {
			"streams":	[{
					"socket":	7,
					"start":	1.002392,
					"end":	2.003533,
					"seconds":	1.0011409521102905,
					"bytes":	2885144,
					"bits_per_second":	23054847.52306613,
					"omitted":	false,
					"sender":	true
				}],
			"sum":	{
				"start":	1.002392,
				"end":	2.003533,
				"seconds":	1.0011409521102905,
				"bytes":	2885144,
				"bits_per_second":	23054847.52306613,
				"omitted":	false,
				"sender":	true
			}
		}, {
			"streams":	[{
					"socket":	7,
					"start":	2.003533,
					"end":	3.000261,
					"seconds":	0.99672800302505493,
					"bytes":	9694686,
					"bits_per_second":	77812088.919558957,
					"omitted":	false,
					"sender":	true
				}],
			"sum":	{
				"start":	2.003533,
				"end":	3.000261,
				"seconds":	0.99672800302505493,
				"bytes":	9694686,
				"bits_per_second":	77812088.919558957,
				"omitted":	false,
				"sender":	true
			}
		}, {
			"streams":	[{
					"socket":	7,
					"start":	3.000261,
					"end":	4.0003,
					"seconds":	1.0000389814376831,
					"bytes":	11591663,
					"bits_per_second":	92729689.2633966,
					"omitted":	false,
					"sender":	true
				}],
			"sum":	{
				"start":	3.000261,
				"end":	4.0003,
				"seconds":	1.0000389814376831,
				"bytes":	11591663,
				"bits_per_second":	92729689.2633966,
				"omitted":	false,
				"sender":	true
			}
		}, {
			"streams":	[{
					"socket":	7,
					"start":	4.0003,
					"end":	5.000128,
					"seconds":	0.99982798099517822,
					"bytes":	12326963,
					"bits_per_second":	98632670.693855673,
					"omitted":	false,
					"sender":	true
				}],
			"sum":	{
				"start":	4.0003,
				"end":	5.000128,
				"seconds":	0.99982798099517822,
				"bytes":	12326963,
				"bits_per_second":	98632670.693855673,
				"omitted":	false,
				"sender":	true
			}
		}, {
			"streams":	[{
					"socket":	7,
					"start":	5.000128,
					"end":	6.00008,
					"seconds":	0.99995201826095581,
					"bytes":	11384373,
					"bits_per_second":	91079354.14580293,
					"omitted":	false,
					"sender":	true
				}],
			"sum":	{
				"start":	5.000128,
				"end":	6.00008,
				"seconds":	0.99995201826095581,
				"bytes":	11384373,
				"bits_per_second":	91079354.14580293,
				"omitted":	false,
				"sender":	true
			}
		}, {
			"streams":	[{
					"socket":	7,
					"start":	6.00008,
					"end":	7.000069,
					"seconds":	0.99998897314071655,
					"bytes":	12336678,
					"bits_per_second":	98694512.290499076,
					"omitted":	false,
					"sender":	true
				}],
			"sum":	{
				"start":	6.00008,
				"end":	7.000069,
				"seconds":	0.99998897314071655,
				"bytes":	12336678,
				"bits_per_second":	98694512.290499076,
				"omitted":	false,
				"sender":	true
			}
		}, {
			"streams":	[{
					"socket":	7,
					"start":	7.000069,
					"end":	8.00047,
					"seconds":	1.0004010200500488,
					"bytes":	11825274,
					"bits_per_second":	94564269.831779227,
					"omitted":	false,
					"sender":	true
				}],
			"sum":	{
				"start":	7.000069,
				"end":	8.00047,
				"seconds":	1.0004010200500488,
				"bytes":	11825274,
				"bits_per_second":	94564269.831779227,
				"omitted":	false,
				"sender":	true
			}
		}, {
			"streams":	[{
					"socket":	7,
					"start":	8.00047,
					"end":	9.000595,
					"seconds":	1.0001250505447388,
					"bytes":	11451182,
					"bits_per_second":	91598001.620000437,
					"omitted":	false,
					"sender":	true
				}],
			"sum":	{
				"start":	8.00047,
				"end":	9.000595,
				"seconds":	1.0001250505447388,
				"bytes":	11451182,
				"bits_per_second":	91598001.620000437,
				"omitted":	false,
				"sender":	true
			}
		}, {
			"streams":	[{
					"socket":	7,
					"start":	9.000595,
					"end":	10.000911,
					"seconds":	1.0003160238265991,
					"bytes":	12577444,
					"bits_per_second":	100587763.86995277,
					"omitted":	false,
					"sender":	true
				}],
			"sum":	{
				"start":	9.000595,
				"end":	10.000911,
				"seconds":	1.0003160238265991,
				"bytes":	12577444,
				"bits_per_second":	100587763.86995277,
				"omitted":	false,
				"sender":	true
			}
		}],
	"end":	{
		"streams":	[{
				"sender":	{
					"socket":	7,
					"start":	0,
					"end":	10.000911,
					"seconds":	10.000911,
					"bytes":	96231979,
					"bits_per_second":	76978570.4522318,
					"sender":	true
				},
				"receiver":	{
					"socket":	7,
					"start":	0,
					"end":	10.174485,
					"seconds":	10.000911,
					"bytes":	96231979,
					"bits_per_second":	75665336.57477504,
					"sender":	true
				}
			}],
		"sum_sent":	{
			"start":	0,
			"end":	10.000911,
			"seconds":	10.000911,
			"bytes":	96231979,
			"bits_per_second":	76978570.4522318,
			"sender":	true
		},
		"sum_received":	{
			"start":	0,
			"end":	10.174485,
			"seconds":	10.174485,
			"bytes":	96231979,
			"bits_per_second":	75665336.57477504,
			"sender":	true
		},
		"cpu_utilization_percent":	{
			"host_total":	9.2948002014666127,
			"host_user":	1.596835475417254,
			"host_system":	7.6978656500144478,
			"remote_total":	2.0232327859746753,
			"remote_user":	0.731556331913999,
			"remote_system":	1.2916683429606683
		},
		"receiver_tcp_congestion":	"cubic"
	}
}
