{
	"start":	{
		"connected":	[{
				"socket":	7,
				"local_host":	"10.145.69.251",
				"local_port":	63350,
				"remote_host":	"89.84.1.222",
				"remote_port":	5202
			}],
		"version":	"iperf 3.7",
		"system_info":	"Darwin SAMAC135.local 18.0.0 Darwin Kernel Version 18.0.0: Wed Aug 22 20:13:40 PDT 2018; root:xnu-4903.201.2~1/RELEASE_X86_64 x86_64",
		"timestamp":	{
			"time":	"Tue, 10 Mar 2020 13:57:11 UTC",
			"timesecs":	1583848631
		},
		"connecting_to":	{
			"host":	"bouygues.iperf.fr",
			"port":	5202
		},
		"cookie":	"hf2e5pkdvoapynyd4nf5baqrmnrimfwsffq4",
		"tcp_mss_default":	1367,
		"sock_bufsize":	0,
		"sndbuf_actual":	131072,
		"rcvbuf_actual":	131072,
		"test_start":	{
			"protocol":	"TCP",
			"num_streams":	1,
			"blksize":	131072,
			"omit":	0,
			"duration":	10,
			"bytes":	0,
			"blocks":	0,
			"reverse":	0,
			"tos":	0
		}
	},
	"intervals":	[{
			"streams":	[{
					"socket":	7,
					"start":	0,
					"end":	1.001046,
					"seconds":	1.0010459423065186,
					"bytes":	192747,
					"bits_per_second":	1540364.8672179019,
					"omitted":	false,
					"sender":	true
				}],
			"sum":	{
				"start":	0,
				"end":	1.001046,
				"seconds":	1.0010459423065186,
				"bytes":	192747,
				"bits_per_second":	1540364.8672179019,
				"omitted":	false,
				"sender":	true
			}
		}, {
			"streams":	[{
					"socket":	7,
					"start":	1.001046,
					"end":	2.000075,
					"seconds":	0.99902898073196411,
					"bytes":	2770356,
					"bits_per_second":	22184389.469624616,
					"omitted":	false,
					"sender":	true
				}],
			"sum":	{
				"start":	1.001046,
				"end":	2.000075,
				"seconds":	0.99902898073196411,
				"bytes":	2770356,
				"bits_per_second":	22184389.469624616,
				"omitted":	false,
				"sender":	true
			}
		}, {
			"streams":	[{
					"socket":	7,
					"start":	2.000075,
					"end":	3.00202,
					"seconds":	1.0019450187683105,
					"bytes":	10122517,
					"bits_per_second":	80822933.8766999,
					"omitted":	false,
					"sender":	true
				}],
			"sum":	{
				"start":	2.000075,
				"end":	3.00202,
				"seconds":	1.0019450187683105,
				"bytes":	10122517,
				"bits_per_second":	80822933.8766999,
				"omitted":	false,
				"sender":	true
			}
		}, {
			"streams":	[{
					"socket":	7,
					"start":	3.00202,
					"end":	4.000351,
					"seconds":	0.99833101034164429,
					"bytes":	11161058,
					"bits_per_second":	89437734.654204637,
					"omitted":	false,
					"sender":	true
				}],
			"sum":	{
				"start":	3.00202,
				"end":	4.000351,
				"seconds":	0.99833101034164429,
				"bytes":	11161058,
				"bits_per_second":	89437734.654204637,
				"omitted":	false,
				"sender":	true
			}
		}, {
			"streams":	[{
					"socket":	7,
					"start":	4.000351,
					"end":	5.002274,
					"seconds":	1.0019229650497437,
					"bytes":	11901986,
					"bits_per_second":	95033142.588235512,
					"omitted":	false,
					"sender":	true
				}],
			"sum":	{
				"start":	4.000351,
				"end":	5.002274,
				"seconds":	1.0019229650497437,
				"bytes":	11901986,
				"bits_per_second":	95033142.588235512,
				"omitted":	false,
				"sender":	true
			}
		}, {
			"streams":	[{
					"socket":	7,
					"start":	5.002274,
					"end":	6.00044,
					"seconds":	0.998166024684906,
					"bytes":	11530308,
					"bits_per_second":	92411945.22636497,
					"omitted":	false,
					"sender":	true
				}],
			"sum":	{
				"start":	5.002274,
				"end":	6.00044,
				"seconds":	0.998166024684906,
				"bytes":	11530308,
				"bits_per_second":	92411945.22636497,
				"omitted":	false,
				"sender":	true
			}
		}, {
			"streams":	[{
					"socket":	7,
					"start":	6.00044,
					"end":	7.000152,
					"seconds":	0.99971199035644531,
					"bytes":	11646517,
					"bits_per_second":	93198978.204492331,
					"omitted":	false,
					"sender":	true
				}],
			"sum":	{
				"start":	6.00044,
				"end":	7.000152,
				"seconds":	0.99971199035644531,
				"bytes":	11646517,
				"bits_per_second":	93198978.204492331,
				"omitted":	false,
				"sender":	true
			}
		}, {
			"streams":	[{
					"socket":	7,
					"start":	7.000152,
					"end":	8.000332,
					"seconds":	1.0001800060272217,
					"bytes":	11714693,
					"bits_per_second":	93700677.313328847,
					"omitted":	false,
					"sender":	true
				}],
			"sum":	{
				"start":	7.000152,
				"end":	8.000332,
				"seconds":	1.0001800060272217,
				"bytes":	11714693,
				"bits_per_second":	93700677.313328847,
				"omitted":	false,
				"sender":	true
			}
		}, {
			"streams":	[{
					"socket":	7,
					"start":	8.000332,
					"end":	9.000638,
					"seconds":	1.0003060102462769,
					"bytes":	11571332,
					"bits_per_second":	92542337.09663403,
					"omitted":	false,
					"sender":	true
				}],
			"sum":	{
				"start":	8.000332,
				"end":	9.000638,
				"seconds":	1.0003060102462769,
				"bytes":	11571332,
				"bits_per_second":	92542337.09663403,
				"omitted":	false,
				"sender":	true
			}
		}, {
			"streams":	[{
					"socket":	7,
					"start":	9.000638,
					"end":	10.000146,
					"seconds":	0.99950802326202393,
					"bytes":	11874632,
					"bits_per_second":	95043815.346238837,
					"omitted":	false,
					"sender":	true
				}],
			"sum":	{
				"start":	9.000638,
				"end":	10.000146,
				"seconds":	0.99950802326202393,
				"bytes":	11874632,
				"bits_per_second":	95043815.346238837,
				"omitted":	false,
				"sender":	true
			}
		}],
	"end":	{
		"streams":	[{
				"sender":	{
					"socket":	7,
					"start":	0,
					"end":	10.000146,
					"seconds":	10.000146,
					"bytes":	94486146,
					"bits_per_second":	75587813.217927009,
					"sender":	true
				},
				"receiver":	{
					"socket":	7,
					"start":	0,
					"end":	10.178728,
					"seconds":	10.000146,
					"bytes":	94486146,
					"bits_per_second":	74261653.126009464,
					"sender":	true
				}
			}],
		"sum_sent":	{
			"start":	0,
			"end":	10.000146,
			"seconds":	10.000146,
			"bytes":	94486146,
			"bits_per_second":	75587813.217927009,
			"sender":	true
		},
		"sum_received":	{
			"start":	0,
			"end":	10.178728,
			"seconds":	10.178728,
			"bytes":	94486146,
			"bits_per_second":	74261653.126009464,
			"sender":	true
		},
		"cpu_utilization_percent":	{
			"host_total":	8.6720317238590283,
			"host_user":	1.3421703302505588,
			"host_system":	7.3297879315414347,
			"remote_total":	2.8445791070631636,
			"remote_user":	0.54928858702397521,
			"remote_system":	2.2952905200391882
		},
		"receiver_tcp_congestion":	"cubic"
	}
}
