{
	"start":	{
		"connected":	[{
				"socket":	7,
				"local_host":	"10.145.69.251",
				"local_port":	63395,
				"remote_host":	"89.84.1.222",
				"remote_port":	5202
			}],
		"version":	"iperf 3.7",
		"system_info":	"Darwin SAMAC135.local 18.0.0 Darwin Kernel Version 18.0.0: Wed Aug 22 20:13:40 PDT 2018; root:xnu-4903.201.2~1/RELEASE_X86_64 x86_64",
		"timestamp":	{
			"time":	"Tue, 10 Mar 2020 13:59:17 UTC",
			"timesecs":	1583848757
		},
		"connecting_to":	{
			"host":	"bouygues.iperf.fr",
			"port":	5202
		},
		"cookie":	"pk473zqqe4antqwdhovcq2vxj2diybd75xyh",
		"tcp_mss_default":	1367,
		"sock_bufsize":	0,
		"sndbuf_actual":	131072,
		"rcvbuf_actual":	131072,
		"test_start":	{
			"protocol":	"TCP",
			"num_streams":	1,
			"blksize":	131072,
			"omit":	0,
			"duration":	10,
			"bytes":	0,
			"blocks":	0,
			"reverse":	0,
			"tos":	0
		}
	},
	"intervals":	[{
			"streams":	[{
					"socket":	7,
					"start":	0,
					"end":	1.003131,
					"seconds":	1.0031310319900513,
					"bytes":	191380,
					"bits_per_second":	1526261.2272722358,
					"omitted":	false,
					"sender":	true
				}],
			"sum":	{
				"start":	0,
				"end":	1.003131,
				"seconds":	1.0031310319900513,
				"bytes":	191380,
				"bits_per_second":	1526261.2272722358,
				"omitted":	false,
				"sender":	true
			}
		}, {
			"streams":	[{
					"socket":	7,
					"start":	1.003131,
					"end":	2.002099,
					"seconds":	0.99896800518035889,
					"bytes":	1856493,
					"bits_per_second":	14867286.963128066,
					"omitted":	false,
					"sender":	true
				}],
			"sum":	{
				"start":	1.003131,
				"end":	2.002099,
				"seconds":	0.99896800518035889,
				"bytes":	1856493,
				"bits_per_second":	14867286.963128066,
				"omitted":	false,
				"sender":	true
			}
		}, {
			"streams":	[{
					"socket":	7,
					"start":	2.002099,
					"end":	3.000959,
					"seconds":	0.99886000156402588,
					"bytes":	10060182,
					"bits_per_second":	80573309.446750551,
					"omitted":	false,
					"sender":	true
				}],
			"sum":	{
				"start":	2.002099,
				"end":	3.000959,
				"seconds":	0.99886000156402588,
				"bytes":	10060182,
				"bits_per_second":	80573309.446750551,
				"omitted":	false,
				"sender":	true
			}
		}, {
			"streams":	[{
					"socket":	7,
					"start":	3.000959,
					"end":	4.000144,
					"seconds":	0.99918502569198608,
					"bytes":	10714209,
					"bits_per_second":	85783583.416533843,
					"omitted":	false,
					"sender":	true
				}],
			"sum":	{
				"start":	3.000959,
				"end":	4.000144,
				"seconds":	0.99918502569198608,
				"bytes":	10714209,
				"bits_per_second":	85783583.416533843,
				"omitted":	false,
				"sender":	true
			}
		}, {
			"streams":	[{
					"socket":	7,
					"start":	4.000144,
					"end":	5.000105,
					"seconds":	0.99996101856231689,
					"bytes":	12100187,
					"bits_per_second":	96805269.608584642,
					"omitted":	false,
					"sender":	true
				}],
			"sum":	{
				"start":	4.000144,
				"end":	5.000105,
				"seconds":	0.99996101856231689,
				"bytes":	12100187,
				"bits_per_second":	96805269.608584642,
				"omitted":	false,
				"sender":	true
			}
		}, {
			"streams":	[{
					"socket":	7,
					"start":	5.000105,
					"end":	6.000099,
					"seconds":	0.99999397993087769,
					"bytes":	11235050,
					"bits_per_second":	89880941.089478135,
					"omitted":	false,
					"sender":	true
				}],
			"sum":	{
				"start":	5.000105,
				"end":	6.000099,
				"seconds":	0.99999397993087769,
				"bytes":	11235050,
				"bits_per_second":	89880941.089478135,
				"omitted":	false,
				"sender":	true
			}
		}, {
			"streams":	[{
					"socket":	7,
					"start":	6.000099,
					"end":	7.000221,
					"seconds":	1.0001219511032104,
					"bytes":	12048241,
					"bits_per_second":	96374175.063030064,
					"omitted":	false,
					"sender":	true
				}],
			"sum":	{
				"start":	6.000099,
				"end":	7.000221,
				"seconds":	1.0001219511032104,
				"bytes":	12048241,
				"bits_per_second":	96374175.063030064,
				"omitted":	false,
				"sender":	true
			}
		}, {
			"streams":	[{
					"socket":	7,
					"start":	7.000221,
					"end":	8.000361,
					"seconds":	1.0001399517059326,
					"bytes":	11308868,
					"bits_per_second":	90458284.208809242,
					"omitted":	false,
					"sender":	true
				}],
			"sum":	{
				"start":	7.000221,
				"end":	8.000361,
				"seconds":	1.0001399517059326,
				"bytes":	11308868,
				"bits_per_second":	90458284.208809242,
				"omitted":	false,
				"sender":	true
			}
		}, {
			"streams":	[{
					"socket":	7,
					"start":	8.000361,
					"end":	9.000173,
					"seconds":	0.99981200695037842,
					"bytes":	11796553,
					"bits_per_second":	94390168.6956674,
					"omitted":	false,
					"sender":	true
				}],
			"sum":	{
				"start":	8.000361,
				"end":	9.000173,
				"seconds":	0.99981200695037842,
				"bytes":	11796553,
				"bits_per_second":	94390168.6956674,
				"omitted":	false,
				"sender":	true
			}
		}, {
			"streams":	[{
					"socket":	7,
					"start":	9.000173,
					"end":	10.00018,
					"seconds":	1.0000070333480835,
					"bytes":	11574226,
					"bits_per_second":	92593156.760098353,
					"omitted":	false,
					"sender":	true
				}],
			"sum":	{
				"start":	9.000173,
				"end":	10.00018,
				"seconds":	1.0000070333480835,
				"bytes":	11574226,
				"bits_per_second":	92593156.760098353,
				"omitted":	false,
				"sender":	true
			}
		}],
	"end":	{
		"streams":	[{
				"sender":	{
					"socket":	7,
					"start":	0,
					"end":	10.00018,
					"seconds":	10.00018,
					"bytes":	92885389,
					"bits_per_second":	74306973.674473852,
					"sender":	true
				},
				"receiver":	{
					"socket":	7,
					"start":	0,
					"end":	10.172666,
					"seconds":	10.00018,
					"bytes":	92782864,
					"bits_per_second":	72966409.395531133,
					"sender":	true
				}
			}],
		"sum_sent":	{
			"start":	0,
			"end":	10.00018,
			"seconds":	10.00018,
			"bytes":	92885389,
			"bits_per_second":	74306973.674473852,
			"sender":	true
		},
		"sum_received":	{
			"start":	0,
			"end":	10.172666,
			"seconds":	10.172666,
			"bytes":	92782864,
			"bits_per_second":	72966409.395531133,
			"sender":	true
		},
		"cpu_utilization_percent":	{
			"host_total":	8.336098908362418,
			"host_user":	1.3172993107237079,
			"host_system":	7.0186892810724526,
			"remote_total":	3.1140006411682393,
			"remote_user":	0.21602131569446575,
			"remote_system":	2.8979876135844123
		},
		"receiver_tcp_congestion":	"cubic"
	}
}
