{
	"start":	{
		"connected":	[{
				"socket":	7,
				"local_host":	"10.145.69.251",
				"local_port":	63334,
				"remote_host":	"89.84.1.222",
				"remote_port":	5202
			}],
		"version":	"iperf 3.7",
		"system_info":	"Darwin SAMAC135.local 18.0.0 Darwin Kernel Version 18.0.0: Wed Aug 22 20:13:40 PDT 2018; root:xnu-4903.201.2~1/RELEASE_X86_64 x86_64",
		"timestamp":	{
			"time":	"Tue, 10 Mar 2020 13:56:19 UTC",
			"timesecs":	1583848579
		},
		"connecting_to":	{
			"host":	"bouygues.iperf.fr",
			"port":	5202
		},
		"cookie":	"2mhxni2bj6i5lig2m2274yg4gx7drihbavrz",
		"tcp_mss_default":	1367,
		"sock_bufsize":	0,
		"sndbuf_actual":	131072,
		"rcvbuf_actual":	131072,
		"test_start":	{
			"protocol":	"TCP",
			"num_streams":	1,
			"blksize":	131072,
			"omit":	0,
			"duration":	10,
			"bytes":	0,
			"blocks":	0,
			"reverse":	0,
			"tos":	0
		}
	},
	"intervals":	[{
			"streams":	[{
					"socket":	7,
					"start":	0,
					"end":	1.004344,
					"seconds":	1.0043439865112305,
					"bytes":	191380,
					"bits_per_second":	1524417.9489921008,
					"omitted":	false,
					"sender":	true
				}],
			"sum":	{
				"start":	0,
				"end":	1.004344,
				"seconds":	1.0043439865112305,
				"bytes":	191380,
				"bits_per_second":	1524417.9489921008,
				"omitted":	false,
				"sender":	true
			}
		}, {
			"streams":	[{
					"socket":	7,
					"start":	1.004344,
					"end":	2.000085,
					"seconds":	0.99574100971221924,
					"bytes":	2622890,
					"bits_per_second":	21072869.145024333,
					"omitted":	false,
					"sender":	true
				}],
			"sum":	{
				"start":	1.004344,
				"end":	2.000085,
				"seconds":	0.99574100971221924,
				"bytes":	2622890,
				"bits_per_second":	21072869.145024333,
				"omitted":	false,
				"sender":	true
			}
		}, {
			"streams":	[{
					"socket":	7,
					"start":	2.000085,
					"end":	3.000319,
					"seconds":	1.0002340078353882,
					"bytes":	9710560,
					"bits_per_second":	77666305.475972965,
					"omitted":	false,
					"sender":	true
				}],
			"sum":	{
				"start":	2.000085,
				"end":	3.000319,
				"seconds":	1.0002340078353882,
				"bytes":	9710560,
				"bits_per_second":	77666305.475972965,
				"omitted":	false,
				"sender":	true
			}
		}, {
			"streams":	[{
					"socket":	7,
					"start":	3.000319,
					"end":	4.000288,
					"seconds":	0.9999690055847168,
					"bytes":	11801134,
					"bits_per_second":	94411998.244681314,
					"omitted":	false,
					"sender":	true
				}],
			"sum":	{
				"start":	3.000319,
				"end":	4.000288,
				"seconds":	0.9999690055847168,
				"bytes":	11801134,
				"bits_per_second":	94411998.244681314,
				"omitted":	false,
				"sender":	true
			}
		}, {
			"streams":	[{
					"socket":	7,
					"start":	4.000288,
					"end":	5.000193,
					"seconds":	0.999904990196228,
					"bytes":	11404558,
					"bits_per_second":	91245133.1821988,
					"omitted":	false,
					"sender":	true
				}],
			"sum":	{
				"start":	4.000288,
				"end":	5.000193,
				"seconds":	0.999904990196228,
				"bytes":	11404558,
				"bits_per_second":	91245133.1821988,
				"omitted":	false,
				"sender":	true
			}
		}, {
			"streams":	[{
					"socket":	7,
					"start":	5.000193,
					"end":	6.000125,
					"seconds":	0.99993199110031128,
					"bytes":	12045507,
					"bits_per_second":	96370610.059152454,
					"omitted":	false,
					"sender":	true
				}],
			"sum":	{
				"start":	5.000193,
				"end":	6.000125,
				"seconds":	0.99993199110031128,
				"bytes":	12045507,
				"bits_per_second":	96370610.059152454,
				"omitted":	false,
				"sender":	true
			}
		}, {
			"streams":	[{
					"socket":	7,
					"start":	6.000125,
					"end":	7.000121,
					"seconds":	0.9999960064888,
					"bytes":	11237624,
					"bits_per_second":	89901351.0220522,
					"omitted":	false,
					"sender":	true
				}],
			"sum":	{
				"start":	6.000125,
				"end":	7.000121,
				"seconds":	0.9999960064888,
				"bytes":	11237624,
				"bits_per_second":	89901351.0220522,
				"omitted":	false,
				"sender":	true
			}
		}, {
			"streams":	[{
					"socket":	7,
					"start":	7.000121,
					"end":	8.000161,
					"seconds":	1.0000400543212891,
					"bytes":	11132351,
					"bits_per_second":	89055240.9527664,
					"omitted":	false,
					"sender":	true
				}],
			"sum":	{
				"start":	7.000121,
				"end":	8.000161,
				"seconds":	1.0000400543212891,
				"bytes":	11132351,
				"bits_per_second":	89055240.9527664,
				"omitted":	false,
				"sender":	true
			}
		}, {
			"streams":	[{
					"socket":	7,
					"start":	8.000161,
					"end":	9.000325,
					"seconds":	1.0001640319824219,
					"bytes":	12258933,
					"bits_per_second":	98055379.781667277,
					"omitted":	false,
					"sender":	true
				}],
			"sum":	{
				"start":	8.000161,
				"end":	9.000325,
				"seconds":	1.0001640319824219,
				"bytes":	12258933,
				"bits_per_second":	98055379.781667277,
				"omitted":	false,
				"sender":	true
			}
		}, {
			"streams":	[{
					"socket":	7,
					"start":	9.000325,
					"end":	10.000203,
					"seconds":	0.99987798929214478,
					"bytes":	11102277,
					"bits_per_second":	88829054.095768332,
					"omitted":	false,
					"sender":	true
				}],
			"sum":	{
				"start":	9.000325,
				"end":	10.000203,
				"seconds":	0.99987798929214478,
				"bytes":	11102277,
				"bits_per_second":	88829054.095768332,
				"omitted":	false,
				"sender":	true
			}
		}],
	"end":	{
		"streams":	[{
				"sender":	{
					"socket":	7,
					"start":	0,
					"end":	10.000203,
					"seconds":	10.000203,
					"bytes":	93507214,
					"bits_per_second":	74804252.673670724,
					"sender":	true
				},
				"receiver":	{
					"socket":	7,
					"start":	0,
					"end":	10.176659,
					"seconds":	10.000203,
					"bytes":	93505847,
					"bits_per_second":	73506125.733406216,
					"sender":	true
				}
			}],
		"sum_sent":	{
			"start":	0,
			"end":	10.000203,
			"seconds":	10.000203,
			"bytes":	93507214,
			"bits_per_second":	74804252.673670724,
			"sender":	true
		},
		"sum_received":	{
			"start":	0,
			"end":	10.176659,
			"seconds":	10.176659,
			"bytes":	93505847,
			"bits_per_second":	73506125.733406216,
			"sender":	true
		},
		"cpu_utilization_percent":	{
			"host_total":	8.546911225551554,
			"host_user":	1.34229558297928,
			"host_system":	7.2045144691351579,
			"remote_total":	2.6812321405796489,
			"remote_user":	0.69958677477294928,
			"remote_system":	1.9816453658066997
		},
		"receiver_tcp_congestion":	"cubic"
	}
}
