{
	"start":	{
		"connected":	[{
				"socket":	7,
				"local_host":	"10.145.69.251",
				"local_port":	63426,
				"remote_host":	"89.84.1.222",
				"remote_port":	5202
			}],
		"version":	"iperf 3.7",
		"system_info":	"Darwin SAMAC135.local 18.0.0 Darwin Kernel Version 18.0.0: Wed Aug 22 20:13:40 PDT 2018; root:xnu-4903.201.2~1/RELEASE_X86_64 x86_64",
		"timestamp":	{
			"time":	"Tue, 10 Mar 2020 14:01:00 UTC",
			"timesecs":	1583848860
		},
		"connecting_to":	{
			"host":	"bouygues.iperf.fr",
			"port":	5202
		},
		"cookie":	"xl5rq2icaevmzp2soymernlhbv7o4pzqvojb",
		"tcp_mss_default":	1367,
		"sock_bufsize":	0,
		"sndbuf_actual":	131072,
		"rcvbuf_actual":	131072,
		"test_start":	{
			"protocol":	"TCP",
			"num_streams":	1,
			"blksize":	131072,
			"omit":	0,
			"duration":	10,
			"bytes":	0,
			"blocks":	0,
			"reverse":	0,
			"tos":	0
		}
	},
	"intervals":	[{
			"streams":	[{
					"socket":	7,
					"start":	0,
					"end":	1.003805,
					"seconds":	1.0038050413131714,
					"bytes":	191380,
					"bits_per_second":	1525236.4124383188,
					"omitted":	false,
					"sender":	true
				}],
			"sum":	{
				"start":	0,
				"end":	1.003805,
				"seconds":	1.0038050413131714,
				"bytes":	191380,
				"bits_per_second":	1525236.4124383188,
				"omitted":	false,
				"sender":	true
			}
		}, {
			"streams":	[{
					"socket":	7,
					"start":	1.003805,
					"end":	2.001484,
					"seconds":	0.99767899513244629,
					"bytes":	1732196,
					"bits_per_second":	13889806.308050362,
					"omitted":	false,
					"sender":	true
				}],
			"sum":	{
				"start":	1.003805,
				"end":	2.001484,
				"seconds":	0.99767899513244629,
				"bytes":	1732196,
				"bits_per_second":	13889806.308050362,
				"omitted":	false,
				"sender":	true
			}
		}, {
			"streams":	[{
					"socket":	7,
					"start":	2.001484,
					"end":	3.001892,
					"seconds":	1.0004080533981323,
					"bytes":	9905597,
					"bits_per_second":	79212453.08934249,
					"omitted":	false,
					"sender":	true
				}],
			"sum":	{
				"start":	2.001484,
				"end":	3.001892,
				"seconds":	1.0004080533981323,
				"bytes":	9905597,
				"bits_per_second":	79212453.08934249,
				"omitted":	false,
				"sender":	true
			}
		}, {
			"streams":	[{
					"socket":	7,
					"start":	3.001892,
					"end":	4.000184,
					"seconds":	0.99829202890396118,
					"bytes":	11281528,
					"bits_per_second":	90406635.921043247,
					"omitted":	false,
					"sender":	true
				}],
			"sum":	{
				"start":	3.001892,
				"end":	4.000184,
				"seconds":	0.99829202890396118,
				"bytes":	11281528,
				"bits_per_second":	90406635.921043247,
				"omitted":	false,
				"sender":	true
			}
		}, {
			"streams":	[{
					"socket":	7,
					"start":	4.000184,
					"end":	5.000168,
					"seconds":	0.9999840259552002,
					"bytes":	11843191,
					"bits_per_second":	94747041.493485466,
					"omitted":	false,
					"sender":	true
				}],
			"sum":	{
				"start":	4.000184,
				"end":	5.000168,
				"seconds":	0.9999840259552002,
				"bytes":	11843191,
				"bits_per_second":	94747041.493485466,
				"omitted":	false,
				"sender":	true
			}
		}, {
			"streams":	[{
					"socket":	7,
					"start":	5.000168,
					"end":	6.000219,
					"seconds":	1.0000510215759277,
					"bytes":	12302677,
					"bits_per_second":	98416394.640448317,
					"omitted":	false,
					"sender":	true
				}],
			"sum":	{
				"start":	5.000168,
				"end":	6.000219,
				"seconds":	1.0000510215759277,
				"bytes":	12302677,
				"bits_per_second":	98416394.640448317,
				"omitted":	false,
				"sender":	true
			}
		}, {
			"streams":	[{
					"socket":	7,
					"start":	6.000219,
					"end":	7.00026,
					"seconds":	1.0000410079956055,
					"bytes":	11536997,
					"bits_per_second":	92292191.282225475,
					"omitted":	false,
					"sender":	true
				}],
			"sum":	{
				"start":	6.000219,
				"end":	7.00026,
				"seconds":	1.0000410079956055,
				"bytes":	11536997,
				"bits_per_second":	92292191.282225475,
				"omitted":	false,
				"sender":	true
			}
		}, {
			"streams":	[{
					"socket":	7,
					"start":	7.00026,
					"end":	8.000499,
					"seconds":	1.0002390146255493,
					"bytes":	11603806,
					"bits_per_second":	92808265.467181474,
					"omitted":	false,
					"sender":	true
				}],
			"sum":	{
				"start":	7.00026,
				"end":	8.000499,
				"seconds":	1.0002390146255493,
				"bytes":	11603806,
				"bits_per_second":	92808265.467181474,
				"omitted":	false,
				"sender":	true
			}
		}, {
			"streams":	[{
					"socket":	7,
					"start":	8.000499,
					"end":	9.002943,
					"seconds":	1.0024440288543701,
					"bytes":	12080176,
					"bits_per_second":	96405789.4688099,
					"omitted":	false,
					"sender":	true
				}],
			"sum":	{
				"start":	8.000499,
				"end":	9.002943,
				"seconds":	1.0024440288543701,
				"bytes":	12080176,
				"bits_per_second":	96405789.4688099,
				"omitted":	false,
				"sender":	true
			}
		}, {
			"streams":	[{
					"socket":	7,
					"start":	9.002943,
					"end":	10.000481,
					"seconds":	0.99753797054290771,
					"bytes":	11196280,
					"bits_per_second":	89791308.8473731,
					"omitted":	false,
					"sender":	true
				}],
			"sum":	{
				"start":	9.002943,
				"end":	10.000481,
				"seconds":	0.99753797054290771,
				"bytes":	11196280,
				"bits_per_second":	89791308.8473731,
				"omitted":	false,
				"sender":	true
			}
		}],
	"end":	{
		"streams":	[{
				"sender":	{
					"socket":	7,
					"start":	0,
					"end":	10.000481,
					"seconds":	10.000481,
					"bytes":	93673828,
					"bits_per_second":	74935458.004469976,
					"sender":	true
				},
				"receiver":	{
					"socket":	7,
					"start":	0,
					"end":	10.176825000000001,
					"seconds":	10.000481,
					"bytes":	93673828,
					"bits_per_second":	73636976.561943427,
					"sender":	true
				}
			}],
		"sum_sent":	{
			"start":	0,
			"end":	10.000481,
			"seconds":	10.000481,
			"bytes":	93673828,
			"bits_per_second":	74935458.004469976,
			"sender":	true
		},
		"sum_received":	{
			"start":	0,
			"end":	10.176825000000001,
			"seconds":	10.176825000000001,
			"bytes":	93673828,
			"bits_per_second":	73636976.561943427,
			"sender":	true
		},
		"cpu_utilization_percent":	{
			"host_total":	7.9041062261840915,
			"host_user":	1.2378822789910815,
			"host_system":	6.6661135739170287,
			"remote_total":	2.2251491127272613,
			"remote_user":	0.68804077999297364,
			"remote_system":	1.5371000605277354
		},
		"receiver_tcp_congestion":	"cubic"
	}
}
