{
	"start":	{
		"connected":	[{
				"socket":	7,
				"local_host":	"10.145.69.251",
				"local_port":	63433,
				"remote_host":	"89.84.1.222",
				"remote_port":	5202
			}],
		"version":	"iperf 3.7",
		"system_info":	"Darwin SAMAC135.local 18.0.0 Darwin Kernel Version 18.0.0: Wed Aug 22 20:13:40 PDT 2018; root:xnu-4903.201.2~1/RELEASE_X86_64 x86_64",
		"timestamp":	{
			"time":	"Tue, 10 Mar 2020 14:01:26 UTC",
			"timesecs":	1583848886
		},
		"connecting_to":	{
			"host":	"bouygues.iperf.fr",
			"port":	5202
		},
		"cookie":	"pf6w5w66zjdu4m3kjewanctqnwihpyrrxib6",
		"tcp_mss_default":	1367,
		"sock_bufsize":	0,
		"sndbuf_actual":	131072,
		"rcvbuf_actual":	131072,
		"test_start":	{
			"protocol":	"TCP",
			"num_streams":	1,
			"blksize":	131072,
			"omit":	0,
			"duration":	10,
			"bytes":	0,
			"blocks":	0,
			"reverse":	0,
			"tos":	0
		}
	},
	"intervals":	[{
			"streams":	[{
					"socket":	7,
					"start":	0,
					"end":	1.001723,
					"seconds":	1.001723051071167,
					"bytes":	190013,
					"bits_per_second":	1517489.2884560414,
					"omitted":	false,
					"sender":	true
				}],
			"sum":	{
				"start":	0,
				"end":	1.001723,
				"seconds":	1.001723051071167,
				"bytes":	190013,
				"bits_per_second":	1517489.2884560414,
				"omitted":	false,
				"sender":	true
			}
		}, {
			"streams":	[{
					"socket":	7,
					"start":	1.001723,
					"end":	2.000484,
					"seconds":	0.998760998249054,
					"bytes":	3079198,
					"bits_per_second":	24664142.916258827,
					"omitted":	false,
					"sender":	true
				}],
			"sum":	{
				"start":	1.001723,
				"end":	2.000484,
				"seconds":	0.998760998249054,
				"bytes":	3079198,
				"bits_per_second":	24664142.916258827,
				"omitted":	false,
				"sender":	true
			}
		}, {
			"streams":	[{
					"socket":	7,
					"start":	2.000484,
					"end":	3.004383,
					"seconds":	1.0038989782333374,
					"bytes":	9242269,
					"bits_per_second":	73650988.399367079,
					"omitted":	false,
					"sender":	true
				}],
			"sum":	{
				"start":	2.000484,
				"end":	3.004383,
				"seconds":	1.0038989782333374,
				"bytes":	9242269,
				"bits_per_second":	73650988.399367079,
				"omitted":	false,
				"sender":	true
			}
		}, {
			"streams":	[{
					"socket":	7,
					"start":	3.004383,
					"end":	4.001236,
					"seconds":	0.99685299396514893,
					"bytes":	10923200,
					"bits_per_second":	87661471.17882368,
					"omitted":	false,
					"sender":	true
				}],
			"sum":	{
				"start":	3.004383,
				"end":	4.001236,
				"seconds":	0.99685299396514893,
				"bytes":	10923200,
				"bits_per_second":	87661471.17882368,
				"omitted":	false,
				"sender":	true
			}
		}, {
			"streams":	[{
					"socket":	7,
					"start":	4.001236,
					"end":	5.000053,
					"seconds":	0.99881702661514282,
					"bytes":	12167344,
					"bits_per_second":	97454037.532648,
					"omitted":	false,
					"sender":	true
				}],
			"sum":	{
				"start":	4.001236,
				"end":	5.000053,
				"seconds":	0.99881702661514282,
				"bytes":	12167344,
				"bits_per_second":	97454037.532648,
				"omitted":	false,
				"sender":	true
			}
		}, {
			"streams":	[{
					"socket":	7,
					"start":	5.000053,
					"end":	6.000419,
					"seconds":	1.0003659725189209,
					"bytes":	11091341,
					"bits_per_second":	88698266.871848986,
					"omitted":	false,
					"sender":	true
				}],
			"sum":	{
				"start":	5.000053,
				"end":	6.000419,
				"seconds":	1.0003659725189209,
				"bytes":	11091341,
				"bits_per_second":	88698266.871848986,
				"omitted":	false,
				"sender":	true
			}
		}, {
			"streams":	[{
					"socket":	7,
					"start":	6.000419,
					"end":	7.000318,
					"seconds":	0.99989902973175049,
					"bytes":	12101728,
					"bits_per_second":	96823600.304895669,
					"omitted":	false,
					"sender":	true
				}],
			"sum":	{
				"start":	6.000419,
				"end":	7.000318,
				"seconds":	0.99989902973175049,
				"bytes":	12101728,
				"bits_per_second":	96823600.304895669,
				"omitted":	false,
				"sender":	true
			}
		}, {
			"streams":	[{
					"socket":	7,
					"start":	7.000318,
					"end":	8.000106,
					"seconds":	0.99978798627853394,
					"bytes":	10983348,
					"bits_per_second":	87885416.9143026,
					"omitted":	false,
					"sender":	true
				}],
			"sum":	{
				"start":	7.000318,
				"end":	8.000106,
				"seconds":	0.99978798627853394,
				"bytes":	10983348,
				"bits_per_second":	87885416.9143026,
				"omitted":	false,
				"sender":	true
			}
		}, {
			"streams":	[{
					"socket":	7,
					"start":	8.000106,
					"end":	9.00012,
					"seconds":	1.0000139474868774,
					"bytes":	12263034,
					"bits_per_second":	98102903.711037844,
					"omitted":	false,
					"sender":	true
				}],
			"sum":	{
				"start":	8.000106,
				"end":	9.00012,
				"seconds":	1.0000139474868774,
				"bytes":	12263034,
				"bits_per_second":	98102903.711037844,
				"omitted":	false,
				"sender":	true
			}
		}, {
			"streams":	[{
					"socket":	7,
					"start":	9.00012,
					"end":	10.000096,
					"seconds":	0.99997597932815552,
					"bytes":	11024358,
					"bits_per_second":	88196982.550775528,
					"omitted":	false,
					"sender":	true
				}],
			"sum":	{
				"start":	9.00012,
				"end":	10.000096,
				"seconds":	0.99997597932815552,
				"bytes":	11024358,
				"bits_per_second":	88196982.550775528,
				"omitted":	false,
				"sender":	true
			}
		}],
	"end":	{
		"streams":	[{
				"sender":	{
					"socket":	7,
					"start":	0,
					"end":	10.000096,
					"seconds":	10.000096,
					"bytes":	93065833,
					"bits_per_second":	74451951.661264062,
					"sender":	true
				},
				"receiver":	{
					"socket":	7,
					"start":	0,
					"end":	10.1791,
					"seconds":	10.000096,
					"bytes":	93050796,
					"bits_per_second":	73130863.042901635,
					"sender":	true
				}
			}],
		"sum_sent":	{
			"start":	0,
			"end":	10.000096,
			"seconds":	10.000096,
			"bytes":	93065833,
			"bits_per_second":	74451951.661264062,
			"sender":	true
		},
		"sum_received":	{
			"start":	0,
			"end":	10.1791,
			"seconds":	10.1791,
			"bytes":	93050796,
			"bits_per_second":	73130863.042901635,
			"sender":	true
		},
		"cpu_utilization_percent":	{
			"host_total":	8.4141026516795829,
			"host_user":	1.3012977445188509,
			"host_system":	7.1126947296206442,
			"remote_total":	2.5090945010318091,
			"remote_user":	0.50445464063197687,
			"remote_system":	2.0046398603998319
		},
		"receiver_tcp_congestion":	"cubic"
	}
}
