{
	"start":	{
		"connected":	[{
				"socket":	7,
				"local_host":	"10.145.69.251",
				"local_port":	63768,
				"remote_host":	"89.84.1.222",
				"remote_port":	5202
			}],
		"version":	"iperf 3.7",
		"system_info":	"Darwin SAMAC135.local 18.0.0 Darwin Kernel Version 18.0.0: Wed Aug 22 20:13:40 PDT 2018; root:xnu-4903.201.2~1/RELEASE_X86_64 x86_64",
		"timestamp":	{
			"time":	"Tue, 10 Mar 2020 14:13:31 UTC",
			"timesecs":	1583849611
		},
		"connecting_to":	{
			"host":	"bouygues.iperf.fr",
			"port":	5202
		},
		"cookie":	"nerjbf54u5yadufqabogbwqou32xty35ey46",
		"tcp_mss_default":	1367,
		"sock_bufsize":	0,
		"sndbuf_actual":	131072,
		"rcvbuf_actual":	131072,
		"test_start":	{
			"protocol":	"TCP",
			"num_streams":	1,
			"blksize":	131072,
			"omit":	0,
			"duration":	10,
			"bytes":	0,
			"blocks":	0,
			"reverse":	0,
			"tos":	0
		}
	},
	"intervals":	[{
			"streams":	[{
					"socket":	7,
					"start":	0,
					"end":	1.003629,
					"seconds":	1.0036289691925049,
					"bytes":	191380,
					"bits_per_second":	1525503.9930063367,
					"omitted":	false,
					"sender":	true
				}],
			"sum":	{
				"start":	0,
				"end":	1.003629,
				"seconds":	1.0036289691925049,
				"bytes":	191380,
				"bits_per_second":	1525503.9930063367,
				"omitted":	false,
				"sender":	true
			}
		}, {
			"streams":	[{
					"socket":	7,
					"start":	1.003629,
					"end":	2.001185,
					"seconds":	0.99755597114562988,
					"bytes":	3648697,
					"bits_per_second":	29261090.9505936,
					"omitted":	false,
					"sender":	true
				}],
			"sum":	{
				"start":	1.003629,
				"end":	2.001185,
				"seconds":	0.99755597114562988,
				"bytes":	3648697,
				"bits_per_second":	29261090.9505936,
				"omitted":	false,
				"sender":	true
			}
		}, {
			"streams":	[{
					"socket":	7,
					"start":	2.001185,
					"end":	3.000158,
					"seconds":	0.99897301197052,
					"bytes":	9851124,
					"bits_per_second":	78890011.0970422,
					"omitted":	false,
					"sender":	true
				}],
			"sum":	{
				"start":	2.001185,
				"end":	3.000158,
				"seconds":	0.99897301197052,
				"bytes":	9851124,
				"bits_per_second":	78890011.0970422,
				"omitted":	false,
				"sender":	true
			}
		}, {
			"streams":	[{
					"socket":	7,
					"start":	3.000158,
					"end":	4.004809,
					"seconds":	1.0046509504318237,
					"bytes":	7184107,
					"bits_per_second":	57206790.055090033,
					"omitted":	false,
					"sender":	true
				}],
			"sum":	{
				"start":	3.000158,
				"end":	4.004809,
				"seconds":	1.0046509504318237,
				"bytes":	7184107,
				"bits_per_second":	57206790.055090033,
				"omitted":	false,
				"sender":	true
			}
		}, {
			"streams":	[{
					"socket":	7,
					"start":	4.004809,
					"end":	5.003371,
					"seconds":	0.99856197834014893,
					"bytes":	179077,
					"bits_per_second":	1434679.0996201895,
					"omitted":	false,
					"sender":	true
				}],
			"sum":	{
				"start":	4.004809,
				"end":	5.003371,
				"seconds":	0.99856197834014893,
				"bytes":	179077,
				"bits_per_second":	1434679.0996201895,
				"omitted":	false,
				"sender":	true
			}
		}, {
			"streams":	[{
					"socket":	7,
					"start":	5.003371,
					"end":	6.000831,
					"seconds":	0.9974600076675415,
					"bytes":	3570881,
					"bits_per_second":	28639792.854253,
					"omitted":	false,
					"sender":	true
				}],
			"sum":	{
				"start":	5.003371,
				"end":	6.000831,
				"seconds":	0.9974600076675415,
				"bytes":	3570881,
				"bits_per_second":	28639792.854253,
				"omitted":	false,
				"sender":	true
			}
		}, {
			"streams":	[{
					"socket":	7,
					"start":	6.000831,
					"end":	7.002109,
					"seconds":	1.0012780427932739,
					"bytes":	5456814,
					"bits_per_second":	43598790.879520968,
					"omitted":	false,
					"sender":	true
				}],
			"sum":	{
				"start":	6.000831,
				"end":	7.002109,
				"seconds":	1.0012780427932739,
				"bytes":	5456814,
				"bits_per_second":	43598790.879520968,
				"omitted":	false,
				"sender":	true
			}
		}, {
			"streams":	[{
					"socket":	7,
					"start":	7.002109,
					"end":	8.000257,
					"seconds":	0.99814802408218384,
					"bytes":	5158958,
					"bits_per_second":	41348239.944621526,
					"omitted":	false,
					"sender":	true
				}],
			"sum":	{
				"start":	7.002109,
				"end":	8.000257,
				"seconds":	0.99814802408218384,
				"bytes":	5158958,
				"bits_per_second":	41348239.944621526,
				"omitted":	false,
				"sender":	true
			}
		}, {
			"streams":	[{
					"socket":	7,
					"start":	8.000257,
					"end":	9.000095,
					"seconds":	0.99983799457550049,
					"bytes":	5670563,
					"bits_per_second":	45371854.48654642,
					"omitted":	false,
					"sender":	true
				}],
			"sum":	{
				"start":	8.000257,
				"end":	9.000095,
				"seconds":	0.99983799457550049,
				"bytes":	5670563,
				"bits_per_second":	45371854.48654642,
				"omitted":	false,
				"sender":	true
			}
		}, {
			"streams":	[{
					"socket":	7,
					"start":	9.000095,
					"end":	10.00045,
					"seconds":	1.0003550052642822,
					"bytes":	6055810,
					"bits_per_second":	48429287.348046005,
					"omitted":	false,
					"sender":	true
				}],
			"sum":	{
				"start":	9.000095,
				"end":	10.00045,
				"seconds":	1.0003550052642822,
				"bytes":	6055810,
				"bits_per_second":	48429287.348046005,
				"omitted":	false,
				"sender":	true
			}
		}],
	"end":	{
		"streams":	[{
				"sender":	{
					"socket":	7,
					"start":	0,
					"end":	10.00045,
					"seconds":	10.00045,
					"bytes":	46967411,
					"bits_per_second":	37572238.049287781,
					"sender":	true
				},
				"receiver":	{
					"socket":	7,
					"start":	0,
					"end":	10.17181,
					"seconds":	10.00045,
					"bytes":	45894142,
					"bits_per_second":	36095162.611177363,
					"sender":	true
				}
			}],
		"sum_sent":	{
			"start":	0,
			"end":	10.00045,
			"seconds":	10.00045,
			"bytes":	46967411,
			"bits_per_second":	37572238.049287781,
			"sender":	true
		},
		"sum_received":	{
			"start":	0,
			"end":	10.17181,
			"seconds":	10.17181,
			"bytes":	45894142,
			"bits_per_second":	36095162.611177363,
			"sender":	true
		},
		"cpu_utilization_percent":	{
			"host_total":	5.612884515448596,
			"host_user":	1.1532259746196218,
			"host_system":	4.4596034232084314,
			"remote_total":	1.278123599879845,
			"remote_user":	0.26648526386610094,
			"remote_system":	1.0116301331860322
		},
		"receiver_tcp_congestion":	"cubic"
	}
}
