{
	"start":	{
		"connected":	[{
				"socket":	7,
				"local_host":	"10.145.69.251",
				"local_port":	63693,
				"remote_host":	"89.84.1.222",
				"remote_port":	5202
			}],
		"version":	"iperf 3.7",
		"system_info":	"Darwin SAMAC135.local 18.0.0 Darwin Kernel Version 18.0.0: Wed Aug 22 20:13:40 PDT 2018; root:xnu-4903.201.2~1/RELEASE_X86_64 x86_64",
		"timestamp":	{
			"time":	"Tue, 10 Mar 2020 14:10:05 UTC",
			"timesecs":	1583849405
		},
		"connecting_to":	{
			"host":	"bouygues.iperf.fr",
			"port":	5202
		},
		"cookie":	"l7fduzqni72w7metbugfpfkmgessgtosfldf",
		"tcp_mss_default":	1367,
		"sock_bufsize":	0,
		"sndbuf_actual":	131072,
		"rcvbuf_actual":	131072,
		"test_start":	{
			"protocol":	"TCP",
			"num_streams":	1,
			"blksize":	131072,
			"omit":	0,
			"duration":	10,
			"bytes":	0,
			"blocks":	0,
			"reverse":	0,
			"tos":	0
		}
	},
	"intervals":	[{
			"streams":	[{
					"socket":	7,
					"start":	0,
					"end":	1.004433,
					"seconds":	1.0044330358505249,
					"bytes":	185912,
					"bits_per_second":	1480731.8625682206,
					"omitted":	false,
					"sender":	true
				}],
			"sum":	{
				"start":	0,
				"end":	1.004433,
				"seconds":	1.0044330358505249,
				"bytes":	185912,
				"bits_per_second":	1480731.8625682206,
				"omitted":	false,
				"sender":	true
			}
		}, {
			"streams":	[{
					"socket":	7,
					"start":	1.004433,
					"end":	2.000843,
					"seconds":	0.99641001224517822,
					"bytes":	2491778,
					"bits_per_second":	20006045.458217409,
					"omitted":	false,
					"sender":	true
				}],
			"sum":	{
				"start":	1.004433,
				"end":	2.000843,
				"seconds":	0.99641001224517822,
				"bytes":	2491778,
				"bits_per_second":	20006045.458217409,
				"omitted":	false,
				"sender":	true
			}
		}, {
			"streams":	[{
					"socket":	7,
					"start":	2.000843,
					"end":	3.001095,
					"seconds":	1.0002520084381104,
					"bytes":	8284805,
					"bits_per_second":	66261741.482022643,
					"omitted":	false,
					"sender":	true
				}],
			"sum":	{
				"start":	2.000843,
				"end":	3.001095,
				"seconds":	1.0002520084381104,
				"bytes":	8284805,
				"bits_per_second":	66261741.482022643,
				"omitted":	false,
				"sender":	true
			}
		}, {
			"streams":	[{
					"socket":	7,
					"start":	3.001095,
					"end":	4.000693,
					"seconds":	0.99959802627563477,
					"bytes":	12228859,
					"bits_per_second":	97870213.254126176,
					"omitted":	false,
					"sender":	true
				}],
			"sum":	{
				"start":	3.001095,
				"end":	4.000693,
				"seconds":	0.99959802627563477,
				"bytes":	12228859,
				"bits_per_second":	97870213.254126176,
				"omitted":	false,
				"sender":	true
			}
		}, {
			"streams":	[{
					"socket":	7,
					"start":	4.000693,
					"end":	5.000432,
					"seconds":	0.99973899126052856,
					"bytes":	10979247,
					"bits_per_second":	87856907.420659721,
					"omitted":	false,
					"sender":	true
				}],
			"sum":	{
				"start":	4.000693,
				"end":	5.000432,
				"seconds":	0.99973899126052856,
				"bytes":	10979247,
				"bits_per_second":	87856907.420659721,
				"omitted":	false,
				"sender":	true
			}
		}, {
			"streams":	[{
					"socket":	7,
					"start":	5.000432,
					"end":	6.000506,
					"seconds":	1.000074028968811,
					"bytes":	12064325,
					"bits_per_second":	96507455.652575463,
					"omitted":	false,
					"sender":	true
				}],
			"sum":	{
				"start":	5.000432,
				"end":	6.000506,
				"seconds":	1.000074028968811,
				"bytes":	12064325,
				"bits_per_second":	96507455.652575463,
				"omitted":	false,
				"sender":	true
			}
		}, {
			"streams":	[{
					"socket":	7,
					"start":	6.000506,
					"end":	7.000065,
					"seconds":	0.99955898523330688,
					"bytes":	10940098,
					"bits_per_second":	87559398.98791644,
					"omitted":	false,
					"sender":	true
				}],
			"sum":	{
				"start":	6.000506,
				"end":	7.000065,
				"seconds":	0.99955898523330688,
				"bytes":	10940098,
				"bits_per_second":	87559398.98791644,
				"omitted":	false,
				"sender":	true
			}
		}, {
			"streams":	[{
					"socket":	7,
					"start":	7.000065,
					"end":	8.000297,
					"seconds":	1.0002319812774658,
					"bytes":	12287146,
					"bits_per_second":	98274370.186062083,
					"omitted":	false,
					"sender":	true
				}],
			"sum":	{
				"start":	7.000065,
				"end":	8.000297,
				"seconds":	1.0002319812774658,
				"bytes":	12287146,
				"bits_per_second":	98274370.186062083,
				"omitted":	false,
				"sender":	true
			}
		}, {
			"streams":	[{
					"socket":	7,
					"start":	8.000297,
					"end":	9.000277,
					"seconds":	0.99997997283935547,
					"bytes":	11053559,
					"bits_per_second":	88430243.00668253,
					"omitted":	false,
					"sender":	true
				}],
			"sum":	{
				"start":	8.000297,
				"end":	9.000277,
				"seconds":	0.99997997283935547,
				"bytes":	11053559,
				"bits_per_second":	88430243.00668253,
				"omitted":	false,
				"sender":	true
			}
		}, {
			"streams":	[{
					"socket":	7,
					"start":	9.000277,
					"end":	10.000154,
					"seconds":	0.99987697601318359,
					"bytes":	12222897,
					"bits_per_second":	97795207.1562759,
					"omitted":	false,
					"sender":	true
				}],
			"sum":	{
				"start":	9.000277,
				"end":	10.000154,
				"seconds":	0.99987697601318359,
				"bytes":	12222897,
				"bits_per_second":	97795207.1562759,
				"omitted":	false,
				"sender":	true
			}
		}],
	"end":	{
		"streams":	[{
				"sender":	{
					"socket":	7,
					"start":	0,
					"end":	10.000154,
					"seconds":	10.000154,
					"bytes":	92738626,
					"bits_per_second":	74189758.277722523,
					"sender":	true
				},
				"receiver":	{
					"socket":	7,
					"start":	0,
					"end":	10.175019,
					"seconds":	10.000154,
					"bytes":	92738626,
					"bits_per_second":	72914754.0658155,
					"sender":	true
				}
			}],
		"sum_sent":	{
			"start":	0,
			"end":	10.000154,
			"seconds":	10.000154,
			"bytes":	92738626,
			"bits_per_second":	74189758.277722523,
			"sender":	true
		},
		"sum_received":	{
			"start":	0,
			"end":	10.175019,
			"seconds":	10.175019,
			"bytes":	92738626,
			"bits_per_second":	72914754.0658155,
			"sender":	true
		},
		"cpu_utilization_percent":	{
			"host_total":	7.6932881903363146,
			"host_user":	1.2051579997231827,
			"host_system":	6.4880290281181159,
			"remote_total":	2.1789175305882384,
			"remote_user":	0.2547332100517733,
			"remote_system":	1.9241760540036057
		},
		"receiver_tcp_congestion":	"cubic"
	}
}
