{
	"start":	{
		"connected":	[{
				"socket":	7,
				"local_host":	"10.145.69.251",
				"local_port":	63453,
				"remote_host":	"89.84.1.222",
				"remote_port":	5202
			}],
		"version":	"iperf 3.7",
		"system_info":	"Darwin SAMAC135.local 18.0.0 Darwin Kernel Version 18.0.0: Wed Aug 22 20:13:40 PDT 2018; root:xnu-4903.201.2~1/RELEASE_X86_64 x86_64",
		"timestamp":	{
			"time":	"Tue, 10 Mar 2020 14:02:21 UTC",
			"timesecs":	1583848941
		},
		"connecting_to":	{
			"host":	"bouygues.iperf.fr",
			"port":	5202
		},
		"cookie":	"kq7lgt7chf2bngply6cbqohdhrppw2tniqy6",
		"tcp_mss_default":	1367,
		"sock_bufsize":	0,
		"sndbuf_actual":	131072,
		"rcvbuf_actual":	131072,
		"test_start":	{
			"protocol":	"TCP",
			"num_streams":	1,
			"blksize":	131072,
			"omit":	0,
			"duration":	10,
			"bytes":	0,
			"blocks":	0,
			"reverse":	0,
			"tos":	0
		}
	},
	"intervals":	[{
			"streams":	[{
					"socket":	7,
					"start":	0,
					"end":	1.004901,
					"seconds":	1.0049010515213013,
					"bytes":	187279,
					"bits_per_second":	1490924.9002494863,
					"omitted":	false,
					"sender":	true
				}],
			"sum":	{
				"start":	0,
				"end":	1.004901,
				"seconds":	1.0049010515213013,
				"bytes":	187279,
				"bits_per_second":	1490924.9002494863,
				"omitted":	false,
				"sender":	true
			}
		}, {
			"streams":	[{
					"socket":	7,
					"start":	1.004901,
					"end":	2.005102,
					"seconds":	1.0002009868621826,
					"bytes":	2956178,
					"bits_per_second":	23644671.731621325,
					"omitted":	false,
					"sender":	true
				}],
			"sum":	{
				"start":	1.004901,
				"end":	2.005102,
				"seconds":	1.0002009868621826,
				"bytes":	2956178,
				"bits_per_second":	23644671.731621325,
				"omitted":	false,
				"sender":	true
			}
		}, {
			"streams":	[{
					"socket":	7,
					"start":	2.005102,
					"end":	3.000016,
					"seconds":	0.99491399526596069,
					"bytes":	9466447,
					"bits_per_second":	76118716.1506914,
					"omitted":	false,
					"sender":	true
				}],
			"sum":	{
				"start":	2.005102,
				"end":	3.000016,
				"seconds":	0.99491399526596069,
				"bytes":	9466447,
				"bits_per_second":	76118716.1506914,
				"omitted":	false,
				"sender":	true
			}
		}, {
			"streams":	[{
					"socket":	7,
					"start":	3.000016,
					"end":	4.000983,
					"seconds":	1.0009670257568359,
					"bytes":	11720161,
					"bits_per_second":	93670706.014622852,
					"omitted":	false,
					"sender":	true
				}],
			"sum":	{
				"start":	3.000016,
				"end":	4.000983,
				"seconds":	1.0009670257568359,
				"bytes":	11720161,
				"bits_per_second":	93670706.014622852,
				"omitted":	false,
				"sender":	true
			}
		}, {
			"streams":	[{
					"socket":	7,
					"start":	4.000983,
					"end":	5.000106,
					"seconds":	0.9991229772567749,
					"bytes":	12338219,
					"bits_per_second":	98792395.17742829,
					"omitted":	false,
					"sender":	true
				}],
			"sum":	{
				"start":	4.000983,
				"end":	5.000106,
				"seconds":	0.9991229772567749,
				"bytes":	12338219,
				"bits_per_second":	98792395.17742829,
				"omitted":	false,
				"sender":	true
			}
		}, {
			"streams":	[{
					"socket":	7,
					"start":	5.000106,
					"end":	6.000279,
					"seconds":	1.0001729726791382,
					"bytes":	11479743,
					"bits_per_second":	91822061.292054325,
					"omitted":	false,
					"sender":	true
				}],
			"sum":	{
				"start":	5.000106,
				"end":	6.000279,
				"seconds":	1.0001729726791382,
				"bytes":	11479743,
				"bits_per_second":	91822061.292054325,
				"omitted":	false,
				"sender":	true
			}
		}, {
			"streams":	[{
					"socket":	7,
					"start":	6.000279,
					"end":	7.000084,
					"seconds":	0.99980497360229492,
					"bytes":	12075581,
					"bits_per_second":	96623492.1316041,
					"omitted":	false,
					"sender":	true
				}],
			"sum":	{
				"start":	6.000279,
				"end":	7.000084,
				"seconds":	0.99980497360229492,
				"bytes":	12075581,
				"bits_per_second":	96623492.1316041,
				"omitted":	false,
				"sender":	true
			}
		}, {
			"streams":	[{
					"socket":	7,
					"start":	7.000084,
					"end":	8.000893,
					"seconds":	1.0008089542388916,
					"bytes":	11431898,
					"bits_per_second":	91381260.74176769,
					"omitted":	false,
					"sender":	true
				}],
			"sum":	{
				"start":	7.000084,
				"end":	8.000893,
				"seconds":	1.0008089542388916,
				"bytes":	11431898,
				"bits_per_second":	91381260.74176769,
				"omitted":	false,
				"sender":	true
			}
		}, {
			"streams":	[{
					"socket":	7,
					"start":	8.000893,
					"end":	9.000342,
					"seconds":	0.99944901466369629,
					"bytes":	1149567,
					"bits_per_second":	9201605.9499488659,
					"omitted":	false,
					"sender":	true
				}],
			"sum":	{
				"start":	8.000893,
				"end":	9.000342,
				"seconds":	0.99944901466369629,
				"bytes":	1149567,
				"bits_per_second":	9201605.9499488659,
				"omitted":	false,
				"sender":	true
			}
		}, {
			"streams":	[{
					"socket":	7,
					"start":	9.000342,
					"end":	10.000384,
					"seconds":	1.0000419616699219,
					"bytes":	2361146,
					"bits_per_second":	18888375.412225593,
					"omitted":	false,
					"sender":	true
				}],
			"sum":	{
				"start":	9.000342,
				"end":	10.000384,
				"seconds":	1.0000419616699219,
				"bytes":	2361146,
				"bits_per_second":	18888375.412225593,
				"omitted":	false,
				"sender":	true
			}
		}],
	"end":	{
		"streams":	[{
				"sender":	{
					"socket":	7,
					"start":	0,
					"end":	10.000384,
					"seconds":	10.000384,
					"bytes":	75166219,
					"bits_per_second":	60130666.182418592,
					"sender":	true
				},
				"receiver":	{
					"socket":	7,
					"start":	0,
					"end":	10.172853,
					"seconds":	10.000384,
					"bytes":	74326544,
					"bits_per_second":	58450893.962588467,
					"sender":	true
				}
			}],
		"sum_sent":	{
			"start":	0,
			"end":	10.000384,
			"seconds":	10.000384,
			"bytes":	75166219,
			"bits_per_second":	60130666.182418592,
			"sender":	true
		},
		"sum_received":	{
			"start":	0,
			"end":	10.172853,
			"seconds":	10.172853,
			"bytes":	74326544,
			"bits_per_second":	58450893.962588467,
			"sender":	true
		},
		"cpu_utilization_percent":	{
			"host_total":	7.229099934928934,
			"host_user":	1.224156889825788,
			"host_system":	6.004630159200949,
			"remote_total":	1.5495749633058724,
			"remote_user":	0.39441381053600832,
			"remote_system":	1.1551528841365195
		},
		"receiver_tcp_congestion":	"cubic"
	}
}
