{
	"start":	{
		"connected":	[{
				"socket":	7,
				"local_host":	"10.145.69.251",
				"local_port":	63756,
				"remote_host":	"89.84.1.222",
				"remote_port":	5202
			}],
		"version":	"iperf 3.7",
		"system_info":	"Darwin SAMAC135.local 18.0.0 Darwin Kernel Version 18.0.0: Wed Aug 22 20:13:40 PDT 2018; root:xnu-4903.201.2~1/RELEASE_X86_64 x86_64",
		"timestamp":	{
			"time":	"Tue, 10 Mar 2020 14:13:05 UTC",
			"timesecs":	1583849585
		},
		"connecting_to":	{
			"host":	"bouygues.iperf.fr",
			"port":	5202
		},
		"cookie":	"dzbtsxh4lv3elxuqba7tynjuhuwb5h4zqdsc",
		"tcp_mss_default":	1367,
		"sock_bufsize":	0,
		"sndbuf_actual":	131072,
		"rcvbuf_actual":	131072,
		"test_start":	{
			"protocol":	"TCP",
			"num_streams":	1,
			"blksize":	131072,
			"omit":	0,
			"duration":	10,
			"bytes":	0,
			"blocks":	0,
			"reverse":	0,
			"tos":	0
		}
	},
	"intervals":	[{
			"streams":	[{
					"socket":	7,
					"start":	0,
					"end":	1.003482,
					"seconds":	1.0034819841384888,
					"bytes":	190013,
					"bits_per_second":	1514829.3880981256,
					"omitted":	false,
					"sender":	true
				}],
			"sum":	{
				"start":	0,
				"end":	1.003482,
				"seconds":	1.0034819841384888,
				"bytes":	190013,
				"bits_per_second":	1514829.3880981256,
				"omitted":	false,
				"sender":	true
			}
		}, {
			"streams":	[{
					"socket":	7,
					"start":	1.003482,
					"end":	2.004514,
					"seconds":	1.0010319948196411,
					"bytes":	2456286,
					"bits_per_second":	19630029.91082263,
					"omitted":	false,
					"sender":	true
				}],
			"sum":	{
				"start":	1.003482,
				"end":	2.004514,
				"seconds":	1.0010319948196411,
				"bytes":	2456286,
				"bits_per_second":	19630029.91082263,
				"omitted":	false,
				"sender":	true
			}
		}, {
			"streams":	[{
					"socket":	7,
					"start":	2.004514,
					"end":	3.00023,
					"seconds":	0.99571597576141357,
					"bytes":	8968255,
					"bits_per_second":	72054724.184912831,
					"omitted":	false,
					"sender":	true
				}],
			"sum":	{
				"start":	2.004514,
				"end":	3.00023,
				"seconds":	0.99571597576141357,
				"bytes":	8968255,
				"bits_per_second":	72054724.184912831,
				"omitted":	false,
				"sender":	true
			}
		}, {
			"streams":	[{
					"socket":	7,
					"start":	3.00023,
					"end":	4.000153,
					"seconds":	0.9999229907989502,
					"bytes":	11472734,
					"bits_per_second":	91788940.592980281,
					"omitted":	false,
					"sender":	true
				}],
			"sum":	{
				"start":	3.00023,
				"end":	4.000153,
				"seconds":	0.9999229907989502,
				"bytes":	11472734,
				"bits_per_second":	91788940.592980281,
				"omitted":	false,
				"sender":	true
			}
		}, {
			"streams":	[{
					"socket":	7,
					"start":	4.000153,
					"end":	5.001313,
					"seconds":	1.0011600255966187,
					"bytes":	12533540,
					"bits_per_second":	100152140.95293844,
					"omitted":	false,
					"sender":	true
				}],
			"sum":	{
				"start":	4.000153,
				"end":	5.001313,
				"seconds":	1.0011600255966187,
				"bytes":	12533540,
				"bits_per_second":	100152140.95293844,
				"omitted":	false,
				"sender":	true
			}
		}, {
			"streams":	[{
					"socket":	7,
					"start":	5.001313,
					"end":	6.0048,
					"seconds":	1.00348699092865,
					"bytes":	10712842,
					"bits_per_second":	85404929.784579188,
					"omitted":	false,
					"sender":	true
				}],
			"sum":	{
				"start":	5.001313,
				"end":	6.0048,
				"seconds":	1.00348699092865,
				"bytes":	10712842,
				"bits_per_second":	85404929.784579188,
				"omitted":	false,
				"sender":	true
			}
		}, {
			"streams":	[{
					"socket":	7,
					"start":	6.0048,
					"end":	7.000903,
					"seconds":	0.99610298871994019,
					"bytes":	12578811,
					"bits_per_second":	101024180.37046249,
					"omitted":	false,
					"sender":	true
				}],
			"sum":	{
				"start":	6.0048,
				"end":	7.000903,
				"seconds":	0.99610298871994019,
				"bytes":	12578811,
				"bits_per_second":	101024180.37046249,
				"omitted":	false,
				"sender":	true
			}
		}, {
			"streams":	[{
					"socket":	7,
					"start":	7.000903,
					"end":	8.000166,
					"seconds":	0.99926298856735229,
					"bytes":	11375037,
					"bits_per_second":	91067413.725057021,
					"omitted":	false,
					"sender":	true
				}],
			"sum":	{
				"start":	7.000903,
				"end":	8.000166,
				"seconds":	0.99926298856735229,
				"bytes":	11375037,
				"bits_per_second":	91067413.725057021,
				"omitted":	false,
				"sender":	true
			}
		}, {
			"streams":	[{
					"socket":	7,
					"start":	8.000166,
					"end":	9.000062,
					"seconds":	0.99989598989486694,
					"bytes":	11834436,
					"bits_per_second":	94685336.231776029,
					"omitted":	false,
					"sender":	true
				}],
			"sum":	{
				"start":	8.000166,
				"end":	9.000062,
				"seconds":	0.99989598989486694,
				"bytes":	11834436,
				"bits_per_second":	94685336.231776029,
				"omitted":	false,
				"sender":	true
			}
		}, {
			"streams":	[{
					"socket":	7,
					"start":	9.000062,
					"end":	10.00057,
					"seconds":	1.0005079507827759,
					"bytes":	12282172,
					"bits_per_second":	98207491.427854761,
					"omitted":	false,
					"sender":	true
				}],
			"sum":	{
				"start":	9.000062,
				"end":	10.00057,
				"seconds":	1.0005079507827759,
				"bytes":	12282172,
				"bits_per_second":	98207491.427854761,
				"omitted":	false,
				"sender":	true
			}
		}],
	"end":	{
		"streams":	[{
				"sender":	{
					"socket":	7,
					"start":	0,
					"end":	10.00057,
					"seconds":	10.00057,
					"bytes":	94404126,
					"bits_per_second":	75518996.217215627,
					"sender":	true
				},
				"receiver":	{
					"socket":	7,
					"start":	0,
					"end":	10.174827,
					"seconds":	10.00057,
					"bytes":	94404126,
					"bits_per_second":	74225636.268803388,
					"sender":	true
				}
			}],
		"sum_sent":	{
			"start":	0,
			"end":	10.00057,
			"seconds":	10.00057,
			"bytes":	94404126,
			"bits_per_second":	75518996.217215627,
			"sender":	true
		},
		"sum_received":	{
			"start":	0,
			"end":	10.174827,
			"seconds":	10.174827,
			"bytes":	94404126,
			"bits_per_second":	74225636.268803388,
			"sender":	true
		},
		"cpu_utilization_percent":	{
			"host_total":	7.9814855702067593,
			"host_user":	1.2284879320924054,
			"host_system":	6.7529148069144913,
			"remote_total":	2.3702809361495523,
			"remote_user":	0.32887839197442464,
			"remote_system":	2.0414108126450703
		},
		"receiver_tcp_congestion":	"cubic"
	}
}
