{
	"start":	{
		"connected":	[{
				"socket":	7,
				"local_host":	"10.145.69.251",
				"local_port":	63734,
				"remote_host":	"89.84.1.222",
				"remote_port":	5202
			}],
		"version":	"iperf 3.7",
		"system_info":	"Darwin SAMAC135.local 18.0.0 Darwin Kernel Version 18.0.0: Wed Aug 22 20:13:40 PDT 2018; root:xnu-4903.201.2~1/RELEASE_X86_64 x86_64",
		"timestamp":	{
			"time":	"Tue, 10 Mar 2020 14:12:14 UTC",
			"timesecs":	1583849534
		},
		"connecting_to":	{
			"host":	"bouygues.iperf.fr",
			"port":	5202
		},
		"cookie":	"rq5s5tocyo2ta7us4tlfam3hd5jbfguasacy",
		"tcp_mss_default":	1367,
		"sock_bufsize":	0,
		"sndbuf_actual":	131072,
		"rcvbuf_actual":	131072,
		"test_start":	{
			"protocol":	"TCP",
			"num_streams":	1,
			"blksize":	131072,
			"omit":	0,
			"duration":	10,
			"bytes":	0,
			"blocks":	0,
			"reverse":	0,
			"tos":	0
		}
	},
	"intervals":	[{
			"streams":	[{
					"socket":	7,
					"start":	0,
					"end":	1.002483,
					"seconds":	1.0024830102920532,
					"bytes":	191380,
					"bits_per_second":	1527247.827924747,
					"omitted":	false,
					"sender":	true
				}],
			"sum":	{
				"start":	0,
				"end":	1.002483,
				"seconds":	1.0024830102920532,
				"bytes":	191380,
				"bits_per_second":	1527247.827924747,
				"omitted":	false,
				"sender":	true
			}
		}, {
			"streams":	[{
					"socket":	7,
					"start":	1.002483,
					"end":	2.000084,
					"seconds":	0.9976009726524353,
					"bytes":	3497200,
					"bits_per_second":	28044880.435123041,
					"omitted":	false,
					"sender":	true
				}],
			"sum":	{
				"start":	1.002483,
				"end":	2.000084,
				"seconds":	0.9976009726524353,
				"bytes":	3497200,
				"bits_per_second":	28044880.435123041,
				"omitted":	false,
				"sender":	true
			}
		}, {
			"streams":	[{
					"socket":	7,
					"start":	2.000084,
					"end":	3.003457,
					"seconds":	1.0033730268478394,
					"bytes":	9030684,
					"bits_per_second":	72002605.2792786,
					"omitted":	false,
					"sender":	true
				}],
			"sum":	{
				"start":	2.000084,
				"end":	3.003457,
				"seconds":	1.0033730268478394,
				"bytes":	9030684,
				"bits_per_second":	72002605.2792786,
				"omitted":	false,
				"sender":	true
			}
		}, {
			"streams":	[{
					"socket":	7,
					"start":	3.003457,
					"end":	4.000628,
					"seconds":	0.99717098474502563,
					"bytes":	12215189,
					"bits_per_second":	97998751.96427539,
					"omitted":	false,
					"sender":	true
				}],
			"sum":	{
				"start":	3.003457,
				"end":	4.000628,
				"seconds":	0.99717098474502563,
				"bytes":	12215189,
				"bits_per_second":	97998751.96427539,
				"omitted":	false,
				"sender":	true
			}
		}, {
			"streams":	[{
					"socket":	7,
					"start":	4.000628,
					"end":	5.000269,
					"seconds":	0.99964100122451782,
					"bytes":	10979247,
					"bits_per_second":	87865519.613948509,
					"omitted":	false,
					"sender":	true
				}],
			"sum":	{
				"start":	4.000628,
				"end":	5.000269,
				"seconds":	0.99964100122451782,
				"bytes":	10979247,
				"bits_per_second":	87865519.613948509,
				"omitted":	false,
				"sender":	true
			}
		}, {
			"streams":	[{
					"socket":	7,
					"start":	5.000269,
					"end":	6.0012,
					"seconds":	1.0009310245513916,
					"bytes":	11006587,
					"bits_per_second":	87970793.031881928,
					"omitted":	false,
					"sender":	true
				}],
			"sum":	{
				"start":	5.000269,
				"end":	6.0012,
				"seconds":	1.0009310245513916,
				"bytes":	11006587,
				"bits_per_second":	87970793.031881928,
				"omitted":	false,
				"sender":	true
			}
		}, {
			"streams":	[{
					"socket":	7,
					"start":	6.0012,
					"end":	7.000491,
					"seconds":	0.99929100275039673,
					"bytes":	11922237,
					"bits_per_second":	95445566.6442376,
					"omitted":	false,
					"sender":	true
				}],
			"sum":	{
				"start":	6.0012,
				"end":	7.000491,
				"seconds":	0.99929100275039673,
				"bytes":	11922237,
				"bits_per_second":	95445566.6442376,
				"omitted":	false,
				"sender":	true
			}
		}, {
			"streams":	[{
					"socket":	7,
					"start":	7.000491,
					"end":	8.000781,
					"seconds":	1.0002900362014771,
					"bytes":	11153270,
					"bits_per_second":	89200288.687098533,
					"omitted":	false,
					"sender":	true
				}],
			"sum":	{
				"start":	7.000491,
				"end":	8.000781,
				"seconds":	1.0002900362014771,
				"bytes":	11153270,
				"bits_per_second":	89200288.687098533,
				"omitted":	false,
				"sender":	true
			}
		}, {
			"streams":	[{
					"socket":	7,
					"start":	8.000781,
					"end":	9.00019,
					"seconds":	0.999409019947052,
					"bytes":	12012699,
					"bits_per_second":	96158419.707970411,
					"omitted":	false,
					"sender":	true
				}],
			"sum":	{
				"start":	8.000781,
				"end":	9.00019,
				"seconds":	0.999409019947052,
				"bytes":	12012699,
				"bits_per_second":	96158419.707970411,
				"omitted":	false,
				"sender":	true
			}
		}, {
			"streams":	[{
					"socket":	7,
					"start":	9.00019,
					"end":	10.000265,
					"seconds":	1.0000749826431274,
					"bytes":	11248720,
					"bits_per_second":	89983012.835861,
					"omitted":	false,
					"sender":	true
				}],
			"sum":	{
				"start":	9.00019,
				"end":	10.000265,
				"seconds":	1.0000749826431274,
				"bytes":	11248720,
				"bits_per_second":	89983012.835861,
				"omitted":	false,
				"sender":	true
			}
		}],
	"end":	{
		"streams":	[{
				"sender":	{
					"socket":	7,
					"start":	0,
					"end":	10.000265,
					"seconds":	10.000265,
					"bytes":	93257213,
					"bits_per_second":	74603793.3994749,
					"sender":	true
				},
				"receiver":	{
					"socket":	7,
					"start":	0,
					"end":	10.175348,
					"seconds":	10.000265,
					"bytes":	93254479,
					"bits_per_second":	73317967.30686754,
					"sender":	true
				}
			}],
		"sum_sent":	{
			"start":	0,
			"end":	10.000265,
			"seconds":	10.000265,
			"bytes":	93257213,
			"bits_per_second":	74603793.3994749,
			"sender":	true
		},
		"sum_received":	{
			"start":	0,
			"end":	10.175348,
			"seconds":	10.175348,
			"bytes":	93254479,
			"bits_per_second":	73317967.30686754,
			"sender":	true
		},
		"cpu_utilization_percent":	{
			"host_total":	7.8699098357505184,
			"host_user":	1.2195355199547735,
			"host_system":	6.6502639713943168,
			"remote_total":	2.1697458044579347,
			"remote_user":	0.71137783773046215,
			"remote_system":	1.4583679667274727
		},
		"receiver_tcp_congestion":	"cubic"
	}
}
