{
	"start":	{
		"connected":	[{
				"socket":	7,
				"local_host":	"10.145.69.251",
				"local_port":	63585,
				"remote_host":	"89.84.1.222",
				"remote_port":	5202
			}],
		"version":	"iperf 3.7",
		"system_info":	"Darwin SAMAC135.local 18.0.0 Darwin Kernel Version 18.0.0: Wed Aug 22 20:13:40 PDT 2018; root:xnu-4903.201.2~1/RELEASE_X86_64 x86_64",
		"timestamp":	{
			"time":	"Tue, 10 Mar 2020 14:07:18 UTC",
			"timesecs":	1583849238
		},
		"connecting_to":	{
			"host":	"bouygues.iperf.fr",
			"port":	5202
		},
		"cookie":	"v3rxmzmorutq6et3ay5a4nd33com7mvc6fdj",
		"tcp_mss_default":	1367,
		"sock_bufsize":	0,
		"sndbuf_actual":	131072,
		"rcvbuf_actual":	131072,
		"test_start":	{
			"protocol":	"TCP",
			"num_streams":	1,
			"blksize":	131072,
			"omit":	0,
			"duration":	10,
			"bytes":	0,
			"blocks":	0,
			"reverse":	0,
			"tos":	0
		}
	},
	"intervals":	[{
			"streams":	[{
					"socket":	7,
					"start":	0,
					"end":	1.002158,
					"seconds":	1.0021580457687378,
					"bytes":	185912,
					"bits_per_second":	1484093.2588223862,
					"omitted":	false,
					"sender":	true
				}],
			"sum":	{
				"start":	0,
				"end":	1.002158,
				"seconds":	1.0021580457687378,
				"bytes":	185912,
				"bits_per_second":	1484093.2588223862,
				"omitted":	false,
				"sender":	true
			}
		}, {
			"streams":	[{
					"socket":	7,
					"start":	1.002158,
					"end":	2.000319,
					"seconds":	0.99816101789474487,
					"bytes":	2851009,
					"bits_per_second":	22850092.911968525,
					"omitted":	false,
					"sender":	true
				}],
			"sum":	{
				"start":	1.002158,
				"end":	2.000319,
				"seconds":	0.99816101789474487,
				"bytes":	2851009,
				"bits_per_second":	22850092.911968525,
				"omitted":	false,
				"sender":	true
			}
		}, {
			"streams":	[{
					"socket":	7,
					"start":	2.000319,
					"end":	3.005048,
					"seconds":	1.0047290325164795,
					"bytes":	9648168,
					"bits_per_second":	76822050.027437627,
					"omitted":	false,
					"sender":	true
				}],
			"sum":	{
				"start":	2.000319,
				"end":	3.005048,
				"seconds":	1.0047290325164795,
				"bytes":	9648168,
				"bits_per_second":	76822050.027437627,
				"omitted":	false,
				"sender":	true
			}
		}, {
			"streams":	[{
					"socket":	7,
					"start":	3.005048,
					"end":	4.000175,
					"seconds":	0.99512702226638794,
					"bytes":	11202068,
					"bits_per_second":	90055381.8706476,
					"omitted":	false,
					"sender":	true
				}],
			"sum":	{
				"start":	3.005048,
				"end":	4.000175,
				"seconds":	0.99512702226638794,
				"bytes":	11202068,
				"bits_per_second":	90055381.8706476,
				"omitted":	false,
				"sender":	true
			}
		}, {
			"streams":	[{
					"socket":	7,
					"start":	4.000175,
					"end":	5.001583,
					"seconds":	1.0014079809188843,
					"bytes":	11866604,
					"bits_per_second":	94799356.315185711,
					"omitted":	false,
					"sender":	true
				}],
			"sum":	{
				"start":	4.000175,
				"end":	5.001583,
				"seconds":	1.0014079809188843,
				"bytes":	11866604,
				"bits_per_second":	94799356.315185711,
				"omitted":	false,
				"sender":	true
			}
		}, {
			"streams":	[{
					"socket":	7,
					"start":	5.001583,
					"end":	6.000324,
					"seconds":	0.99874097108840942,
					"bytes":	11416687,
					"bits_per_second":	91448632.472207934,
					"omitted":	false,
					"sender":	true
				}],
			"sum":	{
				"start":	5.001583,
				"end":	6.000324,
				"seconds":	0.99874097108840942,
				"bytes":	11416687,
				"bits_per_second":	91448632.472207934,
				"omitted":	false,
				"sender":	true
			}
		}, {
			"streams":	[{
					"socket":	7,
					"start":	6.000324,
					"end":	7.00011,
					"seconds":	0.99978601932525635,
					"bytes":	11729904,
					"bits_per_second":	93859316.079785734,
					"omitted":	false,
					"sender":	true
				}],
			"sum":	{
				"start":	6.000324,
				"end":	7.00011,
				"seconds":	0.99978601932525635,
				"bytes":	11729904,
				"bits_per_second":	93859316.079785734,
				"omitted":	false,
				"sender":	true
			}
		}, {
			"streams":	[{
					"socket":	7,
					"start":	7.00011,
					"end":	8.000093,
					"seconds":	0.999983012676239,
					"bytes":	11766639,
					"bits_per_second":	94134711.096814543,
					"omitted":	false,
					"sender":	true
				}],
			"sum":	{
				"start":	7.00011,
				"end":	8.000093,
				"seconds":	0.999983012676239,
				"bytes":	11766639,
				"bits_per_second":	94134711.096814543,
				"omitted":	false,
				"sender":	true
			}
		}, {
			"streams":	[{
					"socket":	7,
					"start":	8.000093,
					"end":	9.000266,
					"seconds":	1.0001729726791382,
					"bytes":	11572699,
					"bits_per_second":	92565580.6835132,
					"omitted":	false,
					"sender":	true
				}],
			"sum":	{
				"start":	8.000093,
				"end":	9.000266,
				"seconds":	1.0001729726791382,
				"bytes":	11572699,
				"bits_per_second":	92565580.6835132,
				"omitted":	false,
				"sender":	true
			}
		}, {
			"streams":	[{
					"socket":	7,
					"start":	9.000266,
					"end":	10.000509,
					"seconds":	1.0002429485321045,
					"bytes":	11684619,
					"bits_per_second":	93454247.4277685,
					"omitted":	false,
					"sender":	true
				}],
			"sum":	{
				"start":	9.000266,
				"end":	10.000509,
				"seconds":	1.0002429485321045,
				"bytes":	11684619,
				"bits_per_second":	93454247.4277685,
				"omitted":	false,
				"sender":	true
			}
		}],
	"end":	{
		"streams":	[{
				"sender":	{
					"socket":	7,
					"start":	0,
					"end":	10.000509,
					"seconds":	10.000509,
					"bytes":	93924309,
					"bits_per_second":	75135622.796799645,
					"sender":	true
				},
				"receiver":	{
					"socket":	7,
					"start":	0,
					"end":	10.173387,
					"seconds":	10.000509,
					"bytes":	93924309,
					"bits_per_second":	73858831.085458562,
					"sender":	true
				}
			}],
		"sum_sent":	{
			"start":	0,
			"end":	10.000509,
			"seconds":	10.000509,
			"bytes":	93924309,
			"bits_per_second":	75135622.796799645,
			"sender":	true
		},
		"sum_received":	{
			"start":	0,
			"end":	10.173387,
			"seconds":	10.173387,
			"bytes":	93924309,
			"bits_per_second":	73858831.085458562,
			"sender":	true
		},
		"cpu_utilization_percent":	{
			"host_total":	8.1190005412274768,
			"host_user":	1.2652146104389514,
			"host_system":	6.8536664139344881,
			"remote_total":	2.1874248315959197,
			"remote_user":	0.32881360946085492,
			"remote_system":	1.8586194852368529
		},
		"receiver_tcp_congestion":	"cubic"
	}
}
