{
	"start":	{
		"connected":	[{
				"socket":	7,
				"local_host":	"10.145.64.217",
				"local_port":	58979,
				"remote_host":	"62.210.18.40",
				"remote_port":	5208
			}],
		"version":	"iperf 3.7",
		"system_info":	"Darwin SAMAC135.local 18.0.0 Darwin Kernel Version 18.0.0: Wed Aug 22 20:13:40 PDT 2018; root:xnu-4903.201.2~1/RELEASE_X86_64 x86_64",
		"timestamp":	{
			"time":	"Wed, 11 Mar 2020 16:10:12 UTC",
			"timesecs":	1583943012
		},
		"connecting_to":	{
			"host":	"ping.online.net",
			"port":	5208
		},
		"cookie":	"rpwds5n26ivq4pptqxc6vza4cwazdcbism6v",
		"tcp_mss_default":	1367,
		"sock_bufsize":	0,
		"sndbuf_actual":	131072,
		"rcvbuf_actual":	131072,
		"test_start":	{
			"protocol":	"TCP",
			"num_streams":	1,
			"blksize":	131072,
			"omit":	0,
			"duration":	10,
			"bytes":	0,
			"blocks":	0,
			"reverse":	0,
			"tos":	0
		}
	},
	"intervals":	[{
			"streams":	[{
					"socket":	7,
					"start":	0,
					"end":	1.001489,
					"seconds":	1.0014890432357788,
					"bytes":	191380,
					"bits_per_second":	1528763.6048950262,
					"omitted":	false,
					"sender":	true
				}],
			"sum":	{
				"start":	0,
				"end":	1.001489,
				"seconds":	1.0014890432357788,
				"bytes":	191380,
				"bits_per_second":	1528763.6048950262,
				"omitted":	false,
				"sender":	true
			}
		}, {
			"streams":	[{
					"socket":	7,
					"start":	1.001489,
					"end":	2.00407,
					"seconds":	1.002581000328064,
					"bytes":	3025685,
					"bits_per_second":	24143166.479396176,
					"omitted":	false,
					"sender":	true
				}],
			"sum":	{
				"start":	1.001489,
				"end":	2.00407,
				"seconds":	1.002581000328064,
				"bytes":	3025685,
				"bits_per_second":	24143166.479396176,
				"omitted":	false,
				"sender":	true
			}
		}, {
			"streams":	[{
					"socket":	7,
					"start":	2.00407,
					"end":	3.000022,
					"seconds":	0.99595201015472412,
					"bytes":	3329805,
					"bits_per_second":	26746710.412142888,
					"omitted":	false,
					"sender":	true
				}],
			"sum":	{
				"start":	2.00407,
				"end":	3.000022,
				"seconds":	0.99595201015472412,
				"bytes":	3329805,
				"bits_per_second":	26746710.412142888,
				"omitted":	false,
				"sender":	true
			}
		}, {
			"streams":	[{
					"socket":	7,
					"start":	3.000022,
					"end":	4.00041,
					"seconds":	1.0003880262374878,
					"bytes":	4222543,
					"bits_per_second":	33767241.424359761,
					"omitted":	false,
					"sender":	true
				}],
			"sum":	{
				"start":	3.000022,
				"end":	4.00041,
				"seconds":	1.0003880262374878,
				"bytes":	4222543,
				"bits_per_second":	33767241.424359761,
				"omitted":	false,
				"sender":	true
			}
		}, {
			"streams":	[{
					"socket":	7,
					"start":	4.00041,
					"end":	5.001132,
					"seconds":	1.0007220506668091,
					"bytes":	4400233,
					"bits_per_second":	35176464.810127862,
					"omitted":	false,
					"sender":	true
				}],
			"sum":	{
				"start":	4.00041,
				"end":	5.001132,
				"seconds":	1.0007220506668091,
				"bytes":	4400233,
				"bits_per_second":	35176464.810127862,
				"omitted":	false,
				"sender":	true
			}
		}, {
			"streams":	[{
					"socket":	7,
					"start":	5.001132,
					"end":	6.000021,
					"seconds":	0.99888902902603149,
					"bytes":	5224674,
					"bits_per_second":	41843879.335379846,
					"omitted":	false,
					"sender":	true
				}],
			"sum":	{
				"start":	5.001132,
				"end":	6.000021,
				"seconds":	0.99888902902603149,
				"bytes":	5224674,
				"bits_per_second":	41843879.335379846,
				"omitted":	false,
				"sender":	true
			}
		}, {
			"streams":	[{
					"socket":	7,
					"start":	6.000021,
					"end":	7.001234,
					"seconds":	1.0012129545211792,
					"bytes":	4731147,
					"bits_per_second":	37803322.289313585,
					"omitted":	false,
					"sender":	true
				}],
			"sum":	{
				"start":	6.000021,
				"end":	7.001234,
				"seconds":	1.0012129545211792,
				"bytes":	4731147,
				"bits_per_second":	37803322.289313585,
				"omitted":	false,
				"sender":	true
			}
		}, {
			"streams":	[{
					"socket":	7,
					"start":	7.001234,
					"end":	8.002356,
					"seconds":	1.001121997833252,
					"bytes":	4707888,
					"bits_per_second":	37620893.439076357,
					"omitted":	false,
					"sender":	true
				}],
			"sum":	{
				"start":	7.001234,
				"end":	8.002356,
				"seconds":	1.001121997833252,
				"bytes":	4707888,
				"bits_per_second":	37620893.439076357,
				"omitted":	false,
				"sender":	true
			}
		}, {
			"streams":	[{
					"socket":	7,
					"start":	8.002356,
					"end":	9.000177,
					"seconds":	0.99782097339630127,
					"bytes":	5487138,
					"bits_per_second":	43992965.842947394,
					"omitted":	false,
					"sender":	true
				}],
			"sum":	{
				"start":	8.002356,
				"end":	9.000177,
				"seconds":	0.99782097339630127,
				"bytes":	5487138,
				"bits_per_second":	43992965.842947394,
				"omitted":	false,
				"sender":	true
			}
		}, {
			"streams":	[{
					"socket":	7,
					"start":	9.000177,
					"end":	10.005149,
					"seconds":	1.004971981048584,
					"bytes":	4772197,
					"bits_per_second":	37988696.918859035,
					"omitted":	false,
					"sender":	true
				}],
			"sum":	{
				"start":	9.000177,
				"end":	10.005149,
				"seconds":	1.004971981048584,
				"bytes":	4772197,
				"bits_per_second":	37988696.918859035,
				"omitted":	false,
				"sender":	true
			}
		}],
	"end":	{
		"streams":	[{
				"sender":	{
					"socket":	7,
					"start":	0,
					"end":	10.005149,
					"seconds":	10.005149,
					"bytes":	40092690,
					"bits_per_second":	32057645.518322617,
					"sender":	true
				},
				"receiver":	{
					"socket":	7,
					"start":	0,
					"end":	10.005149,
					"seconds":	10.005149,
					"bytes":	39118072,
					"bits_per_second":	31278352.376361415,
					"sender":	true
				}
			}],
		"sum_sent":	{
			"start":	0,
			"end":	10.005149,
			"seconds":	10.005149,
			"bytes":	40092690,
			"bits_per_second":	32057645.518322617,
			"sender":	true
		},
		"sum_received":	{
			"start":	0,
			"end":	10.005149,
			"seconds":	10.005149,
			"bytes":	39118072,
			"bits_per_second":	31278352.376361415,
			"sender":	true
		},
		"cpu_utilization_percent":	{
			"host_total":	6.07668209683063,
			"host_user":	1.3281577138118406,
			"host_system":	4.7484697533003866,
			"remote_total":	0.292746,
			"remote_user":	0.052954,
			"remote_system":	0.239793
		}
	}
}
