{
	"start":	{
		"connected":	[{
				"socket":	7,
				"local_host":	"10.145.64.217",
				"local_port":	58918,
				"remote_host":	"62.210.18.40",
				"remote_port":	5208
			}],
		"version":	"iperf 3.7",
		"system_info":	"Darwin SAMAC135.local 18.0.0 Darwin Kernel Version 18.0.0: Wed Aug 22 20:13:40 PDT 2018; root:xnu-4903.201.2~1/RELEASE_X86_64 x86_64",
		"timestamp":	{
			"time":	"Wed, 11 Mar 2020 16:06:40 UTC",
			"timesecs":	1583942800
		},
		"connecting_to":	{
			"host":	"ping.online.net",
			"port":	5208
		},
		"cookie":	"fukkvrq6wos7ewiemql57y2c6dyaelnwpszl",
		"tcp_mss_default":	1367,
		"sock_bufsize":	0,
		"sndbuf_actual":	131072,
		"rcvbuf_actual":	131072,
		"test_start":	{
			"protocol":	"TCP",
			"num_streams":	1,
			"blksize":	131072,
			"omit":	0,
			"duration":	10,
			"bytes":	0,
			"blocks":	0,
			"reverse":	0,
			"tos":	0
		}
	},
	"intervals":	[{
			"streams":	[{
					"socket":	7,
					"start":	0,
					"end":	1.004154,
					"seconds":	1.0041539669036865,
					"bytes":	154471,
					"bits_per_second":	1230655.8961376178,
					"omitted":	false,
					"sender":	true
				}],
			"sum":	{
				"start":	0,
				"end":	1.004154,
				"seconds":	1.0041539669036865,
				"bytes":	154471,
				"bits_per_second":	1230655.8961376178,
				"omitted":	false,
				"sender":	true
			}
		}, {
			"streams":	[{
					"socket":	7,
					"start":	1.004154,
					"end":	2.003359,
					"seconds":	0.99920499324798584,
					"bytes":	1011100,
					"bits_per_second":	8095235.7670939863,
					"omitted":	false,
					"sender":	true
				}],
			"sum":	{
				"start":	1.004154,
				"end":	2.003359,
				"seconds":	0.99920499324798584,
				"bytes":	1011100,
				"bits_per_second":	8095235.7670939863,
				"omitted":	false,
				"sender":	true
			}
		}, {
			"streams":	[{
					"socket":	7,
					"start":	2.003359,
					"end":	3.00358,
					"seconds":	1.0002210140228271,
					"bytes":	2065344,
					"bits_per_second":	16519101.047024108,
					"omitted":	false,
					"sender":	true
				}],
			"sum":	{
				"start":	2.003359,
				"end":	3.00358,
				"seconds":	1.0002210140228271,
				"bytes":	2065344,
				"bits_per_second":	16519101.047024108,
				"omitted":	false,
				"sender":	true
			}
		}, {
			"streams":	[{
					"socket":	7,
					"start":	3.00358,
					"end":	4.004924,
					"seconds":	1.0013439655303955,
					"bytes":	598052,
					"bits_per_second":	4777994.5400337763,
					"omitted":	false,
					"sender":	true
				}],
			"sum":	{
				"start":	3.00358,
				"end":	4.004924,
				"seconds":	1.0013439655303955,
				"bytes":	598052,
				"bits_per_second":	4777994.5400337763,
				"omitted":	false,
				"sender":	true
			}
		}, {
			"streams":	[{
					"socket":	7,
					"start":	4.004924,
					"end":	5.004096,
					"seconds":	0.99917197227478027,
					"bytes":	672414,
					"bits_per_second":	5383769.9107523067,
					"omitted":	false,
					"sender":	true
				}],
			"sum":	{
				"start":	4.004924,
				"end":	5.004096,
				"seconds":	0.99917197227478027,
				"bytes":	672414,
				"bits_per_second":	5383769.9107523067,
				"omitted":	false,
				"sender":	true
			}
		}, {
			"streams":	[{
					"socket":	7,
					"start":	5.004096,
					"end":	6.003376,
					"seconds":	0.99927997589111328,
					"bytes":	1770572,
					"bits_per_second":	14174782.184911354,
					"omitted":	false,
					"sender":	true
				}],
			"sum":	{
				"start":	5.004096,
				"end":	6.003376,
				"seconds":	0.99927997589111328,
				"bytes":	1770572,
				"bits_per_second":	14174782.184911354,
				"omitted":	false,
				"sender":	true
			}
		}, {
			"streams":	[{
					"socket":	7,
					"start":	6.003376,
					"end":	7.003122,
					"seconds":	0.99974602460861206,
					"bytes":	0,
					"bits_per_second":	0,
					"omitted":	false,
					"sender":	true
				}],
			"sum":	{
				"start":	6.003376,
				"end":	7.003122,
				"seconds":	0.99974602460861206,
				"bytes":	0,
				"bits_per_second":	0,
				"omitted":	false,
				"sender":	true
			}
		}, {
			"streams":	[{
					"socket":	7,
					"start":	7.003122,
					"end":	8.003892,
					"seconds":	1.0007699728012085,
					"bytes":	0,
					"bits_per_second":	0,
					"omitted":	false,
					"sender":	true
				}],
			"sum":	{
				"start":	7.003122,
				"end":	8.003892,
				"seconds":	1.0007699728012085,
				"bytes":	0,
				"bits_per_second":	0,
				"omitted":	false,
				"sender":	true
			}
		}, {
			"streams":	[{
					"socket":	7,
					"start":	8.003892,
					"end":	9.003485,
					"seconds":	0.99959301948547363,
					"bytes":	0,
					"bits_per_second":	0,
					"omitted":	false,
					"sender":	true
				}],
			"sum":	{
				"start":	8.003892,
				"end":	9.003485,
				"seconds":	0.99959301948547363,
				"bytes":	0,
				"bits_per_second":	0,
				"omitted":	false,
				"sender":	true
			}
		}, {
			"streams":	[{
					"socket":	7,
					"start":	9.003485,
					"end":	10.000566,
					"seconds":	0.99708098173141479,
					"bytes":	0,
					"bits_per_second":	0,
					"omitted":	false,
					"sender":	true
				}],
			"sum":	{
				"start":	9.003485,
				"end":	10.000566,
				"seconds":	0.99708098173141479,
				"bytes":	0,
				"bits_per_second":	0,
				"omitted":	false,
				"sender":	true
			}
		}],
	"end":	{
		"streams":	[{
				"sender":	{
					"socket":	7,
					"start":	0,
					"end":	10.000566,
					"seconds":	10.000566,
					"bytes":	6271953,
					"bits_per_second":	5017278.4220413128,
					"sender":	true
				},
				"receiver":	{
					"socket":	7,
					"start":	0,
					"end":	10.000566,
					"seconds":	10.000566,
					"bytes":	4379868,
					"bits_per_second":	3503696.0908012609,
					"sender":	true
				}
			}],
		"sum_sent":	{
			"start":	0,
			"end":	10.000566,
			"seconds":	10.000566,
			"bytes":	6271953,
			"bits_per_second":	5017278.4220413128,
			"sender":	true
		},
		"sum_received":	{
			"start":	0,
			"end":	10.000566,
			"seconds":	10.000566,
			"bytes":	4379868,
			"bits_per_second":	3503696.0908012609,
			"sender":	true
		},
		"cpu_utilization_percent":	{
			"host_total":	3.6428245380428006,
			"host_user":	0.89431406085152543,
			"host_system":	2.7484104145884727,
			"remote_total":	0.016707,
			"remote_user":	0.002587,
			"remote_system":	0.01412
		}
	}
}
