{
	"start":	{
		"connected":	[{
				"socket":	7,
				"local_host":	"10.145.64.217",
				"local_port":	59047,
				"remote_host":	"62.210.18.40",
				"remote_port":	5208
			}],
		"version":	"iperf 3.7",
		"system_info":	"Darwin SAMAC135.local 18.0.0 Darwin Kernel Version 18.0.0: Wed Aug 22 20:13:40 PDT 2018; root:xnu-4903.201.2~1/RELEASE_X86_64 x86_64",
		"timestamp":	{
			"time":	"Wed, 11 Mar 2020 16:13:44 UTC",
			"timesecs":	1583943224
		},
		"connecting_to":	{
			"host":	"ping.online.net",
			"port":	5208
		},
		"cookie":	"4wkrz5flidardly2ag7oypekbuos4yiufxrk",
		"tcp_mss_default":	1367,
		"sock_bufsize":	0,
		"sndbuf_actual":	131072,
		"rcvbuf_actual":	131072,
		"test_start":	{
			"protocol":	"TCP",
			"num_streams":	1,
			"blksize":	131072,
			"omit":	0,
			"duration":	10,
			"bytes":	0,
			"blocks":	0,
			"reverse":	0,
			"tos":	0
		}
	},
	"intervals":	[{
			"streams":	[{
					"socket":	7,
					"start":	0,
					"end":	1.004287,
					"seconds":	1.0042870044708252,
					"bytes":	183178,
					"bits_per_second":	1459168.5379541032,
					"omitted":	false,
					"sender":	true
				}],
			"sum":	{
				"start":	0,
				"end":	1.004287,
				"seconds":	1.0042870044708252,
				"bytes":	183178,
				"bits_per_second":	1459168.5379541032,
				"omitted":	false,
				"sender":	true
			}
		}, {
			"streams":	[{
					"socket":	7,
					"start":	1.004287,
					"end":	2.00406,
					"seconds":	0.99977302551269531,
					"bytes":	2484793,
					"bits_per_second":	19882856.901251312,
					"omitted":	false,
					"sender":	true
				}],
			"sum":	{
				"start":	1.004287,
				"end":	2.00406,
				"seconds":	0.99977302551269531,
				"bytes":	2484793,
				"bits_per_second":	19882856.901251312,
				"omitted":	false,
				"sender":	true
			}
		}, {
			"streams":	[{
					"socket":	7,
					"start":	2.00406,
					"end":	3.003538,
					"seconds":	0.99947798252105713,
					"bytes":	962955,
					"bits_per_second":	7707663.5350871263,
					"omitted":	false,
					"sender":	true
				}],
			"sum":	{
				"start":	2.00406,
				"end":	3.003538,
				"seconds":	0.99947798252105713,
				"bytes":	962955,
				"bits_per_second":	7707663.5350871263,
				"omitted":	false,
				"sender":	true
			}
		}, {
			"streams":	[{
					"socket":	7,
					"start":	3.003538,
					"end":	4.00085,
					"seconds":	0.99731200933456421,
					"bytes":	0,
					"bits_per_second":	0,
					"omitted":	false,
					"sender":	true
				}],
			"sum":	{
				"start":	3.003538,
				"end":	4.00085,
				"seconds":	0.99731200933456421,
				"bytes":	0,
				"bits_per_second":	0,
				"omitted":	false,
				"sender":	true
			}
		}, {
			"streams":	[{
					"socket":	7,
					"start":	4.00085,
					"end":	5.003766,
					"seconds":	1.0029159784317017,
					"bytes":	0,
					"bits_per_second":	0,
					"omitted":	false,
					"sender":	true
				}],
			"sum":	{
				"start":	4.00085,
				"end":	5.003766,
				"seconds":	1.0029159784317017,
				"bytes":	0,
				"bits_per_second":	0,
				"omitted":	false,
				"sender":	true
			}
		}, {
			"streams":	[{
					"socket":	7,
					"start":	5.003766,
					"end":	6.001165,
					"seconds":	0.9973989725112915,
					"bytes":	0,
					"bits_per_second":	0,
					"omitted":	false,
					"sender":	true
				}],
			"sum":	{
				"start":	5.003766,
				"end":	6.001165,
				"seconds":	0.9973989725112915,
				"bytes":	0,
				"bits_per_second":	0,
				"omitted":	false,
				"sender":	true
			}
		}, {
			"streams":	[{
					"socket":	7,
					"start":	6.001165,
					"end":	7.003689,
					"seconds":	1.0025240182876587,
					"bytes":	0,
					"bits_per_second":	0,
					"omitted":	false,
					"sender":	true
				}],
			"sum":	{
				"start":	6.001165,
				"end":	7.003689,
				"seconds":	1.0025240182876587,
				"bytes":	0,
				"bits_per_second":	0,
				"omitted":	false,
				"sender":	true
			}
		}, {
			"streams":	[{
					"socket":	7,
					"start":	7.003689,
					"end":	8.004275,
					"seconds":	1.0005860328674316,
					"bytes":	0,
					"bits_per_second":	0,
					"omitted":	false,
					"sender":	true
				}],
			"sum":	{
				"start":	7.003689,
				"end":	8.004275,
				"seconds":	1.0005860328674316,
				"bytes":	0,
				"bits_per_second":	0,
				"omitted":	false,
				"sender":	true
			}
		}, {
			"streams":	[{
					"socket":	7,
					"start":	8.004275,
					"end":	9.004334,
					"seconds":	1.0000590085983276,
					"bytes":	110393,
					"bits_per_second":	883091.88998537743,
					"omitted":	false,
					"sender":	true
				}],
			"sum":	{
				"start":	8.004275,
				"end":	9.004334,
				"seconds":	1.0000590085983276,
				"bytes":	110393,
				"bits_per_second":	883091.88998537743,
				"omitted":	false,
				"sender":	true
			}
		}, {
			"streams":	[{
					"socket":	7,
					"start":	9.004334,
					"end":	10.00322,
					"seconds":	0.998885989189148,
					"bytes":	66983,
					"bits_per_second":	536461.62404879765,
					"omitted":	false,
					"sender":	true
				}],
			"sum":	{
				"start":	9.004334,
				"end":	10.00322,
				"seconds":	0.998885989189148,
				"bytes":	66983,
				"bits_per_second":	536461.62404879765,
				"omitted":	false,
				"sender":	true
			}
		}],
	"end":	{
		"streams":	[{
				"sender":	{
					"socket":	7,
					"start":	0,
					"end":	10.00322,
					"seconds":	10.00322,
					"bytes":	3808302,
					"bits_per_second":	3045660.8971911045,
					"sender":	true
				},
				"receiver":	{
					"socket":	7,
					"start":	0,
					"end":	10.00322,
					"seconds":	10.00322,
					"bytes":	3695001,
					"bits_per_second":	2955049.2741337288,
					"sender":	true
				}
			}],
		"sum_sent":	{
			"start":	0,
			"end":	10.00322,
			"seconds":	10.00322,
			"bytes":	3808302,
			"bits_per_second":	3045660.8971911045,
			"sender":	true
		},
		"sum_received":	{
			"start":	0,
			"end":	10.00322,
			"seconds":	10.00322,
			"bytes":	3695001,
			"bits_per_second":	2955049.2741337288,
			"sender":	true
		},
		"cpu_utilization_percent":	{
			"host_total":	3.5980824998778846,
			"host_user":	0.91242348223603553,
			"host_system":	2.6855680563639739,
			"remote_total":	0.05584,
			"remote_user":	0.015704,
			"remote_system":	0.040145
		}
	}
}
