{
	"start":	{
		"connected":	[{
				"socket":	7,
				"local_host":	"10.145.64.217",
				"local_port":	58819,
				"remote_host":	"62.210.18.40",
				"remote_port":	5208
			}],
		"version":	"iperf 3.7",
		"system_info":	"Darwin SAMAC135.local 18.0.0 Darwin Kernel Version 18.0.0: Wed Aug 22 20:13:40 PDT 2018; root:xnu-4903.201.2~1/RELEASE_X86_64 x86_64",
		"timestamp":	{
			"time":	"Wed, 11 Mar 2020 16:03:08 UTC",
			"timesecs":	1583942588
		},
		"connecting_to":	{
			"host":	"ping.online.net",
			"port":	5208
		},
		"cookie":	"aqtiyf3f7nbyuj3zo4yqbwgmk6js3w4m2gxh",
		"tcp_mss_default":	1367,
		"sock_bufsize":	0,
		"sndbuf_actual":	131072,
		"rcvbuf_actual":	131072,
		"test_start":	{
			"protocol":	"TCP",
			"num_streams":	1,
			"blksize":	131072,
			"omit":	0,
			"duration":	10,
			"bytes":	0,
			"blocks":	0,
			"reverse":	0,
			"tos":	0
		}
	},
	"intervals":	[{
			"streams":	[{
					"socket":	7,
					"start":	0,
					"end":	1.004543,
					"seconds":	1.0045429468154907,
					"bytes":	188646,
					"bits_per_second":	1502342.9359433809,
					"omitted":	false,
					"sender":	true
				}],
			"sum":	{
				"start":	0,
				"end":	1.004543,
				"seconds":	1.0045429468154907,
				"bytes":	188646,
				"bits_per_second":	1502342.9359433809,
				"omitted":	false,
				"sender":	true
			}
		}, {
			"streams":	[{
					"socket":	7,
					"start":	1.004543,
					"end":	2.00302,
					"seconds":	0.99847698211669922,
					"bytes":	2889025,
					"bits_per_second":	23147453.986374129,
					"omitted":	false,
					"sender":	true
				}],
			"sum":	{
				"start":	1.004543,
				"end":	2.00302,
				"seconds":	0.99847698211669922,
				"bytes":	2889025,
				"bits_per_second":	23147453.986374129,
				"omitted":	false,
				"sender":	true
			}
		}, {
			"streams":	[{
					"socket":	7,
					"start":	2.00302,
					"end":	3.003044,
					"seconds":	1.0000239610671997,
					"bytes":	0,
					"bits_per_second":	0,
					"omitted":	false,
					"sender":	true
				}],
			"sum":	{
				"start":	2.00302,
				"end":	3.003044,
				"seconds":	1.0000239610671997,
				"bytes":	0,
				"bits_per_second":	0,
				"omitted":	false,
				"sender":	true
			}
		}, {
			"streams":	[{
					"socket":	7,
					"start":	3.003044,
					"end":	4.000604,
					"seconds":	0.99756002426147461,
					"bytes":	0,
					"bits_per_second":	0,
					"omitted":	false,
					"sender":	true
				}],
			"sum":	{
				"start":	3.003044,
				"end":	4.000604,
				"seconds":	0.99756002426147461,
				"bytes":	0,
				"bits_per_second":	0,
				"omitted":	false,
				"sender":	true
			}
		}, {
			"streams":	[{
					"socket":	7,
					"start":	4.000604,
					"end":	5.002717,
					"seconds":	1.0021129846572876,
					"bytes":	0,
					"bits_per_second":	0,
					"omitted":	false,
					"sender":	true
				}],
			"sum":	{
				"start":	4.000604,
				"end":	5.002717,
				"seconds":	1.0021129846572876,
				"bytes":	0,
				"bits_per_second":	0,
				"omitted":	false,
				"sender":	true
			}
		}, {
			"streams":	[{
					"socket":	7,
					"start":	5.002717,
					"end":	6.002992,
					"seconds":	1.0002750158309937,
					"bytes":	3387,
					"bits_per_second":	27088.550219850873,
					"omitted":	false,
					"sender":	true
				}],
			"sum":	{
				"start":	5.002717,
				"end":	6.002992,
				"seconds":	1.0002750158309937,
				"bytes":	3387,
				"bits_per_second":	27088.550219850873,
				"omitted":	false,
				"sender":	true
			}
		}, {
			"streams":	[{
					"socket":	7,
					"start":	6.002992,
					"end":	7.004943,
					"seconds":	1.0019509792327881,
					"bytes":	184545,
					"bits_per_second":	1473485.26085625,
					"omitted":	false,
					"sender":	true
				}],
			"sum":	{
				"start":	6.002992,
				"end":	7.004943,
				"seconds":	1.0019509792327881,
				"bytes":	184545,
				"bits_per_second":	1473485.26085625,
				"omitted":	false,
				"sender":	true
			}
		}, {
			"streams":	[{
					"socket":	7,
					"start":	7.004943,
					"end":	8.004481,
					"seconds":	0.999538004398346,
					"bytes":	400451,
					"bits_per_second":	3205088.7368993582,
					"omitted":	false,
					"sender":	true
				}],
			"sum":	{
				"start":	7.004943,
				"end":	8.004481,
				"seconds":	0.999538004398346,
				"bytes":	400451,
				"bits_per_second":	3205088.7368993582,
				"omitted":	false,
				"sender":	true
			}
		}, {
			"streams":	[{
					"socket":	7,
					"start":	8.004481,
					"end":	9.004172,
					"seconds":	0.99969100952148438,
					"bytes":	676525,
					"bits_per_second":	5413872.8351579579,
					"omitted":	false,
					"sender":	true
				}],
			"sum":	{
				"start":	8.004481,
				"end":	9.004172,
				"seconds":	0.99969100952148438,
				"bytes":	676525,
				"bits_per_second":	5413872.8351579579,
				"omitted":	false,
				"sender":	true
			}
		}, {
			"streams":	[{
					"socket":	7,
					"start":	9.004172,
					"end":	10.00448,
					"seconds":	1.0003080368041992,
					"bytes":	1023703,
					"bits_per_second":	8187102.0712423213,
					"omitted":	false,
					"sender":	true
				}],
			"sum":	{
				"start":	9.004172,
				"end":	10.00448,
				"seconds":	1.0003080368041992,
				"bytes":	1023703,
				"bits_per_second":	8187102.0712423213,
				"omitted":	false,
				"sender":	true
			}
		}],
	"end":	{
		"streams":	[{
				"sender":	{
					"socket":	7,
					"start":	0,
					"end":	10.00448,
					"seconds":	10.00448,
					"bytes":	5366282,
					"bits_per_second":	4291103.1857727738,
					"sender":	true
				},
				"receiver":	{
					"socket":	7,
					"start":	0,
					"end":	10.00448,
					"seconds":	10.00448,
					"bytes":	5128984,
					"bits_per_second":	4101349.7952917097,
					"sender":	true
				}
			}],
		"sum_sent":	{
			"start":	0,
			"end":	10.00448,
			"seconds":	10.00448,
			"bytes":	5366282,
			"bits_per_second":	4291103.1857727738,
			"sender":	true
		},
		"sum_received":	{
			"start":	0,
			"end":	10.00448,
			"seconds":	10.00448,
			"bytes":	5128984,
			"bits_per_second":	4101349.7952917097,
			"sender":	true
		},
		"cpu_utilization_percent":	{
			"host_total":	3.6436119985700288,
			"host_user":	0.89124590854779107,
			"host_system":	2.7522568207260543,
			"remote_total":	0.053828,
			"remote_user":	0.016798,
			"remote_system":	0.03703
		}
	}
}
