{
	"start":	{
		"connected":	[{
				"socket":	7,
				"local_host":	"10.145.64.217",
				"local_port":	54829,
				"remote_host":	"89.84.1.222",
				"remote_port":	5202
			}],
		"version":	"iperf 3.7",
		"system_info":	"Darwin SAMAC135.local 18.0.0 Darwin Kernel Version 18.0.0: Wed Aug 22 20:13:40 PDT 2018; root:xnu-4903.201.2~1/RELEASE_X86_64 x86_64",
		"timestamp":	{
			"time":	"Wed, 11 Mar 2020 12:28:21 UTC",
			"timesecs":	1583929701
		},
		"connecting_to":	{
			"host":	"bouygues.iperf.fr",
			"port":	5202
		},
		"cookie":	"ytxnshi6rvjznxln3hjowu4axol7g3tvhvao",
		"tcp_mss_default":	1367,
		"sock_bufsize":	0,
		"sndbuf_actual":	131072,
		"rcvbuf_actual":	131072,
		"test_start":	{
			"protocol":	"TCP",
			"num_streams":	1,
			"blksize":	131072,
			"omit":	0,
			"duration":	10,
			"bytes":	0,
			"blocks":	0,
			"reverse":	0,
			"tos":	0
		}
	},
	"intervals":	[{
			"streams":	[{
					"socket":	7,
					"start":	0,
					"end":	1.002953,
					"seconds":	1.002953052520752,
					"bytes":	180444,
					"bits_per_second":	1439301.6665853676,
					"omitted":	false,
					"sender":	true
				}],
			"sum":	{
				"start":	0,
				"end":	1.002953,
				"seconds":	1.002953052520752,
				"bytes":	180444,
				"bits_per_second":	1439301.6665853676,
				"omitted":	false,
				"sender":	true
			}
		}, {
			"streams":	[{
					"socket":	7,
					"start":	1.002953,
					"end":	2.002666,
					"seconds":	0.99971300363540649,
					"bytes":	2264946,
					"bits_per_second":	18124769.743025344,
					"omitted":	false,
					"sender":	true
				}],
			"sum":	{
				"start":	1.002953,
				"end":	2.002666,
				"seconds":	0.99971300363540649,
				"bytes":	2264946,
				"bits_per_second":	18124769.743025344,
				"omitted":	false,
				"sender":	true
			}
		}, {
			"streams":	[{
					"socket":	7,
					"start":	2.002666,
					"end":	3.003116,
					"seconds":	1.0004500150680542,
					"bytes":	3529767,
					"bits_per_second":	28225434.129339427,
					"omitted":	false,
					"sender":	true
				}],
			"sum":	{
				"start":	2.002666,
				"end":	3.003116,
				"seconds":	1.0004500150680542,
				"bytes":	3529767,
				"bits_per_second":	28225434.129339427,
				"omitted":	false,
				"sender":	true
			}
		}, {
			"streams":	[{
					"socket":	7,
					"start":	3.003116,
					"end":	4.002791,
					"seconds":	0.99967497587203979,
					"bytes":	5391622,
					"bits_per_second":	43146999.815989293,
					"omitted":	false,
					"sender":	true
				}],
			"sum":	{
				"start":	3.003116,
				"end":	4.002791,
				"seconds":	0.99967497587203979,
				"bytes":	5391622,
				"bits_per_second":	43146999.815989293,
				"omitted":	false,
				"sender":	true
			}
		}, {
			"streams":	[{
					"socket":	7,
					"start":	4.002791,
					"end":	5.004597,
					"seconds":	1.0018060207366943,
					"bytes":	297832,
					"bits_per_second":	2378360.6313803894,
					"omitted":	false,
					"sender":	true
				}],
			"sum":	{
				"start":	4.002791,
				"end":	5.004597,
				"seconds":	1.0018060207366943,
				"bytes":	297832,
				"bits_per_second":	2378360.6313803894,
				"omitted":	false,
				"sender":	true
			}
		}, {
			"streams":	[{
					"socket":	7,
					"start":	5.004597,
					"end":	6.003311,
					"seconds":	0.998714029788971,
					"bytes":	4706628,
					"bits_per_second":	37701507.0149321,
					"omitted":	false,
					"sender":	true
				}],
			"sum":	{
				"start":	5.004597,
				"end":	6.003311,
				"seconds":	0.998714029788971,
				"bytes":	4706628,
				"bits_per_second":	37701507.0149321,
				"omitted":	false,
				"sender":	true
			}
		}, {
			"streams":	[{
					"socket":	7,
					"start":	6.003311,
					"end":	7.003782,
					"seconds":	1.0004709959030151,
					"bytes":	6180334,
					"bits_per_second":	49419395.667111307,
					"omitted":	false,
					"sender":	true
				}],
			"sum":	{
				"start":	6.003311,
				"end":	7.003782,
				"seconds":	1.0004709959030151,
				"bytes":	6180334,
				"bits_per_second":	49419395.667111307,
				"omitted":	false,
				"sender":	true
			}
		}, {
			"streams":	[{
					"socket":	7,
					"start":	7.003782,
					"end":	8.003257,
					"seconds":	0.99947500228881836,
					"bytes":	6464543,
					"bits_per_second":	51743509.223911062,
					"omitted":	false,
					"sender":	true
				}],
			"sum":	{
				"start":	7.003782,
				"end":	8.003257,
				"seconds":	0.99947500228881836,
				"bytes":	6464543,
				"bits_per_second":	51743509.223911062,
				"omitted":	false,
				"sender":	true
			}
		}, {
			"streams":	[{
					"socket":	7,
					"start":	8.003257,
					"end":	9.004157,
					"seconds":	1.0009000301361084,
					"bytes":	5703124,
					"bits_per_second":	45583965.057724737,
					"omitted":	false,
					"sender":	true
				}],
			"sum":	{
				"start":	8.003257,
				"end":	9.004157,
				"seconds":	1.0009000301361084,
				"bytes":	5703124,
				"bits_per_second":	45583965.057724737,
				"omitted":	false,
				"sender":	true
			}
		}, {
			"streams":	[{
					"socket":	7,
					"start":	9.004157,
					"end":	10.001503,
					"seconds":	0.99734598398208618,
					"bytes":	6955296,
					"bits_per_second":	55790436.712681867,
					"omitted":	false,
					"sender":	true
				}],
			"sum":	{
				"start":	9.004157,
				"end":	10.001503,
				"seconds":	0.99734598398208618,
				"bytes":	6955296,
				"bits_per_second":	55790436.712681867,
				"omitted":	false,
				"sender":	true
			}
		}],
	"end":	{
		"streams":	[{
				"sender":	{
					"socket":	7,
					"start":	0,
					"end":	10.001503,
					"seconds":	10.001503,
					"bytes":	41674536,
					"bits_per_second":	33334618.606823396,
					"sender":	true
				},
				"receiver":	{
					"socket":	7,
					"start":	0,
					"end":	10.177739,
					"seconds":	10.001503,
					"bytes":	40750270,
					"bits_per_second":	32030901.95179892,
					"sender":	true
				}
			}],
		"sum_sent":	{
			"start":	0,
			"end":	10.001503,
			"seconds":	10.001503,
			"bytes":	41674536,
			"bits_per_second":	33334618.606823396,
			"sender":	true
		},
		"sum_received":	{
			"start":	0,
			"end":	10.177739,
			"seconds":	10.177739,
			"bytes":	40750270,
			"bits_per_second":	32030901.95179892,
			"sender":	true
		},
		"cpu_utilization_percent":	{
			"host_total":	5.2834649380243288,
			"host_user":	1.1679745984312169,
			"host_system":	4.1153984700225461,
			"remote_total":	0.11591950871184623,
			"remote_user":	0.028014242932795478,
			"remote_system":	0.087903989329288446
		},
		"receiver_tcp_congestion":	"cubic"
	}
}
